[03Oct2026 23:11:09.269] [main/INFO] [cpw.mods.modlauncher.Launcher/MODLAUNCHER]: ModLauncher running: args [--launchTarget, forgeclientdev, --version, 21.1.232, --assetIndex, 17, --assetsDir, C:\\Users\\Ctoy\\.mcreator\\gradle\\caches\\neoformruntime\\assets, --gameDir, ., --fml.fmlVersion, 4.0.42, --fml.mcVersion, 1.21.1, --fml.neoForgeVersion, 21.1.232, --fml.neoFormVersion, 20240808.144430]
[03Oct2026 23:11:09.273] [main/INFO] [cpw.mods.modlauncher.Launcher/MODLAUNCHER]: JVM identified as Eclipse Adoptium OpenJDK 64-Bit Server VM 21.0.12.1+1-LTS
[03Oct2026 23:11:09.275] [main/INFO] [cpw.mods.modlauncher.Launcher/MODLAUNCHER]: ModLauncher 11.0.5+main.901c6ea8 starting: java version 21.0.12.1 by Eclipse Adoptium; OS Windows 11 arch amd64 version 10.0
[03Oct2026 23:11:09.304] [main/DEBUG] [cpw.mods.modlauncher.LaunchServiceHandler/MODLAUNCHER]: Found launch services [minecraft,forgeclient,forgedatauserdev,testharness,forgeserverdev,forgeserveruserdev,forgejunitdev,forgeclientdev,forgeclientuserdev,forgeserver,forgejunituserdev,forgedatadev]
[03Oct2026 23:11:09.327] [main/DEBUG] [cpw.mods.modlauncher.LaunchPluginHandler/MODLAUNCHER]: Found launch plugins: [mixin,slf4jfixer,runtime_enum_extender,accesstransformer,runtimedistcleaner]
[03Oct2026 23:11:09.339] [main/DEBUG] [cpw.mods.modlauncher.TransformationServicesHandler/MODLAUNCHER]: Discovering transformation services
[03Oct2026 23:11:09.344] [main/DEBUG] [net.neoforged.fml.loading.FMLPaths/CORE]: Path GAMEDIR is E:\MCreatorWorkspaces\kaleidoscope_snack\run
[03Oct2026 23:11:09.344] [main/DEBUG] [net.neoforged.fml.loading.FMLPaths/CORE]: Path MODSDIR is E:\MCreatorWorkspaces\kaleidoscope_snack\run\mods
[03Oct2026 23:11:09.345] [main/DEBUG] [net.neoforged.fml.loading.FMLPaths/CORE]: Path CONFIGDIR is E:\MCreatorWorkspaces\kaleidoscope_snack\run\config
[03Oct2026 23:11:09.345] [main/DEBUG] [net.neoforged.fml.loading.FMLPaths/CORE]: Path FMLCONFIG is E:\MCreatorWorkspaces\kaleidoscope_snack\run\config\fml.toml
[03Oct2026 23:11:09.404] [main/DEBUG] [net.neoforged.fml.loading.targets.CommonLaunchHandler/CORE]: Got mod coordinates mcreator%%E:\MCreatorWorkspaces\kaleidoscope_snack\build\classes\java\main;mcreator%%E:\MCreatorWorkspaces\kaleidoscope_snack\build\resources\main from env
[03Oct2026 23:11:09.408] [main/DEBUG] [net.neoforged.fml.loading.targets.CommonLaunchHandler/CORE]: Found supplied mod coordinates [{mcreator=[E:\MCreatorWorkspaces\kaleidoscope_snack\build\classes\java\main, E:\MCreatorWorkspaces\kaleidoscope_snack\build\resources\main]}]
[03Oct2026 23:11:09.413] [main/DEBUG] [cpw.mods.modlauncher.TransformationServicesHandler/MODLAUNCHER]: Found additional transformation services from discovery services: 
[03Oct2026 23:11:09.430] [main/INFO] [net.neoforged.fml.loading.ImmediateWindowHandler/]: Loading ImmediateWindowProvider fmlearlywindow
[03Oct2026 23:11:09.688] [main/INFO] [EARLYDISPLAY/]: Trying GL version 4.6
[03Oct2026 23:11:09.871] [main/INFO] [EARLYDISPLAY/]: Requested GL version 4.6 got version 4.6
[03Oct2026 23:11:09.952] [main/DEBUG] [cpw.mods.modlauncher.TransformationServicesHandler/MODLAUNCHER]: Found transformer services : [mixin,fml]
[03Oct2026 23:11:09.952] [main/DEBUG] [cpw.mods.modlauncher.TransformationServicesHandler/MODLAUNCHER]: Transformation services loading
[03Oct2026 23:11:09.952] [main/DEBUG] [cpw.mods.modlauncher.TransformationServiceDecorator/MODLAUNCHER]: Loading service mixin
[03Oct2026 23:11:09.953] [main/DEBUG] [cpw.mods.modlauncher.TransformationServiceDecorator/MODLAUNCHER]: Loaded service mixin
[03Oct2026 23:11:09.953] [main/DEBUG] [cpw.mods.modlauncher.TransformationServiceDecorator/MODLAUNCHER]: Loading service fml
[03Oct2026 23:11:09.955] [main/DEBUG] [net.neoforged.fml.loading.FMLLoader/CORE]: FML 4.0.42 loading
[03Oct2026 23:11:09.955] [main/DEBUG] [net.neoforged.fml.loading.FMLLoader/CORE]: FML found ModLauncher version : 11.0.5+main.901c6ea8
[03Oct2026 23:11:09.955] [main/DEBUG] [net.neoforged.fml.loading.FMLLoader/CORE]: FML found AccessTransformer version : 10.0.1+139da711
[03Oct2026 23:11:09.956] [main/DEBUG] [net.neoforged.fml.loading.FMLLoader/CORE]: FML found EventBus version : null
[03Oct2026 23:11:09.957] [main/DEBUG] [net.neoforged.fml.loading.FMLLoader/CORE]: Found Runtime Dist Cleaner
[03Oct2026 23:11:09.957] [main/DEBUG] [cpw.mods.modlauncher.TransformationServiceDecorator/MODLAUNCHER]: Loaded service fml
[03Oct2026 23:11:09.958] [main/DEBUG] [cpw.mods.modlauncher.TransformationServicesHandler/MODLAUNCHER]: Configuring option handling for services
[03Oct2026 23:11:09.997] [main/DEBUG] [net.neoforged.fml.loading.FMLServiceProvider/CORE]: Received command line version data  : VersionInfo[neoForgeVersion=21.1.232, fmlVersion=4.0.42, mcVersion=1.21.1, neoFormVersion=20240808.144430]
[03Oct2026 23:11:09.998] [main/DEBUG] [cpw.mods.modlauncher.TransformationServicesHandler/MODLAUNCHER]: Transformation services initializing
[03Oct2026 23:11:09.998] [main/DEBUG] [cpw.mods.modlauncher.TransformationServiceDecorator/MODLAUNCHER]: Initializing transformation service mixin
[03Oct2026 23:11:10.018] [main/DEBUG] [mixin/]: MixinService [ModLauncher] was successfully booted in cpw.mods.cl.ModuleClassLoader@247bddad
[03Oct2026 23:11:10.038] [main/INFO] [mixin/]: SpongePowered MIXIN Subsystem Version=0.8.7 Source=union:/C:/Users/Ctoy/.mcreator/gradle/caches/modules-2/files-2.1/net.fabricmc/sponge-mixin/0.15.2+mixin.0.8.7/2af2f021d8e02a0220dc27a7a72b4666d66d44ca/sponge-mixin-0.15.2+mixin.0.8.7.jar%23138!/ Service=ModLauncher Env=CLIENT
[03Oct2026 23:11:10.044] [main/DEBUG] [mixin/]: Initialising Mixin Platform Manager
[03Oct2026 23:11:10.045] [main/DEBUG] [mixin/]: Adding mixin platform agents for container ModLauncher Root Container(ModLauncher:4f56a0a2)
[03Oct2026 23:11:10.045] [main/DEBUG] [mixin/]: Instancing new MixinPlatformAgentMinecraftForge for ModLauncher Root Container(ModLauncher:4f56a0a2)
[03Oct2026 23:11:10.046] [main/DEBUG] [mixin/]: MixinPlatformAgentMinecraftForge rejected container ModLauncher Root Container(ModLauncher:4f56a0a2)
[03Oct2026 23:11:10.046] [main/DEBUG] [mixin/]: Instancing new MixinPlatformAgentDefault for ModLauncher Root Container(ModLauncher:4f56a0a2)
[03Oct2026 23:11:10.046] [main/DEBUG] [mixin/]: MixinPlatformAgentDefault accepted container ModLauncher Root Container(ModLauncher:4f56a0a2)
[03Oct2026 23:11:10.050] [main/DEBUG] [cpw.mods.modlauncher.TransformationServiceDecorator/MODLAUNCHER]: Initialized transformation service mixin
[03Oct2026 23:11:10.051] [main/DEBUG] [cpw.mods.modlauncher.TransformationServiceDecorator/MODLAUNCHER]: Initializing transformation service fml
[03Oct2026 23:11:10.051] [main/DEBUG] [net.neoforged.fml.loading.FMLServiceProvider/CORE]: Setting up basic FML game directories
[03Oct2026 23:11:10.052] [main/DEBUG] [net.neoforged.fml.loading.FMLPaths/CORE]: Path GAMEDIR is E:\MCreatorWorkspaces\kaleidoscope_snack\run
[03Oct2026 23:11:10.053] [main/DEBUG] [net.neoforged.fml.loading.FMLPaths/CORE]: Path MODSDIR is E:\MCreatorWorkspaces\kaleidoscope_snack\run\mods
[03Oct2026 23:11:10.053] [main/DEBUG] [net.neoforged.fml.loading.FMLPaths/CORE]: Path CONFIGDIR is E:\MCreatorWorkspaces\kaleidoscope_snack\run\config
[03Oct2026 23:11:10.053] [main/DEBUG] [net.neoforged.fml.loading.FMLPaths/CORE]: Path FMLCONFIG is E:\MCreatorWorkspaces\kaleidoscope_snack\run\config\fml.toml
[03Oct2026 23:11:10.054] [main/DEBUG] [net.neoforged.fml.loading.FMLServiceProvider/CORE]: Loading configuration
[03Oct2026 23:11:10.064] [main/DEBUG] [net.neoforged.fml.loading.FMLServiceProvider/CORE]: Preparing launch handler
[03Oct2026 23:11:10.065] [main/DEBUG] [net.neoforged.fml.loading.FMLLoader/CORE]: Using forgeclientdev as launch service
[03Oct2026 23:11:10.068] [main/DEBUG] [cpw.mods.modlauncher.TransformationServiceDecorator/MODLAUNCHER]: Initialized transformation service fml
[03Oct2026 23:11:10.068] [main/DEBUG] [cpw.mods.modlauncher.TransformationServicesHandler/MODLAUNCHER]: Transformation services begin scanning
[03Oct2026 23:11:10.069] [main/DEBUG] [cpw.mods.modlauncher.TransformationServiceDecorator/MODLAUNCHER]: Beginning scan trigger - transformation service mixin
[03Oct2026 23:11:10.069] [main/DEBUG] [cpw.mods.modlauncher.TransformationServiceDecorator/MODLAUNCHER]: End scan trigger - transformation service mixin
[03Oct2026 23:11:10.070] [main/DEBUG] [cpw.mods.modlauncher.TransformationServiceDecorator/MODLAUNCHER]: Beginning scan trigger - transformation service fml
[03Oct2026 23:11:10.070] [main/DEBUG] [net.neoforged.fml.loading.FMLServiceProvider/CORE]: Initiating mod scan
[03Oct2026 23:11:10.071] [main/DEBUG] [net.neoforged.fml.loading.targets.CommonLaunchHandler/CORE]: Got mod coordinates mcreator%%E:\MCreatorWorkspaces\kaleidoscope_snack\build\classes\java\main;mcreator%%E:\MCreatorWorkspaces\kaleidoscope_snack\build\resources\main from env
[03Oct2026 23:11:10.071] [main/DEBUG] [net.neoforged.fml.loading.targets.CommonLaunchHandler/CORE]: Found supplied mod coordinates [{mcreator=[E:\MCreatorWorkspaces\kaleidoscope_snack\build\classes\java\main, E:\MCreatorWorkspaces\kaleidoscope_snack\build\resources\main]}]
[03Oct2026 23:11:10.074] [main/DEBUG] [net.neoforged.fml.loading.targets.CommonDevLaunchHandler/]: Launching with NeoForge from E:\MCreatorWorkspaces\kaleidoscope_snack\build\moddev\artifacts\neoforge-21.1.232.jar
[03Oct2026 23:11:10.101] [main/DEBUG] [net.neoforged.fml.util.ServiceLoaderUtil/CORE]: Found 4 implementations of IModFileCandidateLocator:
[03Oct2026 23:11:10.103] [main/DEBUG] [net.neoforged.fml.util.ServiceLoaderUtil/CORE]: 	       0 - [built-in] net.neoforged.fml.loading.moddiscovery.locators.NeoForgeDevProvider from loader-4.0.42.jar
[03Oct2026 23:11:10.103] [main/DEBUG] [net.neoforged.fml.util.ServiceLoaderUtil/CORE]: 	       0 - net.neoforged.fml.loading.moddiscovery.locators.ModsFolderLocator from loader-4.0.42.jar
[03Oct2026 23:11:10.105] [main/DEBUG] [net.neoforged.fml.util.ServiceLoaderUtil/CORE]: 	       0 - net.neoforged.fml.loading.moddiscovery.locators.MavenDirectoryLocator from loader-4.0.42.jar
[03Oct2026 23:11:10.105] [main/DEBUG] [net.neoforged.fml.util.ServiceLoaderUtil/CORE]: 	   -1000 - [built-in] net.neoforged.fml.loading.moddiscovery.locators.UserdevLocator from loader-4.0.42.jar
[03Oct2026 23:11:10.108] [main/DEBUG] [net.neoforged.fml.util.ServiceLoaderUtil/CORE]: Found 2 implementations of IModFileReader:
[03Oct2026 23:11:10.108] [main/DEBUG] [net.neoforged.fml.util.ServiceLoaderUtil/CORE]: 	       0 - net.neoforged.fml.loading.moddiscovery.readers.JarModsDotTomlModFileReader from loader-4.0.42.jar
[03Oct2026 23:11:10.108] [main/DEBUG] [net.neoforged.fml.util.ServiceLoaderUtil/CORE]: 	   -1000 - net.neoforged.fml.loading.moddiscovery.readers.NestedLibraryModReader from loader-4.0.42.jar
[03Oct2026 23:11:10.110] [main/DEBUG] [net.neoforged.fml.util.ServiceLoaderUtil/CORE]: Found 1 implementations of IDependencyLocator:
[03Oct2026 23:11:10.111] [main/DEBUG] [net.neoforged.fml.util.ServiceLoaderUtil/CORE]: 	       0 - net.neoforged.fml.loading.moddiscovery.locators.JarInJarDependencyLocator from loader-4.0.42.jar
[03Oct2026 23:11:10.212] [main/DEBUG] [net.neoforged.fml.loading.moddiscovery.ModFileInfo/LOADING]: Found valid mod file neoforge-21.1.232.jar with {minecraft} mods - versions {1.21.1}
[03Oct2026 23:11:10.252] [main/DEBUG] [net.neoforged.fml.loading.moddiscovery.ModFileParser/LOADING]: Considering mod file candidate E:\MCreatorWorkspaces\kaleidoscope_snack\build\moddev\artifacts\neoforge-21.1.232.jar
[03Oct2026 23:11:10.289] [main/DEBUG] [net.neoforged.fml.loading.moddiscovery.ModFileInfo/LOADING]: Found valid mod file neoforge-21.1.232.jar with {neoforge} mods - versions {21.1.232}
[03Oct2026 23:11:10.297] [main/DEBUG] [net.neoforged.fml.loading.moddiscovery.ModFileParser/LOADING]: Considering mod file candidate E:\MCreatorWorkspaces\kaleidoscope_snack\run\mods\architectury-13.0.11-neoforge.jar
[03Oct2026 23:11:10.300] [pool-2-thread-1/INFO] [EARLYDISPLAY/]: GL info: AMD Radeon(TM) 610M GL version 4.6.0 Core Profile Context 25.10.32.08.260211, ATI Technologies Inc.
[03Oct2026 23:11:10.308] [main/DEBUG] [net.neoforged.fml.loading.moddiscovery.ModFileInfo/LOADING]: Found valid mod file architectury-13.0.11-neoforge.jar with {architectury} mods - versions {13.0.11}
[03Oct2026 23:11:10.314] [main/DEBUG] [net.neoforged.fml.loading.moddiscovery.ModFileParser/LOADING]: Considering mod file candidate E:\MCreatorWorkspaces\kaleidoscope_snack\run\mods\kaleidoscopecookery-1.5.1-neoforge+mc1.21.1.jar
[03Oct2026 23:11:10.319] [main/DEBUG] [net.neoforged.fml.loading.moddiscovery.ModFileInfo/LOADING]: Found valid mod file kaleidoscopecookery-1.5.1-neoforge+mc1.21.1.jar with {kaleidoscope_cookery} mods - versions {1.5.1-neoforge+mc1.21.1}
[03Oct2026 23:11:10.323] [main/DEBUG] [net.neoforged.fml.loading.moddiscovery.ModFileParser/LOADING]: Considering mod file candidate E:\MCreatorWorkspaces\kaleidoscope_snack\run\mods\kubejs-neoforge-2101.7.2-build.321.jar
[03Oct2026 23:11:10.328] [main/DEBUG] [net.neoforged.fml.loading.moddiscovery.ModFileInfo/LOADING]: Found valid mod file kubejs-neoforge-2101.7.2-build.321.jar with {kubejs} mods - versions {2101.7.2-build.321}
[03Oct2026 23:11:10.332] [main/DEBUG] [net.neoforged.fml.loading.moddiscovery.ModFileParser/LOADING]: Considering mod file candidate E:\MCreatorWorkspaces\kaleidoscope_snack\run\mods\rhino-2101.2.7-build.81.jar
[03Oct2026 23:11:10.335] [main/DEBUG] [net.neoforged.fml.loading.moddiscovery.ModFileInfo/LOADING]: Found valid mod file rhino-2101.2.7-build.81.jar with {rhino} mods - versions {2101.2.7-build.81}
[03Oct2026 23:11:10.341] [main/DEBUG] [net.neoforged.fml.loading.moddiscovery.ModListHandler/CORE]: Found mod coordinates from lists: []
[03Oct2026 23:11:10.344] [main/DEBUG] [net.neoforged.fml.loading.moddiscovery.ModFileParser/LOADING]: Considering mod file candidate E:\MCreatorWorkspaces\kaleidoscope_snack\build\classes\java\main
[03Oct2026 23:11:10.352] [main/DEBUG] [net.neoforged.fml.loading.moddiscovery.ModFileInfo/LOADING]: Found valid mod file main with {kaleidoscope_snack} mods - versions {1.0.0}
[03Oct2026 23:11:10.371] [main/DEBUG] [net.neoforged.fml.loading.moddiscovery.ModFileParser/LOADING]: Considering mod file candidate E:\MCreatorWorkspaces\kaleidoscope_snack\build\moddev\artifacts\neoforge-21.1.232.jar
[03Oct2026 23:11:10.375] [main/DEBUG] [net.neoforged.fml.loading.moddiscovery.ModFileInfo/LOADING]: Found valid mod file neoforge-21.1.232.jar with {neoforge} mods - versions {21.1.232}
[03Oct2026 23:11:10.416] [main/DEBUG] [net.neoforged.fml.loading.moddiscovery.ModDiscoverer/]: Skipping C:\Users\Ctoy\.mcreator\gradle\caches\modules-2\files-2.1\net.neoforged.fancymodloader\earlydisplay\4.0.42\46555dbfff14e9e052f1f693aed14d542a74e111\earlydisplay-4.0.42.jar because it was already located earlier
[03Oct2026 23:11:10.417] [main/DEBUG] [net.neoforged.fml.loading.moddiscovery.ModDiscoverer/]: Skipping C:\Users\Ctoy\.mcreator\gradle\caches\modules-2\files-2.1\net.neoforged.fancymodloader\loader\4.0.42\76e15f98bf676fb44b36c5e776f52a55581ec43a\loader-4.0.42.jar because it was already located earlier
[03Oct2026 23:11:10.417] [main/DEBUG] [net.neoforged.fml.loading.moddiscovery.ModDiscoverer/]: Skipping C:\Users\Ctoy\.mcreator\gradle\caches\modules-2\files-2.1\net.neoforged.accesstransformers\at-modlauncher\10.0.1\5aba50202aceead086bc09fbc2751c9f05cb4890\at-modlauncher-10.0.1.jar because it was already located earlier
[03Oct2026 23:11:10.417] [main/DEBUG] [net.neoforged.fml.loading.moddiscovery.ModDiscoverer/]: Skipping C:\Users\Ctoy\.mcreator\gradle\caches\modules-2\files-2.1\net.neoforged\accesstransformers\10.0.1\fd83b5725f76eae9115e9355fa1c456a6a441400\accesstransformers-10.0.1.jar because it was already located earlier
[03Oct2026 23:11:10.417] [main/DEBUG] [net.neoforged.fml.loading.moddiscovery.ModDiscoverer/]: Skipping C:\Users\Ctoy\.mcreator\gradle\caches\modules-2\files-2.1\net.neoforged\bus\8.0.5\5b2d33285ab5d1554e9798ad98c40d6ea3868bd5\bus-8.0.5.jar because it was already located earlier
[03Oct2026 23:11:10.417] [main/DEBUG] [net.neoforged.fml.loading.moddiscovery.ModDiscoverer/]: Skipping C:\Users\Ctoy\.mcreator\gradle\caches\modules-2\files-2.1\net.neoforged\coremods\7.0.3\9147e6f638b4272b3bd5fc8f92ad37802512c6c\coremods-7.0.3.jar because it was already located earlier
[03Oct2026 23:11:10.417] [main/DEBUG] [net.neoforged.fml.loading.moddiscovery.ModDiscoverer/]: Skipping C:\Users\Ctoy\.mcreator\gradle\caches\modules-2\files-2.1\cpw.mods\modlauncher\11.0.5\b8f0d49294f733fdb6173931b263553e943dc950\modlauncher-11.0.5.jar because it was already located earlier
[03Oct2026 23:11:10.417] [main/DEBUG] [net.neoforged.fml.loading.moddiscovery.ModDiscoverer/]: Skipping C:\Users\Ctoy\.mcreator\gradle\caches\modules-2\files-2.1\net.neoforged\mergetool\2.0.0\52fe1949be64e3303aabaaa21e315f551db9c9f4\mergetool-2.0.0-api.jar because it was already located earlier
[03Oct2026 23:11:10.418] [main/DEBUG] [net.neoforged.fml.loading.moddiscovery.ModDiscoverer/]: Skipping C:\Users\Ctoy\.mcreator\gradle\caches\modules-2\files-2.1\com.electronwill.night-config\toml\3.8.3\90b2fd6efcb4a7d5b9810cf78f9d824994d717f2\toml-3.8.3.jar because it was already located earlier
[03Oct2026 23:11:10.418] [main/DEBUG] [net.neoforged.fml.loading.moddiscovery.ModDiscoverer/]: Skipping C:\Users\Ctoy\.mcreator\gradle\caches\modules-2\files-2.1\com.electronwill.night-config\core\3.8.3\b442a95f09e349927f5a945ecb594455870fcf4f\core-3.8.3.jar because it was already located earlier
[03Oct2026 23:11:10.420] [main/DEBUG] [net.neoforged.fml.loading.moddiscovery.ModDiscoverer/]: Skipping C:\Users\Ctoy\.mcreator\gradle\caches\modules-2\files-2.1\net.neoforged\JarJarSelector\0.4.1\fb3cc7a58af22ad2880adb98af6d518128c47dae\JarJarSelector-0.4.1.jar because it was already located earlier
[03Oct2026 23:11:10.420] [main/DEBUG] [net.neoforged.fml.loading.moddiscovery.ModDiscoverer/]: Skipping C:\Users\Ctoy\.mcreator\gradle\caches\modules-2\files-2.1\net.neoforged\JarJarMetadata\0.4.1\f8da03683dc81694556dc3e177c5e3bb77ae6fcb\JarJarMetadata-0.4.1.jar because it was already located earlier
[03Oct2026 23:11:10.421] [main/DEBUG] [net.neoforged.fml.loading.moddiscovery.ModDiscoverer/]: Skipping C:\Users\Ctoy\.mcreator\gradle\caches\modules-2\files-2.1\org.apache.maven\maven-artifact\3.8.5\4433f50c07debefaed0553bd0068f4f48d449313\maven-artifact-3.8.5.jar because it was already located earlier
[03Oct2026 23:11:10.421] [main/DEBUG] [net.neoforged.fml.loading.moddiscovery.ModDiscoverer/]: Skipping C:\Users\Ctoy\.mcreator\gradle\caches\modules-2\files-2.1\net.jodah\typetools\0.6.3\a01aaa6ddaea9ec07ec4f209487b7a46a526283a\typetools-0.6.3.jar because it was already located earlier
[03Oct2026 23:11:10.421] [main/DEBUG] [net.neoforged.fml.loading.moddiscovery.ModDiscoverer/]: Skipping C:\Users\Ctoy\.mcreator\gradle\caches\modules-2\files-2.1\net.minecrell\terminalconsoleappender\1.3.0\b562e9bb61235c9520e26282cdee71f8f802d1fc\terminalconsoleappender-1.3.0.jar because it was already located earlier
[03Oct2026 23:11:10.421] [main/DEBUG] [net.neoforged.fml.loading.moddiscovery.ModDiscoverer/]: Skipping C:\Users\Ctoy\.mcreator\gradle\caches\modules-2\files-2.1\net.fabricmc\sponge-mixin\0.15.2+mixin.0.8.7\2af2f021d8e02a0220dc27a7a72b4666d66d44ca\sponge-mixin-0.15.2+mixin.0.8.7.jar because it was already located earlier
[03Oct2026 23:11:10.421] [main/DEBUG] [net.neoforged.fml.loading.moddiscovery.ModDiscoverer/]: Skipping C:\Users\Ctoy\.mcreator\gradle\caches\modules-2\files-2.1\org.openjdk.nashorn\nashorn-core\15.4\f67f5ffaa5f5130cf6fb9b133da00c7df3b532a5\nashorn-core-15.4.jar because it was already located earlier
[03Oct2026 23:11:10.421] [main/DEBUG] [net.neoforged.fml.loading.moddiscovery.ModDiscoverer/]: Skipping C:\Users\Ctoy\.mcreator\gradle\caches\modules-2\files-2.1\org.apache.commons\commons-lang3\3.14.0\1ed471194b02f2c6cb734a0cd6f6f107c673afae\commons-lang3-3.14.0.jar because it was already located earlier
[03Oct2026 23:11:10.422] [main/DEBUG] [net.neoforged.fml.loading.moddiscovery.ModDiscoverer/]: Skipping C:\Users\Ctoy\.mcreator\gradle\caches\modules-2\files-2.1\net.sf.jopt-simple\jopt-simple\5.0.4\4fdac2fbe92dfad86aa6e9301736f6b4342a3f5c\jopt-simple-5.0.4.jar because it was already located earlier
[03Oct2026 23:11:10.422] [main/DEBUG] [net.neoforged.fml.loading.moddiscovery.ModDiscoverer/]: Skipping C:\Users\Ctoy\.mcreator\gradle\caches\modules-2\files-2.1\commons-io\commons-io\2.15.1\f11560da189ab563a5c8e351941415430e9304ea\commons-io-2.15.1.jar because it was already located earlier
[03Oct2026 23:11:10.423] [main/DEBUG] [net.neoforged.fml.loading.moddiscovery.ModDiscoverer/]: Skipping C:\Users\Ctoy\.mcreator\gradle\caches\modules-2\files-2.1\com.mojang\logging\1.2.7\24cb95ffb0e3433fd6e844c04e68009e504ca1c0\logging-1.2.7.jar because it was already located earlier
[03Oct2026 23:11:10.423] [main/DEBUG] [net.neoforged.fml.loading.moddiscovery.ModDiscoverer/]: Skipping C:\Users\Ctoy\.mcreator\gradle\caches\modules-2\files-2.1\org.apache.logging.log4j\log4j-slf4j2-impl\2.22.1\d7e6693c2606cb7e7335047d7bb96dec52db5665\log4j-slf4j2-impl-2.22.1.jar because it was already located earlier
[03Oct2026 23:11:10.423] [main/DEBUG] [net.neoforged.fml.loading.moddiscovery.ModDiscoverer/]: Skipping C:\Users\Ctoy\.mcreator\gradle\caches\modules-2\files-2.1\org.apache.logging.log4j\log4j-core\2.22.1\7183a25510a02ad00cc6a95d3b3d2a7d3c5a8dc4\log4j-core-2.22.1.jar because it was already located earlier
[03Oct2026 23:11:10.423] [main/DEBUG] [net.neoforged.fml.loading.moddiscovery.ModDiscoverer/]: Skipping C:\Users\Ctoy\.mcreator\gradle\caches\modules-2\files-2.1\org.apache.logging.log4j\log4j-api\2.22.1\bea6fede6328fabafd7e68363161a7ea6605abd1\log4j-api-2.22.1.jar because it was already located earlier
[03Oct2026 23:11:10.423] [main/DEBUG] [net.neoforged.fml.loading.moddiscovery.ModDiscoverer/]: Skipping C:\Users\Ctoy\.mcreator\gradle\caches\modules-2\files-2.1\com.google.guava\guava\32.1.2-jre\5e64ec7e056456bef3a4bc4c6fdaef71e8ab6318\guava-32.1.2-jre.jar because it was already located earlier
[03Oct2026 23:11:10.423] [main/DEBUG] [net.neoforged.fml.loading.moddiscovery.ModDiscoverer/]: Skipping C:\Users\Ctoy\.mcreator\gradle\caches\modules-2\files-2.1\com.google.code.gson\gson\2.10.1\b3add478d4382b78ea20b1671390a858002feb6c\gson-2.10.1.jar because it was already located earlier
[03Oct2026 23:11:10.423] [main/DEBUG] [net.neoforged.fml.loading.moddiscovery.ModDiscoverer/]: Skipping C:\Users\Ctoy\.mcreator\gradle\caches\modules-2\files-2.1\org.slf4j\slf4j-api\2.0.9\7cf2726fdcfbc8610f9a71fb3ed639871f315340\slf4j-api-2.0.9.jar because it was already located earlier
[03Oct2026 23:11:10.424] [main/DEBUG] [net.neoforged.fml.loading.moddiscovery.ModDiscoverer/]: Skipping C:\Users\Ctoy\.mcreator\gradle\caches\modules-2\files-2.1\org.antlr\antlr4-runtime\4.13.1\17125bae1d965624e265ef49552f6465a2bfa307\antlr4-runtime-4.13.1.jar because it was already located earlier
[03Oct2026 23:11:10.424] [main/DEBUG] [net.neoforged.fml.loading.moddiscovery.ModDiscoverer/]: Skipping C:\Users\Ctoy\.mcreator\gradle\caches\modules-2\files-2.1\net.minecraftforge\srgutils\0.4.15\ca408b131759478f164e010fae0d73997e125fb5\srgutils-0.4.15.jar because it was already located earlier
[03Oct2026 23:11:10.424] [main/DEBUG] [net.neoforged.fml.loading.moddiscovery.ModDiscoverer/]: Skipping C:\Users\Ctoy\.mcreator\gradle\caches\modules-2\files-2.1\org.codehaus.plexus\plexus-utils\3.3.0\cf43b5391de623b36fe066a21127baef82c64022\plexus-utils-3.3.0.jar because it was already located earlier
[03Oct2026 23:11:10.424] [main/DEBUG] [net.neoforged.fml.loading.moddiscovery.ModDiscoverer/]: Skipping C:\Users\Ctoy\.mcreator\gradle\caches\modules-2\files-2.1\org.jline\jline-reader\3.20.0\8f15415b022a25b473e8e16c28ae913186ffb9c4\jline-reader-3.20.0.jar because it was already located earlier
[03Oct2026 23:11:10.424] [main/DEBUG] [net.neoforged.fml.loading.moddiscovery.ModDiscoverer/]: Skipping C:\Users\Ctoy\.mcreator\gradle\caches\modules-2\files-2.1\com.machinezoo.noexception\noexception\1.7.1\b65330c98e38a1f915fa54a6e5eca496505e3f0a\noexception-1.7.1.jar because it was already located earlier
[03Oct2026 23:11:10.424] [main/DEBUG] [net.neoforged.fml.loading.moddiscovery.ModDiscoverer/]: Skipping C:\Users\Ctoy\.mcreator\gradle\caches\modules-2\files-2.1\com.google.guava\failureaccess\1.0.1\1dcf1de382a0bf95a3d8b0849546c88bac1292c9\failureaccess-1.0.1.jar because it was already located earlier
[03Oct2026 23:11:10.424] [main/DEBUG] [net.neoforged.fml.loading.moddiscovery.ModDiscoverer/]: Skipping C:\Users\Ctoy\.mcreator\gradle\caches\modules-2\files-2.1\com.google.guava\listenablefuture\9999.0-empty-to-avoid-conflict-with-guava\b421526c5f297295adef1c886e5246c39d4ac629\listenablefuture-9999.0-empty-to-avoid-conflict-with-guava.jar because it was already located earlier
[03Oct2026 23:11:10.425] [main/DEBUG] [net.neoforged.fml.loading.moddiscovery.ModDiscoverer/]: Skipping C:\Users\Ctoy\.mcreator\gradle\caches\modules-2\files-2.1\com.google.code.findbugs\jsr305\3.0.2\25ea2e8b0c338a877313bd4672d3fe056ea78f0d\jsr305-3.0.2.jar because it was already located earlier
[03Oct2026 23:11:10.425] [main/DEBUG] [net.neoforged.fml.loading.moddiscovery.ModDiscoverer/]: Skipping C:\Users\Ctoy\.mcreator\gradle\caches\modules-2\files-2.1\org.checkerframework\checker-qual\3.33.0\de2b60b62da487644fc11f734e73c8b0b431238f\checker-qual-3.33.0.jar because it was already located earlier
[03Oct2026 23:11:10.425] [main/DEBUG] [net.neoforged.fml.loading.moddiscovery.ModDiscoverer/]: Skipping C:\Users\Ctoy\.mcreator\gradle\caches\modules-2\files-2.1\com.google.errorprone\error_prone_annotations\2.18.0\89b684257096f548fa39a7df9fdaa409d4d4df91\error_prone_annotations-2.18.0.jar because it was already located earlier
[03Oct2026 23:11:10.425] [main/DEBUG] [net.neoforged.fml.loading.moddiscovery.ModDiscoverer/]: Skipping C:\Users\Ctoy\.mcreator\gradle\caches\modules-2\files-2.1\com.google.j2objc\j2objc-annotations\2.8\c85270e307e7b822f1086b93689124b89768e273\j2objc-annotations-2.8.jar because it was already located earlier
[03Oct2026 23:11:10.425] [main/DEBUG] [net.neoforged.fml.loading.moddiscovery.ModDiscoverer/]: Skipping C:\Users\Ctoy\.mcreator\gradle\caches\modules-2\files-2.1\org.jline\jline-terminal\3.20.0\d0ddcc708ddf527a3454c941b7b9225cc83a15ff\jline-terminal-3.20.0.jar because it was already located earlier
[03Oct2026 23:11:10.426] [main/DEBUG] [net.neoforged.fml.loading.moddiscovery.ModDiscoverer/]: Skipping C:\Users\Ctoy\.mcreator\gradle\caches\modules-2\files-2.1\com.github.oshi\oshi-core\6.4.10\b1d8ab82d11d92fd639b56d639f8f46f739dd5fa\oshi-core-6.4.10.jar because it was already located earlier
[03Oct2026 23:11:10.426] [main/DEBUG] [net.neoforged.fml.loading.moddiscovery.ModDiscoverer/]: Skipping C:\Users\Ctoy\.mcreator\gradle\caches\modules-2\files-2.1\com.ibm.icu\icu4j\73.2\61ad4ef7f9131fcf6d25c34b817f90d6da06c9e9\icu4j-73.2.jar because it was already located earlier
[03Oct2026 23:11:10.427] [main/DEBUG] [net.neoforged.fml.loading.moddiscovery.ModDiscoverer/]: Skipping C:\Users\Ctoy\.mcreator\gradle\caches\modules-2\files-2.1\com.mojang\authlib\6.0.54\de8bc95660e1b2fe8793fd427a7a10dcec5b3ea7\authlib-6.0.54.jar because it was already located earlier
[03Oct2026 23:11:10.427] [main/DEBUG] [net.neoforged.fml.loading.moddiscovery.ModDiscoverer/]: Skipping C:\Users\Ctoy\.mcreator\gradle\caches\modules-2\files-2.1\com.mojang\blocklist\1.0.10\5c685c5ffa94c4cd39496c7184c1d122e515ecef\blocklist-1.0.10.jar because it was already located earlier
[03Oct2026 23:11:10.427] [main/DEBUG] [net.neoforged.fml.loading.moddiscovery.ModDiscoverer/]: Skipping C:\Users\Ctoy\.mcreator\gradle\caches\modules-2\files-2.1\com.mojang\brigadier\1.3.10\d15b53a14cf20fdcaa98f731af5dda654452c010\brigadier-1.3.10.jar because it was already located earlier
[03Oct2026 23:11:10.427] [main/DEBUG] [net.neoforged.fml.loading.moddiscovery.ModDiscoverer/]: Skipping C:\Users\Ctoy\.mcreator\gradle\caches\modules-2\files-2.1\com.mojang\datafixerupper\8.0.16\67d4de6d7f95d89bcf5862995fb854ebaec02a34\datafixerupper-8.0.16.jar because it was already located earlier
[03Oct2026 23:11:10.428] [main/DEBUG] [net.neoforged.fml.loading.moddiscovery.ModDiscoverer/]: Skipping C:\Users\Ctoy\.mcreator\gradle\caches\modules-2\files-2.1\com.mojang\patchy\2.2.10\da05971b07cbb379d002cf7eaec6a2048211fefc\patchy-2.2.10.jar because it was already located earlier
[03Oct2026 23:11:10.428] [main/DEBUG] [net.neoforged.fml.loading.moddiscovery.ModDiscoverer/]: Skipping C:\Users\Ctoy\.mcreator\gradle\caches\modules-2\files-2.1\com.mojang\text2speech\1.17.9\3cad216e3a7f0c19b4b394388bc9ffc446f13b14\text2speech-1.17.9.jar because it was already located earlier
[03Oct2026 23:11:10.428] [main/DEBUG] [net.neoforged.fml.loading.moddiscovery.ModDiscoverer/]: Skipping C:\Users\Ctoy\.mcreator\gradle\caches\modules-2\files-2.1\commons-codec\commons-codec\1.16.0\4e3eb3d79888d76b54e28b350915b5dc3919c9de\commons-codec-1.16.0.jar because it was already located earlier
[03Oct2026 23:11:10.428] [main/DEBUG] [net.neoforged.fml.loading.moddiscovery.ModDiscoverer/]: Skipping C:\Users\Ctoy\.mcreator\gradle\caches\modules-2\files-2.1\commons-logging\commons-logging\1.2\4bfc12adfe4842bf07b657f0369c4cb522955686\commons-logging-1.2.jar because it was already located earlier
[03Oct2026 23:11:10.428] [main/DEBUG] [net.neoforged.fml.loading.moddiscovery.ModDiscoverer/]: Skipping C:\Users\Ctoy\.mcreator\gradle\caches\modules-2\files-2.1\io.netty\netty-buffer\4.1.97.Final\f8f3d8644afa5e6e1a40a3a6aeb9d9aa970ecb4f\netty-buffer-4.1.97.Final.jar because it was already located earlier
[03Oct2026 23:11:10.428] [main/DEBUG] [net.neoforged.fml.loading.moddiscovery.ModDiscoverer/]: Skipping C:\Users\Ctoy\.mcreator\gradle\caches\modules-2\files-2.1\io.netty\netty-codec\4.1.97.Final\384ba4d75670befbedb45c4d3b497a93639c206d\netty-codec-4.1.97.Final.jar because it was already located earlier
[03Oct2026 23:11:10.428] [main/DEBUG] [net.neoforged.fml.loading.moddiscovery.ModDiscoverer/]: Skipping C:\Users\Ctoy\.mcreator\gradle\caches\modules-2\files-2.1\io.netty\netty-common\4.1.97.Final\7cceacaf11df8dc63f23d0fb58e9d4640fc88404\netty-common-4.1.97.Final.jar because it was already located earlier
[03Oct2026 23:11:10.429] [main/DEBUG] [net.neoforged.fml.loading.moddiscovery.ModDiscoverer/]: Skipping C:\Users\Ctoy\.mcreator\gradle\caches\modules-2\files-2.1\io.netty\netty-handler\4.1.97.Final\abb86c6906bf512bf2b797a41cd7d2e8d3cd7c36\netty-handler-4.1.97.Final.jar because it was already located earlier
[03Oct2026 23:11:10.429] [main/DEBUG] [net.neoforged.fml.loading.moddiscovery.ModDiscoverer/]: Skipping C:\Users\Ctoy\.mcreator\gradle\caches\modules-2\files-2.1\io.netty\netty-resolver\4.1.97.Final\cec8348108dc76c47cf87c669d514be52c922144\netty-resolver-4.1.97.Final.jar because it was already located earlier
[03Oct2026 23:11:10.429] [main/DEBUG] [net.neoforged.fml.loading.moddiscovery.ModDiscoverer/]: Skipping C:\Users\Ctoy\.mcreator\gradle\caches\modules-2\files-2.1\io.netty\netty-transport-classes-epoll\4.1.97.Final\795da37ded759e862457a82d9d92c4d39ce8ecee\netty-transport-classes-epoll-4.1.97.Final.jar because it was already located earlier
[03Oct2026 23:11:10.429] [main/DEBUG] [net.neoforged.fml.loading.moddiscovery.ModDiscoverer/]: Skipping C:\Users\Ctoy\.mcreator\gradle\caches\modules-2\files-2.1\io.netty\netty-transport-native-unix-common\4.1.97.Final\d469d84265ab70095b01b40886cabdd433b6e664\netty-transport-native-unix-common-4.1.97.Final.jar because it was already located earlier
[03Oct2026 23:11:10.429] [main/DEBUG] [net.neoforged.fml.loading.moddiscovery.ModDiscoverer/]: Skipping C:\Users\Ctoy\.mcreator\gradle\caches\modules-2\files-2.1\io.netty\netty-transport\4.1.97.Final\f37380d23c9bb079bc702910833b2fd532c9abd0\netty-transport-4.1.97.Final.jar because it was already located earlier
[03Oct2026 23:11:10.429] [main/DEBUG] [net.neoforged.fml.loading.moddiscovery.ModDiscoverer/]: Skipping C:\Users\Ctoy\.mcreator\gradle\caches\modules-2\files-2.1\it.unimi.dsi\fastutil\8.5.12\c24946d46824bd528054bface3231d2ecb7e95e8\fastutil-8.5.12.jar because it was already located earlier
[03Oct2026 23:11:10.429] [main/DEBUG] [net.neoforged.fml.loading.moddiscovery.ModDiscoverer/]: Skipping C:\Users\Ctoy\.mcreator\gradle\caches\modules-2\files-2.1\net.java.dev.jna\jna-platform\5.14.0\28934d48aed814f11e4c584da55c49fa7032b31b\jna-platform-5.14.0.jar because it was already located earlier
[03Oct2026 23:11:10.429] [main/DEBUG] [net.neoforged.fml.loading.moddiscovery.ModDiscoverer/]: Skipping C:\Users\Ctoy\.mcreator\gradle\caches\modules-2\files-2.1\net.java.dev.jna\jna\5.14.0\67bf3eaea4f0718cb376a181a629e5f88fa1c9dd\jna-5.14.0.jar because it was already located earlier
[03Oct2026 23:11:10.429] [main/DEBUG] [net.neoforged.fml.loading.moddiscovery.ModDiscoverer/]: Skipping C:\Users\Ctoy\.mcreator\gradle\caches\modules-2\files-2.1\org.apache.commons\commons-compress\1.26.0\659feffdd12280201c8aacb8f7be94f9a883c824\commons-compress-1.26.0.jar because it was already located earlier
[03Oct2026 23:11:10.430] [main/DEBUG] [net.neoforged.fml.loading.moddiscovery.ModDiscoverer/]: Skipping C:\Users\Ctoy\.mcreator\gradle\caches\modules-2\files-2.1\org.apache.httpcomponents\httpclient\4.5.13\e5f6cae5ca7ecaac1ec2827a9e2d65ae2869cada\httpclient-4.5.13.jar because it was already located earlier
[03Oct2026 23:11:10.430] [main/DEBUG] [net.neoforged.fml.loading.moddiscovery.ModDiscoverer/]: Skipping C:\Users\Ctoy\.mcreator\gradle\caches\modules-2\files-2.1\org.apache.httpcomponents\httpcore\4.4.16\51cf043c87253c9f58b539c9f7e44c8894223850\httpcore-4.4.16.jar because it was already located earlier
[03Oct2026 23:11:10.430] [main/DEBUG] [net.neoforged.fml.loading.moddiscovery.ModDiscoverer/]: Skipping C:\Users\Ctoy\.mcreator\gradle\caches\modules-2\files-2.1\org.jcraft\jorbis\0.0.17\8872d22b293e8f5d7d56ff92be966e6dc28ebdc6\jorbis-0.0.17.jar because it was already located earlier
[03Oct2026 23:11:10.431] [main/DEBUG] [net.neoforged.fml.loading.moddiscovery.ModDiscoverer/]: Skipping C:\Users\Ctoy\.mcreator\gradle\caches\modules-2\files-2.1\org.joml\joml\1.10.5\22566d58af70ad3d72308bab63b8339906deb649\joml-1.10.5.jar because it was already located earlier
[03Oct2026 23:11:10.431] [main/DEBUG] [net.neoforged.fml.loading.moddiscovery.ModDiscoverer/]: Skipping C:\Users\Ctoy\.mcreator\gradle\caches\modules-2\files-2.1\org.lwjgl\lwjgl-freetype\3.3.3\a0db6c84a8becc8ca05f9dbfa985edc348a824c7\lwjgl-freetype-3.3.3.jar because it was already located earlier
[03Oct2026 23:11:10.443] [main/DEBUG] [net.neoforged.fml.loading.moddiscovery.ModDiscoverer/]: Skipping C:\Users\Ctoy\.mcreator\gradle\caches\modules-2\files-2.1\org.lwjgl\lwjgl-freetype\3.3.3\15a8c1de7f51d07a92eae7ce1222557073a0c0c3\lwjgl-freetype-3.3.3-natives-windows-x86.jar because it was already located earlier
[03Oct2026 23:11:10.443] [main/DEBUG] [net.neoforged.fml.loading.moddiscovery.ModDiscoverer/]: Skipping C:\Users\Ctoy\.mcreator\gradle\caches\modules-2\files-2.1\org.lwjgl\lwjgl-glfw\3.3.3\efa1eb78c5ccd840e9f329717109b5e892d72f8e\lwjgl-glfw-3.3.3.jar because it was already located earlier
[03Oct2026 23:11:10.452] [main/DEBUG] [net.neoforged.fml.loading.moddiscovery.ModDiscoverer/]: Skipping C:\Users\Ctoy\.mcreator\gradle\caches\modules-2\files-2.1\org.lwjgl\lwjgl-glfw\3.3.3\32334f3fd5270a59bad9939a93115acb6de36dcf\lwjgl-glfw-3.3.3-natives-windows-x86.jar because it was already located earlier
[03Oct2026 23:11:10.452] [main/DEBUG] [net.neoforged.fml.loading.moddiscovery.ModDiscoverer/]: Skipping C:\Users\Ctoy\.mcreator\gradle\caches\modules-2\files-2.1\org.lwjgl\lwjgl-jemalloc\3.3.3\b543467b7ff3c6920539a88ee602d34098628be5\lwjgl-jemalloc-3.3.3.jar because it was already located earlier
[03Oct2026 23:11:10.454] [main/DEBUG] [net.neoforged.fml.loading.moddiscovery.ModDiscoverer/]: Skipping C:\Users\Ctoy\.mcreator\gradle\caches\modules-2\files-2.1\org.lwjgl\lwjgl-jemalloc\3.3.3\426222fc027602a5f21b9c0fe79cde6a4c7a011f\lwjgl-jemalloc-3.3.3-natives-windows.jar because it was already located earlier
[03Oct2026 23:11:10.465] [main/DEBUG] [net.neoforged.fml.loading.moddiscovery.ModDiscoverer/]: Skipping C:\Users\Ctoy\.mcreator\gradle\caches\modules-2\files-2.1\org.lwjgl\lwjgl-openal\3.3.3\daada81ceb5fc0c291fbfdd4433cb8d9423577f2\lwjgl-openal-3.3.3.jar because it was already located earlier
[03Oct2026 23:11:10.475] [main/DEBUG] [net.neoforged.fml.loading.moddiscovery.ModDiscoverer/]: Skipping C:\Users\Ctoy\.mcreator\gradle\caches\modules-2\files-2.1\org.lwjgl\lwjgl-openal\3.3.3\87b8d5050e3adb46bb58fe1cb2669a4a48fce10d\lwjgl-openal-3.3.3-natives-windows-x86.jar because it was already located earlier
[03Oct2026 23:11:10.475] [main/DEBUG] [net.neoforged.fml.loading.moddiscovery.ModDiscoverer/]: Skipping C:\Users\Ctoy\.mcreator\gradle\caches\modules-2\files-2.1\org.lwjgl\lwjgl-opengl\3.3.3\2f6b0147078396a58979125a4c947664e98293a\lwjgl-opengl-3.3.3.jar because it was already located earlier
[03Oct2026 23:11:10.481] [main/DEBUG] [net.neoforged.fml.loading.moddiscovery.ModDiscoverer/]: Skipping C:\Users\Ctoy\.mcreator\gradle\caches\modules-2\files-2.1\org.lwjgl\lwjgl-opengl\3.3.3\65e956d3735a1abdc82eff4baec1b61174697d4b\lwjgl-opengl-3.3.3-natives-windows-arm64.jar because it was already located earlier
[03Oct2026 23:11:10.487] [main/DEBUG] [net.neoforged.fml.loading.moddiscovery.ModDiscoverer/]: Skipping C:\Users\Ctoy\.mcreator\gradle\caches\modules-2\files-2.1\org.lwjgl\lwjgl-stb\3.3.3\25dd6161988d7e65f71d5065c99902402ee32746\lwjgl-stb-3.3.3.jar because it was already located earlier
[03Oct2026 23:11:10.488] [main/DEBUG] [net.neoforged.fml.loading.moddiscovery.ModDiscoverer/]: Skipping C:\Users\Ctoy\.mcreator\gradle\caches\modules-2\files-2.1\org.lwjgl\lwjgl-stb\3.3.3\1d9facdf6541de114b0f963be33505b7679c78cb\lwjgl-stb-3.3.3-natives-windows.jar because it was already located earlier
[03Oct2026 23:11:10.497] [main/DEBUG] [net.neoforged.fml.loading.moddiscovery.ModDiscoverer/]: Skipping C:\Users\Ctoy\.mcreator\gradle\caches\modules-2\files-2.1\org.lwjgl\lwjgl-tinyfd\3.3.3\82d755ca94b102e9ca77283b9e2dc46d1b15fbe5\lwjgl-tinyfd-3.3.3.jar because it was already located earlier
[03Oct2026 23:11:10.499] [main/DEBUG] [net.neoforged.fml.loading.moddiscovery.ModDiscoverer/]: Skipping C:\Users\Ctoy\.mcreator\gradle\caches\modules-2\files-2.1\org.lwjgl\lwjgl-tinyfd\3.3.3\a6697981b0449a5087c1d546fc08b4f73e8f98c9\lwjgl-tinyfd-3.3.3-natives-windows.jar because it was already located earlier
[03Oct2026 23:11:10.511] [main/DEBUG] [net.neoforged.fml.loading.moddiscovery.ModDiscoverer/]: Skipping C:\Users\Ctoy\.mcreator\gradle\caches\modules-2\files-2.1\org.lwjgl\lwjgl\3.3.3\29589b5f87ed335a6c7e7ee6a5775f81f97ecb84\lwjgl-3.3.3.jar because it was already located earlier
[03Oct2026 23:11:10.521] [main/DEBUG] [net.neoforged.fml.loading.moddiscovery.ModDiscoverer/]: Skipping C:\Users\Ctoy\.mcreator\gradle\caches\modules-2\files-2.1\org.lwjgl\lwjgl\3.3.3\9e670718e050aeaeea0c2d5b907cffb142f2e58f\lwjgl-3.3.3-natives-windows-x86.jar because it was already located earlier
[03Oct2026 23:11:10.521] [main/DEBUG] [net.neoforged.fml.loading.moddiscovery.ModDiscoverer/]: Skipping C:\Users\Ctoy\.mcreator\gradle\caches\modules-2\files-2.1\org.lz4\lz4-java\1.8.0\4b986a99445e49ea5fbf5d149c4b63f6ed6c6780\lz4-java-1.8.0.jar because it was already located earlier
[03Oct2026 23:11:10.526] [main/DEBUG] [net.neoforged.fml.loading.UniqueModListBuilder/]: Found 2 mods for first modid neoforge, selecting most recent based on version data
[03Oct2026 23:11:10.527] [main/DEBUG] [net.neoforged.fml.loading.UniqueModListBuilder/]: Selected file neoforge-21.1.232.jar for modid neoforge with version 21.1.232
[03Oct2026 23:11:10.814] [main/INFO] [net.neoforged.fml.loading.moddiscovery.locators.JarInJarDependencyLocator/]: Found 4 dependencies adding them to mods collection
[03Oct2026 23:11:10.819] [main/INFO] [net.neoforged.fml.loading.moddiscovery.ModDiscoverer/]: 
     Mod List:
		Name Version (Mod Id)

		Architectury 13.0.11 (architectury)
		Kaleidoscope Cookery 1.5.1-neoforge+mc1.21.1 (kaleidoscope_cookery)
		KubeJS 2101.7.2-build.321 (kubejs)
		Minecraft 1.21.1 (minecraft)
		NeoForge 21.1.232 (neoforge)
		Rhino 2101.2.7-build.81 (rhino)
		森罗物语：小吃 1.0.0 (kaleidoscope_snack)
[03Oct2026 23:11:10.824] [main/DEBUG] [net.neoforged.fml.loading.moddiscovery.ModFileInfo/LOADING]: Found valid mod file neoforge-21.1.232.jar with {minecraft} mods - versions {1.21.1}
[03Oct2026 23:11:10.829] [main/DEBUG] [net.neoforged.fml.loading.moddiscovery.ModFile/LOADING]: Loading mod file E:\MCreatorWorkspaces\kaleidoscope_snack\build\moddev\artifacts\neoforge-21.1.232.jar with languages [LanguageSpec[languageName=minecraft, acceptedVersions=1]]
[03Oct2026 23:11:10.833] [main/DEBUG] [net.neoforged.fml.loading.moddiscovery.ModFileParser/LOADING]: Considering mod file candidate E:\MCreatorWorkspaces\kaleidoscope_snack\run\mods\kubejs-neoforge-2101.7.2-build.321.jar
[03Oct2026 23:11:10.837] [main/DEBUG] [net.neoforged.fml.loading.moddiscovery.ModFileInfo/LOADING]: Found valid mod file kubejs-neoforge-2101.7.2-build.321.jar with {kubejs} mods - versions {2101.7.2-build.321}
[03Oct2026 23:11:10.838] [main/DEBUG] [net.neoforged.fml.loading.moddiscovery.ModFile/LOADING]: Loading mod file E:\MCreatorWorkspaces\kaleidoscope_snack\run\mods\kubejs-neoforge-2101.7.2-build.321.jar with languages [LanguageSpec[languageName=javafml, acceptedVersions=[2,)]]
[03Oct2026 23:11:10.841] [main/DEBUG] [net.neoforged.fml.loading.moddiscovery.ModFile/LOADING]: Found mixin config MixinConfig[config=kubejs.mixins.json, requiredMods=[]]
[03Oct2026 23:11:10.841] [main/DEBUG] [net.neoforged.fml.loading.moddiscovery.ModFileParser/LOADING]: Considering mod file candidate E:\MCreatorWorkspaces\kaleidoscope_snack\run\mods\rhino-2101.2.7-build.81.jar
[03Oct2026 23:11:10.844] [main/DEBUG] [net.neoforged.fml.loading.moddiscovery.ModFileInfo/LOADING]: Found valid mod file rhino-2101.2.7-build.81.jar with {rhino} mods - versions {2101.2.7-build.81}
[03Oct2026 23:11:10.844] [main/DEBUG] [net.neoforged.fml.loading.moddiscovery.ModFile/LOADING]: Loading mod file E:\MCreatorWorkspaces\kaleidoscope_snack\run\mods\rhino-2101.2.7-build.81.jar with languages [LanguageSpec[languageName=lowcodefml, acceptedVersions=[2,)]]
[03Oct2026 23:11:10.844] [main/DEBUG] [net.neoforged.fml.loading.moddiscovery.ModFileParser/LOADING]: Considering mod file candidate E:\MCreatorWorkspaces\kaleidoscope_snack\build\classes\java\main
[03Oct2026 23:11:10.849] [main/DEBUG] [net.neoforged.fml.loading.moddiscovery.ModFileInfo/LOADING]: Found valid mod file main with {kaleidoscope_snack} mods - versions {1.0.0}
[03Oct2026 23:11:10.850] [main/DEBUG] [net.neoforged.fml.loading.moddiscovery.ModFile/LOADING]: Loading mod file E:\MCreatorWorkspaces\kaleidoscope_snack\build\classes\java\main with languages [LanguageSpec[languageName=javafml, acceptedVersions=[4,)]]
[03Oct2026 23:11:10.852] [main/DEBUG] [net.neoforged.fml.loading.moddiscovery.ModFileParser/LOADING]: Considering mod file candidate E:\MCreatorWorkspaces\kaleidoscope_snack\run\mods\kaleidoscopecookery-1.5.1-neoforge+mc1.21.1.jar
[03Oct2026 23:11:10.855] [main/DEBUG] [net.neoforged.fml.loading.moddiscovery.ModFileInfo/LOADING]: Found valid mod file kaleidoscopecookery-1.5.1-neoforge+mc1.21.1.jar with {kaleidoscope_cookery} mods - versions {1.5.1-neoforge+mc1.21.1}
[03Oct2026 23:11:10.856] [main/DEBUG] [net.neoforged.fml.loading.moddiscovery.ModFile/LOADING]: Loading mod file E:\MCreatorWorkspaces\kaleidoscope_snack\run\mods\kaleidoscopecookery-1.5.1-neoforge+mc1.21.1.jar with languages [LanguageSpec[languageName=javafml, acceptedVersions=[4,)]]
[03Oct2026 23:11:10.856] [main/DEBUG] [net.neoforged.fml.loading.moddiscovery.ModFile/LOADING]: Found mixin config MixinConfig[config=kaleidoscope_cookery.mixins.json, requiredMods=[]]
[03Oct2026 23:11:10.860] [main/DEBUG] [net.neoforged.fml.loading.moddiscovery.ModFileParser/LOADING]: Considering mod file candidate E:\MCreatorWorkspaces\kaleidoscope_snack\run\mods\architectury-13.0.11-neoforge.jar
[03Oct2026 23:11:10.863] [main/DEBUG] [net.neoforged.fml.loading.moddiscovery.ModFileInfo/LOADING]: Found valid mod file architectury-13.0.11-neoforge.jar with {architectury} mods - versions {13.0.11}
[03Oct2026 23:11:10.864] [main/DEBUG] [net.neoforged.fml.loading.moddiscovery.ModFile/LOADING]: Loading mod file E:\MCreatorWorkspaces\kaleidoscope_snack\run\mods\architectury-13.0.11-neoforge.jar with languages [LanguageSpec[languageName=javafml, acceptedVersions=[1,)]]
[03Oct2026 23:11:10.864] [main/DEBUG] [net.neoforged.fml.loading.moddiscovery.ModFile/LOADING]: Found mixin config MixinConfig[config=architectury.mixins.json, requiredMods=[]]
[03Oct2026 23:11:10.865] [main/DEBUG] [net.neoforged.fml.loading.moddiscovery.ModFile/LOADING]: Found mixin config MixinConfig[config=architectury-common.mixins.json, requiredMods=[]]
[03Oct2026 23:11:10.865] [main/DEBUG] [net.neoforged.fml.loading.moddiscovery.ModFileParser/LOADING]: Considering mod file candidate E:\MCreatorWorkspaces\kaleidoscope_snack\build\moddev\artifacts\neoforge-21.1.232.jar
[03Oct2026 23:11:10.866] [main/DEBUG] [net.neoforged.fml.loading.moddiscovery.ModFileInfo/LOADING]: Found valid mod file neoforge-21.1.232.jar with {neoforge} mods - versions {21.1.232}
[03Oct2026 23:11:10.868] [main/DEBUG] [net.neoforged.fml.loading.moddiscovery.ModFile/LOADING]: Loading mod file E:\MCreatorWorkspaces\kaleidoscope_snack\build\moddev\artifacts\neoforge-21.1.232.jar with languages [LanguageSpec[languageName=javafml, acceptedVersions=[3,]]]
[03Oct2026 23:11:10.868] [main/DEBUG] [net.neoforged.fml.loading.moddiscovery.ModFile/LOADING]: Found mixin config MixinConfig[config=neoforge.mixins.json, requiredMods=[]]
[03Oct2026 23:11:10.868] [main/DEBUG] [net.neoforged.fml.loading.moddiscovery.ModFile/LOADING]: Loading mod file  with languages []
[03Oct2026 23:11:10.871] [main/DEBUG] [cpw.mods.modlauncher.TransformationServiceDecorator/MODLAUNCHER]: End scan trigger - transformation service fml
[03Oct2026 23:11:10.900] [main/DEBUG] [net.neoforged.fml.util.ServiceLoaderUtil/CORE]: Found 3 implementations of IModLanguageLoader:
[03Oct2026 23:11:10.900] [main/DEBUG] [net.neoforged.fml.util.ServiceLoaderUtil/CORE]: 	net.neoforged.fml.javafmlmod.FMLJavaModLanguageProvider from loader-4.0.42.jar
[03Oct2026 23:11:10.902] [main/DEBUG] [net.neoforged.fml.util.ServiceLoaderUtil/CORE]: 	net.neoforged.fml.lowcodemod.LowCodeModLanguageProvider from loader-4.0.42.jar
[03Oct2026 23:11:10.902] [main/DEBUG] [net.neoforged.fml.util.ServiceLoaderUtil/CORE]: 	net.neoforged.fml.mclanguageprovider.MinecraftModLanguageProvider from loader-4.0.42.jar
[03Oct2026 23:11:10.902] [main/DEBUG] [net.neoforged.fml.loading.LanguageProviderLoader/CORE]: Found language provider javafml, version 4.0.42
[03Oct2026 23:11:10.903] [main/DEBUG] [net.neoforged.fml.loading.LanguageProviderLoader/CORE]: Found language provider lowcodefml, version 4.0.42
[03Oct2026 23:11:10.904] [main/DEBUG] [net.neoforged.fml.loading.LanguageProviderLoader/CORE]: Found language provider minecraft, version 4.0.42
[03Oct2026 23:11:10.913] [main/DEBUG] [net.neoforged.fml.loading.ModSorter/]: Configured system mods: [minecraft, neoforge]
[03Oct2026 23:11:10.913] [main/DEBUG] [net.neoforged.fml.loading.ModSorter/]: Found system mod: minecraft
[03Oct2026 23:11:10.913] [main/DEBUG] [net.neoforged.fml.loading.ModSorter/]: Found system mod: neoforge
[03Oct2026 23:11:10.917] [main/DEBUG] [net.neoforged.fml.loading.ModSorter/LOADING]: Found 13 mod requirements (9 mandatory, 4 optional)
[03Oct2026 23:11:10.918] [main/DEBUG] [net.neoforged.fml.loading.ModSorter/LOADING]: Found 0 mod requirements missing (0 mandatory, 0 optional)
[03Oct2026 23:11:11.271] [main/DEBUG] [mixin/]: Adding mixin platform agents for container net.neoforged.fml.loading.mixin.FMLMixinContainerHandle@40298285
[03Oct2026 23:11:11.272] [main/DEBUG] [mixin/]: Instancing new MixinPlatformAgentMinecraftForge for net.neoforged.fml.loading.mixin.FMLMixinContainerHandle@40298285
[03Oct2026 23:11:11.272] [main/DEBUG] [mixin/]: MixinPlatformAgentMinecraftForge rejected container net.neoforged.fml.loading.mixin.FMLMixinContainerHandle@40298285
[03Oct2026 23:11:11.272] [main/DEBUG] [mixin/]: Instancing new MixinPlatformAgentDefault for net.neoforged.fml.loading.mixin.FMLMixinContainerHandle@40298285
[03Oct2026 23:11:11.272] [main/DEBUG] [mixin/]: MixinPlatformAgentDefault accepted container net.neoforged.fml.loading.mixin.FMLMixinContainerHandle@40298285
[03Oct2026 23:11:11.272] [main/DEBUG] [mixin/]: Instancing new FMLMixinPlatformAgent for net.neoforged.fml.loading.mixin.FMLMixinContainerHandle@40298285
[03Oct2026 23:11:11.272] [main/DEBUG] [mixin/]: FMLMixinPlatformAgent accepted container net.neoforged.fml.loading.mixin.FMLMixinContainerHandle@40298285
[03Oct2026 23:11:11.319] [main/DEBUG] [cpw.mods.modlauncher.TransformationServicesHandler/MODLAUNCHER]: Transformation services loading transformers
[03Oct2026 23:11:11.321] [main/DEBUG] [cpw.mods.modlauncher.TransformationServiceDecorator/MODLAUNCHER]: Initializing transformers for transformation service mixin
[03Oct2026 23:11:11.324] [main/DEBUG] [cpw.mods.modlauncher.TransformationServiceDecorator/MODLAUNCHER]: Initialized transformers for transformation service mixin
[03Oct2026 23:11:11.324] [main/DEBUG] [cpw.mods.modlauncher.TransformationServiceDecorator/MODLAUNCHER]: Initializing transformers for transformation service fml
[03Oct2026 23:11:11.324] [main/DEBUG] [net.neoforged.fml.loading.FMLServiceProvider/LOADING]: Loading coremod transformers
[03Oct2026 23:11:11.327] [main/DEBUG] [net.neoforged.fml.loading.FMLServiceProvider/CORE]: Not loading coremod script-engine since no mod requested it
[03Oct2026 23:11:11.330] [main/DEBUG] [net.neoforged.fml.util.ServiceLoaderUtil/CORE]: Found 1 implementations of ICoreMod:
[03Oct2026 23:11:11.331] [main/DEBUG] [net.neoforged.fml.util.ServiceLoaderUtil/CORE]: 	net.neoforged.neoforge.coremods.NeoForgeCoreMod from neoforge-21.1.232.jar > net.neoforged.neoforge-coremods-21.1.232.jar
[03Oct2026 23:11:11.371] [main/DEBUG] [net.neoforged.fml.loading.FMLServiceProvider/CORE]: Adding [Target[className=net.minecraft.world.level.biome.Biome, elementName=, elementDescriptor=, targetType=cpw.mods.modlauncher.api.TargetType@163d04ff]] transformer from core-mod net.neoforged.neoforge.coremods.NeoForgeCoreMod@5c9ac4cc in neoforge-21.1.232.jar > net.neoforged.neoforge-coremods-21.1.232.jar
[03Oct2026 23:11:11.372] [main/DEBUG] [net.neoforged.fml.loading.FMLServiceProvider/CORE]: Adding [Target[className=net.minecraft.world.level.levelgen.structure.Structure, elementName=, elementDescriptor=, targetType=cpw.mods.modlauncher.api.TargetType@163d04ff]] transformer from core-mod net.neoforged.neoforge.coremods.NeoForgeCoreMod@5c9ac4cc in neoforge-21.1.232.jar > net.neoforged.neoforge-coremods-21.1.232.jar
[03Oct2026 23:11:11.372] [main/DEBUG] [net.neoforged.fml.loading.FMLServiceProvider/CORE]: Adding [Target[className=net.minecraft.world.level.block.FlowerPotBlock, elementName=, elementDescriptor=, targetType=cpw.mods.modlauncher.api.TargetType@163d04ff]] transformer from core-mod net.neoforged.neoforge.coremods.NeoForgeCoreMod@5c9ac4cc in neoforge-21.1.232.jar > net.neoforged.neoforge-coremods-21.1.232.jar
[03Oct2026 23:11:11.372] [main/DEBUG] [net.neoforged.fml.loading.FMLServiceProvider/CORE]: Adding [Target[className=net/minecraft/server/commands/RaidCommand, elementName=, elementDescriptor=, targetType=cpw.mods.modlauncher.api.TargetType@163d04ff], Target[className=net/minecraft/world/entity/ai/village/VillageSiege, elementName=, elementDescriptor=, targetType=cpw.mods.modlauncher.api.TargetType@163d04ff], Target[className=net/minecraft/world/entity/monster/ZombieVillager, elementName=, elementDescriptor=, targetType=cpw.mods.modlauncher.api.TargetType@163d04ff], Target[className=net/minecraft/world/level/levelgen/PatrolSpawner, elementName=, elementDescriptor=, targetType=cpw.mods.modlauncher.api.TargetType@163d04ff], Target[className=net/minecraft/world/level/levelgen/structure/structures/OceanMonumentPieces$OceanMonumentPiece, elementName=, elementDescriptor=, targetType=cpw.mods.modlauncher.api.TargetType@163d04ff], Target[className=net/minecraft/world/entity/animal/frog/Tadpole, elementName=, elementDescriptor=, targetType=cpw.mods.modlauncher.api.TargetType@163d04ff], Target[className=net/minecraft/world/level/levelgen/structure/structures/SwampHutPiece, elementName=, elementDescriptor=, targetType=cpw.mods.modlauncher.api.TargetType@163d04ff], Target[className=net/minecraft/world/level/levelgen/PhantomSpawner, elementName=, elementDescriptor=, targetType=cpw.mods.modlauncher.api.TargetType@163d04ff], Target[className=net/minecraft/world/entity/npc/Villager, elementName=, elementDescriptor=, targetType=cpw.mods.modlauncher.api.TargetType@163d04ff], Target[className=net/minecraft/world/level/levelgen/structure/structures/OceanRuinPieces$OceanRuinPiece, elementName=, elementDescriptor=, targetType=cpw.mods.modlauncher.api.TargetType@163d04ff], Target[className=net/minecraft/world/entity/monster/Spider, elementName=, elementDescriptor=, targetType=cpw.mods.modlauncher.api.TargetType@163d04ff], Target[className=net/minecraft/world/entity/EntityType, elementName=, elementDescriptor=, targetType=cpw.mods.modlauncher.api.TargetType@163d04ff], Target[className=net/minecraft/world/entity/monster/Strider, elementName=, elementDescriptor=, targetType=cpw.mods.modlauncher.api.TargetType@163d04ff], Target[className=net/minecraft/world/entity/monster/Zombie, elementName=, elementDescriptor=, targetType=cpw.mods.modlauncher.api.TargetType@163d04ff], Target[className=net/minecraft/world/entity/raid/Raid, elementName=, elementDescriptor=, targetType=cpw.mods.modlauncher.api.TargetType@163d04ff], Target[className=net/minecraft/world/level/levelgen/structure/templatesystem/StructureTemplate, elementName=, elementDescriptor=, targetType=cpw.mods.modlauncher.api.TargetType@163d04ff], Target[className=net/minecraft/world/entity/monster/Evoker$EvokerSummonSpellGoal, elementName=, elementDescriptor=, targetType=cpw.mods.modlauncher.api.TargetType@163d04ff], Target[className=net/minecraft/world/level/NaturalSpawner, elementName=, elementDescriptor=, targetType=cpw.mods.modlauncher.api.TargetType@163d04ff], Target[className=net/minecraft/world/entity/animal/horse/SkeletonTrapGoal, elementName=, elementDescriptor=, targetType=cpw.mods.modlauncher.api.TargetType@163d04ff], Target[className=net/minecraft/world/entity/npc/CatSpawner, elementName=, elementDescriptor=, targetType=cpw.mods.modlauncher.api.TargetType@163d04ff], Target[className=net/minecraft/server/commands/SummonCommand, elementName=, elementDescriptor=, targetType=cpw.mods.modlauncher.api.TargetType@163d04ff], Target[className=net/minecraft/world/level/levelgen/structure/structures/WoodlandMansionPieces$WoodlandMansionPiece, elementName=, elementDescriptor=, targetType=cpw.mods.modlauncher.api.TargetType@163d04ff]] transformer from core-mod net.neoforged.neoforge.coremods.NeoForgeCoreMod@5c9ac4cc in neoforge-21.1.232.jar > net.neoforged.neoforge-coremods-21.1.232.jar
[03Oct2026 23:11:11.391] [main/DEBUG] [cpw.mods.modlauncher.TransformStore/MODLAUNCHER]: Adding transformer net.neoforged.neoforge.coremods.ReplaceFieldWithGetterAccess@167279d1 to Target : cpw.mods.modlauncher.api.TargetType@163d04ff {Lnet/minecraft/world/level/biome/Biome;} {} {V}
[03Oct2026 23:11:11.429] [main/DEBUG] [cpw.mods.modlauncher.TransformStore/MODLAUNCHER]: Adding transformer net.neoforged.neoforge.coremods.ReplaceFieldWithGetterAccess@35178483 to Target : cpw.mods.modlauncher.api.TargetType@163d04ff {Lnet/minecraft/world/level/levelgen/structure/Structure;} {} {V}
[03Oct2026 23:11:11.430] [main/DEBUG] [cpw.mods.modlauncher.TransformStore/MODLAUNCHER]: Adding transformer net.neoforged.neoforge.coremods.ReplaceFieldWithGetterAccess@bd1111a to Target : cpw.mods.modlauncher.api.TargetType@163d04ff {Lnet/minecraft/world/level/block/FlowerPotBlock;} {} {V}
[03Oct2026 23:11:11.430] [main/DEBUG] [cpw.mods.modlauncher.TransformStore/MODLAUNCHER]: Adding transformer net.neoforged.neoforge.coremods.MethodRedirector@7a8136b3 to Target : cpw.mods.modlauncher.api.TargetType@163d04ff {Lnet/minecraft/server/commands/RaidCommand;} {} {V}
[03Oct2026 23:11:11.430] [main/DEBUG] [cpw.mods.modlauncher.TransformStore/MODLAUNCHER]: Adding transformer net.neoforged.neoforge.coremods.MethodRedirector@7a8136b3 to Target : cpw.mods.modlauncher.api.TargetType@163d04ff {Lnet/minecraft/world/entity/ai/village/VillageSiege;} {} {V}
[03Oct2026 23:11:11.432] [main/DEBUG] [cpw.mods.modlauncher.TransformStore/MODLAUNCHER]: Adding transformer net.neoforged.neoforge.coremods.MethodRedirector@7a8136b3 to Target : cpw.mods.modlauncher.api.TargetType@163d04ff {Lnet/minecraft/world/entity/monster/ZombieVillager;} {} {V}
[03Oct2026 23:11:11.433] [main/DEBUG] [cpw.mods.modlauncher.TransformStore/MODLAUNCHER]: Adding transformer net.neoforged.neoforge.coremods.MethodRedirector@7a8136b3 to Target : cpw.mods.modlauncher.api.TargetType@163d04ff {Lnet/minecraft/world/level/levelgen/PatrolSpawner;} {} {V}
[03Oct2026 23:11:11.433] [main/DEBUG] [cpw.mods.modlauncher.TransformStore/MODLAUNCHER]: Adding transformer net.neoforged.neoforge.coremods.MethodRedirector@7a8136b3 to Target : cpw.mods.modlauncher.api.TargetType@163d04ff {Lnet/minecraft/world/level/levelgen/structure/structures/OceanMonumentPieces$OceanMonumentPiece;} {} {V}
[03Oct2026 23:11:11.434] [main/DEBUG] [cpw.mods.modlauncher.TransformStore/MODLAUNCHER]: Adding transformer net.neoforged.neoforge.coremods.MethodRedirector@7a8136b3 to Target : cpw.mods.modlauncher.api.TargetType@163d04ff {Lnet/minecraft/world/entity/animal/frog/Tadpole;} {} {V}
[03Oct2026 23:11:11.434] [main/DEBUG] [cpw.mods.modlauncher.TransformStore/MODLAUNCHER]: Adding transformer net.neoforged.neoforge.coremods.MethodRedirector@7a8136b3 to Target : cpw.mods.modlauncher.api.TargetType@163d04ff {Lnet/minecraft/world/level/levelgen/structure/structures/SwampHutPiece;} {} {V}
[03Oct2026 23:11:11.434] [main/DEBUG] [cpw.mods.modlauncher.TransformStore/MODLAUNCHER]: Adding transformer net.neoforged.neoforge.coremods.MethodRedirector@7a8136b3 to Target : cpw.mods.modlauncher.api.TargetType@163d04ff {Lnet/minecraft/world/level/levelgen/PhantomSpawner;} {} {V}
[03Oct2026 23:11:11.435] [main/DEBUG] [cpw.mods.modlauncher.TransformStore/MODLAUNCHER]: Adding transformer net.neoforged.neoforge.coremods.MethodRedirector@7a8136b3 to Target : cpw.mods.modlauncher.api.TargetType@163d04ff {Lnet/minecraft/world/entity/npc/Villager;} {} {V}
[03Oct2026 23:11:11.435] [main/DEBUG] [cpw.mods.modlauncher.TransformStore/MODLAUNCHER]: Adding transformer net.neoforged.neoforge.coremods.MethodRedirector@7a8136b3 to Target : cpw.mods.modlauncher.api.TargetType@163d04ff {Lnet/minecraft/world/level/levelgen/structure/structures/OceanRuinPieces$OceanRuinPiece;} {} {V}
[03Oct2026 23:11:11.436] [main/DEBUG] [cpw.mods.modlauncher.TransformStore/MODLAUNCHER]: Adding transformer net.neoforged.neoforge.coremods.MethodRedirector@7a8136b3 to Target : cpw.mods.modlauncher.api.TargetType@163d04ff {Lnet/minecraft/world/entity/monster/Spider;} {} {V}
[03Oct2026 23:11:11.436] [main/DEBUG] [cpw.mods.modlauncher.TransformStore/MODLAUNCHER]: Adding transformer net.neoforged.neoforge.coremods.MethodRedirector@7a8136b3 to Target : cpw.mods.modlauncher.api.TargetType@163d04ff {Lnet/minecraft/world/entity/EntityType;} {} {V}
[03Oct2026 23:11:11.436] [main/DEBUG] [cpw.mods.modlauncher.TransformStore/MODLAUNCHER]: Adding transformer net.neoforged.neoforge.coremods.MethodRedirector@7a8136b3 to Target : cpw.mods.modlauncher.api.TargetType@163d04ff {Lnet/minecraft/world/entity/monster/Strider;} {} {V}
[03Oct2026 23:11:11.436] [main/DEBUG] [cpw.mods.modlauncher.TransformStore/MODLAUNCHER]: Adding transformer net.neoforged.neoforge.coremods.MethodRedirector@7a8136b3 to Target : cpw.mods.modlauncher.api.TargetType@163d04ff {Lnet/minecraft/world/entity/monster/Zombie;} {} {V}
[03Oct2026 23:11:11.436] [main/DEBUG] [cpw.mods.modlauncher.TransformStore/MODLAUNCHER]: Adding transformer net.neoforged.neoforge.coremods.MethodRedirector@7a8136b3 to Target : cpw.mods.modlauncher.api.TargetType@163d04ff {Lnet/minecraft/world/entity/raid/Raid;} {} {V}
[03Oct2026 23:11:11.436] [main/DEBUG] [cpw.mods.modlauncher.TransformStore/MODLAUNCHER]: Adding transformer net.neoforged.neoforge.coremods.MethodRedirector@7a8136b3 to Target : cpw.mods.modlauncher.api.TargetType@163d04ff {Lnet/minecraft/world/level/levelgen/structure/templatesystem/StructureTemplate;} {} {V}
[03Oct2026 23:11:11.436] [main/DEBUG] [cpw.mods.modlauncher.TransformStore/MODLAUNCHER]: Adding transformer net.neoforged.neoforge.coremods.MethodRedirector@7a8136b3 to Target : cpw.mods.modlauncher.api.TargetType@163d04ff {Lnet/minecraft/world/entity/monster/Evoker$EvokerSummonSpellGoal;} {} {V}
[03Oct2026 23:11:11.438] [main/DEBUG] [cpw.mods.modlauncher.TransformStore/MODLAUNCHER]: Adding transformer net.neoforged.neoforge.coremods.MethodRedirector@7a8136b3 to Target : cpw.mods.modlauncher.api.TargetType@163d04ff {Lnet/minecraft/world/level/NaturalSpawner;} {} {V}
[03Oct2026 23:11:11.438] [main/DEBUG] [cpw.mods.modlauncher.TransformStore/MODLAUNCHER]: Adding transformer net.neoforged.neoforge.coremods.MethodRedirector@7a8136b3 to Target : cpw.mods.modlauncher.api.TargetType@163d04ff {Lnet/minecraft/world/entity/animal/horse/SkeletonTrapGoal;} {} {V}
[03Oct2026 23:11:11.439] [main/DEBUG] [cpw.mods.modlauncher.TransformStore/MODLAUNCHER]: Adding transformer net.neoforged.neoforge.coremods.MethodRedirector@7a8136b3 to Target : cpw.mods.modlauncher.api.TargetType@163d04ff {Lnet/minecraft/world/entity/npc/CatSpawner;} {} {V}
[03Oct2026 23:11:11.439] [main/DEBUG] [cpw.mods.modlauncher.TransformStore/MODLAUNCHER]: Adding transformer net.neoforged.neoforge.coremods.MethodRedirector@7a8136b3 to Target : cpw.mods.modlauncher.api.TargetType@163d04ff {Lnet/minecraft/server/commands/SummonCommand;} {} {V}
[03Oct2026 23:11:11.439] [main/DEBUG] [cpw.mods.modlauncher.TransformStore/MODLAUNCHER]: Adding transformer net.neoforged.neoforge.coremods.MethodRedirector@7a8136b3 to Target : cpw.mods.modlauncher.api.TargetType@163d04ff {Lnet/minecraft/world/level/levelgen/structure/structures/WoodlandMansionPieces$WoodlandMansionPiece;} {} {V}
[03Oct2026 23:11:11.439] [main/DEBUG] [cpw.mods.modlauncher.TransformationServiceDecorator/MODLAUNCHER]: Initialized transformers for transformation service fml
[03Oct2026 23:11:13.130] [main/DEBUG] [mixin/]: Processing prepare() for PlatformAgent[MixinPlatformAgentDefault:ModLauncher Root Container(ModLauncher:4f56a0a2)]
[03Oct2026 23:11:13.131] [main/DEBUG] [mixin/]: Processing prepare() for PlatformAgent[MixinPlatformAgentDefault:net.neoforged.fml.loading.mixin.FMLMixinContainerHandle@40298285]
[03Oct2026 23:11:13.131] [main/DEBUG] [mixin/]: Processing prepare() for PlatformAgent[FMLMixinPlatformAgent:null]
[03Oct2026 23:11:13.187] [main/DEBUG] [mixin/]: Compatibility level JAVA_21 specified by kaleidoscope_cookery.mixins.json is higher than the maximum level supported by this version of mixin (JAVA_13).
[03Oct2026 23:11:13.192] [main/INFO] [mixin/]: Compatibility level set to JAVA_21
[03Oct2026 23:11:13.195] [main/DEBUG] [mixin/]: Compatibility level JAVA_16 specified by architectury.mixins.json is higher than the maximum level supported by this version of mixin (JAVA_13).
[03Oct2026 23:11:13.196] [main/DEBUG] [mixin/]: Compatibility level JAVA_16 specified by architectury-common.mixins.json is higher than the maximum level supported by this version of mixin (JAVA_13).
[03Oct2026 23:11:13.202] [main/DEBUG] [mixin/]: Processing launch tasks for PlatformAgent[MixinPlatformAgentDefault:ModLauncher Root Container(ModLauncher:4f56a0a2)]
[03Oct2026 23:11:13.202] [main/DEBUG] [mixin/]: Adding mixin platform agents for container SecureJarResource(mixin_synthetic)
[03Oct2026 23:11:13.202] [main/DEBUG] [mixin/]: Instancing new MixinPlatformAgentMinecraftForge for SecureJarResource(mixin_synthetic)
[03Oct2026 23:11:13.202] [main/DEBUG] [mixin/]: MixinPlatformAgentMinecraftForge rejected container SecureJarResource(mixin_synthetic)
[03Oct2026 23:11:13.202] [main/DEBUG] [mixin/]: Instancing new MixinPlatformAgentDefault for SecureJarResource(mixin_synthetic)
[03Oct2026 23:11:13.204] [main/DEBUG] [mixin/]: MixinPlatformAgentDefault accepted container SecureJarResource(mixin_synthetic)
[03Oct2026 23:11:13.204] [main/DEBUG] [mixin/]: Instancing new FMLMixinPlatformAgent for SecureJarResource(mixin_synthetic)
[03Oct2026 23:11:13.204] [main/DEBUG] [mixin/]: FMLMixinPlatformAgent rejected container SecureJarResource(mixin_synthetic)
[03Oct2026 23:11:13.204] [main/DEBUG] [mixin/]: Processing prepare() for PlatformAgent[MixinPlatformAgentDefault:SecureJarResource(mixin_synthetic)]
[03Oct2026 23:11:13.204] [main/DEBUG] [mixin/]: Adding mixin platform agents for container SecureJarResource(minecraft)
[03Oct2026 23:11:13.204] [main/DEBUG] [mixin/]: Instancing new MixinPlatformAgentMinecraftForge for SecureJarResource(minecraft)
[03Oct2026 23:11:13.204] [main/DEBUG] [mixin/]: MixinPlatformAgentMinecraftForge rejected container SecureJarResource(minecraft)
[03Oct2026 23:11:13.204] [main/DEBUG] [mixin/]: Instancing new MixinPlatformAgentDefault for SecureJarResource(minecraft)
[03Oct2026 23:11:13.204] [main/DEBUG] [mixin/]: MixinPlatformAgentDefault accepted container SecureJarResource(minecraft)
[03Oct2026 23:11:13.204] [main/DEBUG] [mixin/]: Instancing new FMLMixinPlatformAgent for SecureJarResource(minecraft)
[03Oct2026 23:11:13.204] [main/DEBUG] [mixin/]: FMLMixinPlatformAgent rejected container SecureJarResource(minecraft)
[03Oct2026 23:11:13.204] [main/DEBUG] [mixin/]: Processing prepare() for PlatformAgent[MixinPlatformAgentDefault:SecureJarResource(minecraft)]
[03Oct2026 23:11:13.204] [main/DEBUG] [mixin/]: Adding mixin platform agents for container SecureJarResource(rhino)
[03Oct2026 23:11:13.204] [main/DEBUG] [mixin/]: Instancing new MixinPlatformAgentMinecraftForge for SecureJarResource(rhino)
[03Oct2026 23:11:13.205] [main/DEBUG] [mixin/]: MixinPlatformAgentMinecraftForge rejected container SecureJarResource(rhino)
[03Oct2026 23:11:13.205] [main/DEBUG] [mixin/]: Instancing new MixinPlatformAgentDefault for SecureJarResource(rhino)
[03Oct2026 23:11:13.205] [main/DEBUG] [mixin/]: MixinPlatformAgentDefault accepted container SecureJarResource(rhino)
[03Oct2026 23:11:13.205] [main/DEBUG] [mixin/]: Instancing new FMLMixinPlatformAgent for SecureJarResource(rhino)
[03Oct2026 23:11:13.205] [main/DEBUG] [mixin/]: FMLMixinPlatformAgent rejected container SecureJarResource(rhino)
[03Oct2026 23:11:13.205] [main/DEBUG] [mixin/]: Processing prepare() for PlatformAgent[MixinPlatformAgentDefault:SecureJarResource(rhino)]
[03Oct2026 23:11:13.205] [main/DEBUG] [mixin/]: Adding mixin platform agents for container SecureJarResource(kaleidoscope_cookery)
[03Oct2026 23:11:13.205] [main/DEBUG] [mixin/]: Instancing new MixinPlatformAgentMinecraftForge for SecureJarResource(kaleidoscope_cookery)
[03Oct2026 23:11:13.205] [main/DEBUG] [mixin/]: MixinPlatformAgentMinecraftForge rejected container SecureJarResource(kaleidoscope_cookery)
[03Oct2026 23:11:13.205] [main/DEBUG] [mixin/]: Instancing new MixinPlatformAgentDefault for SecureJarResource(kaleidoscope_cookery)
[03Oct2026 23:11:13.205] [main/DEBUG] [mixin/]: MixinPlatformAgentDefault accepted container SecureJarResource(kaleidoscope_cookery)
[03Oct2026 23:11:13.205] [main/DEBUG] [mixin/]: Instancing new FMLMixinPlatformAgent for SecureJarResource(kaleidoscope_cookery)
[03Oct2026 23:11:13.205] [main/DEBUG] [mixin/]: FMLMixinPlatformAgent rejected container SecureJarResource(kaleidoscope_cookery)
[03Oct2026 23:11:13.205] [main/DEBUG] [mixin/]: Processing prepare() for PlatformAgent[MixinPlatformAgentDefault:SecureJarResource(kaleidoscope_cookery)]
[03Oct2026 23:11:13.205] [main/DEBUG] [mixin/]: Adding mixin platform agents for container SecureJarResource(architectury)
[03Oct2026 23:11:13.205] [main/DEBUG] [mixin/]: Instancing new MixinPlatformAgentMinecraftForge for SecureJarResource(architectury)
[03Oct2026 23:11:13.205] [main/DEBUG] [mixin/]: MixinPlatformAgentMinecraftForge rejected container SecureJarResource(architectury)
[03Oct2026 23:11:13.205] [main/DEBUG] [mixin/]: Instancing new MixinPlatformAgentDefault for SecureJarResource(architectury)
[03Oct2026 23:11:13.205] [main/DEBUG] [mixin/]: MixinPlatformAgentDefault accepted container SecureJarResource(architectury)
[03Oct2026 23:11:13.207] [main/DEBUG] [mixin/]: Instancing new FMLMixinPlatformAgent for SecureJarResource(architectury)
[03Oct2026 23:11:13.207] [main/DEBUG] [mixin/]: FMLMixinPlatformAgent rejected container SecureJarResource(architectury)
[03Oct2026 23:11:13.207] [main/DEBUG] [mixin/]: Processing prepare() for PlatformAgent[MixinPlatformAgentDefault:SecureJarResource(architectury)]
[03Oct2026 23:11:13.207] [main/DEBUG] [mixin/]: Adding mixin platform agents for container SecureJarResource(kubejs)
[03Oct2026 23:11:13.207] [main/DEBUG] [mixin/]: Instancing new MixinPlatformAgentMinecraftForge for SecureJarResource(kubejs)
[03Oct2026 23:11:13.207] [main/DEBUG] [mixin/]: MixinPlatformAgentMinecraftForge rejected container SecureJarResource(kubejs)
[03Oct2026 23:11:13.207] [main/DEBUG] [mixin/]: Instancing new MixinPlatformAgentDefault for SecureJarResource(kubejs)
[03Oct2026 23:11:13.207] [main/DEBUG] [mixin/]: MixinPlatformAgentDefault accepted container SecureJarResource(kubejs)
[03Oct2026 23:11:13.207] [main/DEBUG] [mixin/]: Instancing new FMLMixinPlatformAgent for SecureJarResource(kubejs)
[03Oct2026 23:11:13.208] [main/DEBUG] [mixin/]: FMLMixinPlatformAgent rejected container SecureJarResource(kubejs)
[03Oct2026 23:11:13.208] [main/DEBUG] [mixin/]: Processing prepare() for PlatformAgent[MixinPlatformAgentDefault:SecureJarResource(kubejs)]
[03Oct2026 23:11:13.208] [main/DEBUG] [mixin/]: Adding mixin platform agents for container SecureJarResource(kaleidoscope_snack)
[03Oct2026 23:11:13.208] [main/DEBUG] [mixin/]: Instancing new MixinPlatformAgentMinecraftForge for SecureJarResource(kaleidoscope_snack)
[03Oct2026 23:11:13.208] [main/DEBUG] [mixin/]: MixinPlatformAgentMinecraftForge rejected container SecureJarResource(kaleidoscope_snack)
[03Oct2026 23:11:13.208] [main/DEBUG] [mixin/]: Instancing new MixinPlatformAgentDefault for SecureJarResource(kaleidoscope_snack)
[03Oct2026 23:11:13.208] [main/DEBUG] [mixin/]: MixinPlatformAgentDefault accepted container SecureJarResource(kaleidoscope_snack)
[03Oct2026 23:11:13.208] [main/DEBUG] [mixin/]: Instancing new FMLMixinPlatformAgent for SecureJarResource(kaleidoscope_snack)
[03Oct2026 23:11:13.208] [main/DEBUG] [mixin/]: FMLMixinPlatformAgent rejected container SecureJarResource(kaleidoscope_snack)
[03Oct2026 23:11:13.208] [main/DEBUG] [mixin/]: Processing prepare() for PlatformAgent[MixinPlatformAgentDefault:SecureJarResource(kaleidoscope_snack)]
[03Oct2026 23:11:13.208] [main/DEBUG] [mixin/]: Adding mixin platform agents for container SecureJarResource(mixinextras.neoforge)
[03Oct2026 23:11:13.208] [main/DEBUG] [mixin/]: Instancing new MixinPlatformAgentMinecraftForge for SecureJarResource(mixinextras.neoforge)
[03Oct2026 23:11:13.208] [main/DEBUG] [mixin/]: MixinPlatformAgentMinecraftForge rejected container SecureJarResource(mixinextras.neoforge)
[03Oct2026 23:11:13.208] [main/DEBUG] [mixin/]: Instancing new MixinPlatformAgentDefault for SecureJarResource(mixinextras.neoforge)
[03Oct2026 23:11:13.208] [main/DEBUG] [mixin/]: MixinPlatformAgentDefault accepted container SecureJarResource(mixinextras.neoforge)
[03Oct2026 23:11:13.208] [main/DEBUG] [mixin/]: Instancing new FMLMixinPlatformAgent for SecureJarResource(mixinextras.neoforge)
[03Oct2026 23:11:13.208] [main/DEBUG] [mixin/]: FMLMixinPlatformAgent rejected container SecureJarResource(mixinextras.neoforge)
[03Oct2026 23:11:13.209] [main/DEBUG] [mixin/]: Processing prepare() for PlatformAgent[MixinPlatformAgentDefault:SecureJarResource(mixinextras.neoforge)]
[03Oct2026 23:11:13.209] [main/DEBUG] [mixin/]: Registering mixin config: mixinextras.init.mixins.json source=SecureJarResource(mixinextras.neoforge)
[03Oct2026 23:11:13.209] [main/DEBUG] [mixin/]: inject() running with 10 agents
[03Oct2026 23:11:13.209] [main/DEBUG] [mixin/]: Processing inject() for PlatformAgent[MixinPlatformAgentDefault:ModLauncher Root Container(ModLauncher:4f56a0a2)]
[03Oct2026 23:11:13.209] [main/DEBUG] [mixin/]: Processing inject() for PlatformAgent[MixinPlatformAgentDefault:net.neoforged.fml.loading.mixin.FMLMixinContainerHandle@40298285]
[03Oct2026 23:11:13.209] [main/DEBUG] [mixin/]: Processing inject() for PlatformAgent[FMLMixinPlatformAgent:null]
[03Oct2026 23:11:13.211] [main/DEBUG] [mixin/]: Processing inject() for PlatformAgent[MixinPlatformAgentDefault:SecureJarResource(mixin_synthetic)]
[03Oct2026 23:11:13.211] [main/DEBUG] [mixin/]: Processing inject() for PlatformAgent[MixinPlatformAgentDefault:SecureJarResource(minecraft)]
[03Oct2026 23:11:13.211] [main/DEBUG] [mixin/]: Processing inject() for PlatformAgent[MixinPlatformAgentDefault:SecureJarResource(rhino)]
[03Oct2026 23:11:13.211] [main/DEBUG] [mixin/]: Processing inject() for PlatformAgent[MixinPlatformAgentDefault:SecureJarResource(kaleidoscope_cookery)]
[03Oct2026 23:11:13.211] [main/DEBUG] [mixin/]: Processing inject() for PlatformAgent[MixinPlatformAgentDefault:SecureJarResource(architectury)]
[03Oct2026 23:11:13.211] [main/DEBUG] [mixin/]: Processing inject() for PlatformAgent[MixinPlatformAgentDefault:SecureJarResource(kubejs)]
[03Oct2026 23:11:13.211] [main/DEBUG] [mixin/]: Processing inject() for PlatformAgent[MixinPlatformAgentDefault:SecureJarResource(kaleidoscope_snack)]
[03Oct2026 23:11:13.211] [main/DEBUG] [mixin/]: Processing inject() for PlatformAgent[MixinPlatformAgentDefault:SecureJarResource(mixinextras.neoforge)]
[03Oct2026 23:11:13.212] [main/INFO] [cpw.mods.modlauncher.LaunchServiceHandler/MODLAUNCHER]: Launching target 'forgeclientdev' with arguments [--version, 21.1.232, --gameDir, ., --assetsDir, C:\Users\Ctoy\.mcreator\gradle\caches\neoformruntime\assets, --assetIndex, 17]
[03Oct2026 23:11:13.285] [main/DEBUG] [mixin/]: Preparing mixins for MixinEnvironment[DEFAULT]
[03Oct2026 23:11:13.285] [main/DEBUG] [mixin/]: Selecting config kaleidoscope_cookery.mixins.json
[03Oct2026 23:11:13.294] [main/WARN] [mixin/]: Reference map 'kaleidoscope_cookery.refmap.json' for kaleidoscope_cookery.mixins.json could not be read. If this is a development environment you can ignore this message
[03Oct2026 23:11:13.294] [main/DEBUG] [mixin/]: Selecting config architectury.mixins.json
[03Oct2026 23:11:13.300] [main/DEBUG] [mixin/]: Selecting config architectury-common.mixins.json
[03Oct2026 23:11:13.300] [main/DEBUG] [mixin/]: Selecting config neoforge.mixins.json
[03Oct2026 23:11:13.301] [main/DEBUG] [mixin/]: Selecting config kubejs.mixins.json
[03Oct2026 23:11:13.307] [main/DEBUG] [mixin/]: Selecting config mixinextras.init.mixins.json
[03Oct2026 23:11:13.441] [main/DEBUG] [MixinExtras|Service/]: com.llamalad7.mixinextras.service.MixinExtrasServiceImpl(version=0.5.3) is taking over from null
[03Oct2026 23:11:13.500] [main/DEBUG] [mixin/]: Registering new injector for @Inject with org.spongepowered.asm.mixin.injection.struct.CallbackInjectionInfo
[03Oct2026 23:11:13.503] [main/DEBUG] [mixin/]: Registering new injector for @ModifyArg with org.spongepowered.asm.mixin.injection.struct.ModifyArgInjectionInfo
[03Oct2026 23:11:13.506] [main/DEBUG] [mixin/]: Registering new injector for @ModifyArgs with org.spongepowered.asm.mixin.injection.struct.ModifyArgsInjectionInfo
[03Oct2026 23:11:13.510] [main/DEBUG] [mixin/]: Registering new injector for @Redirect with org.spongepowered.asm.mixin.injection.struct.RedirectInjectionInfo
[03Oct2026 23:11:13.513] [main/DEBUG] [mixin/]: Registering new injector for @ModifyVariable with org.spongepowered.asm.mixin.injection.struct.ModifyVariableInjectionInfo
[03Oct2026 23:11:13.518] [main/DEBUG] [mixin/]: Registering new injector for @ModifyConstant with org.spongepowered.asm.mixin.injection.struct.ModifyConstantInjectionInfo
[03Oct2026 23:11:13.543] [main/DEBUG] [mixin/]: Preparing kaleidoscope_cookery.mixins.json (6)
[03Oct2026 23:11:13.837] [main/DEBUG] [mixin/]: Preparing architectury.mixins.json (11)
[03Oct2026 23:11:13.902] [main/DEBUG] [mixin/]: Preparing architectury-common.mixins.json (9)
[03Oct2026 23:11:13.929] [main/DEBUG] [mixin/]: Preparing neoforge.mixins.json (2)
[03Oct2026 23:11:13.936] [main/DEBUG] [mixin/]: Preparing kubejs.mixins.json (86)
[03Oct2026 23:11:14.260] [main/DEBUG] [mixin/]: Preparing mixinextras.init.mixins.json (0)
[03Oct2026 23:11:14.297] [main/DEBUG] [mixin/]: Inner class dev/latvian/mods/kubejs/core/mixin/GameRulesMixin$1 in dev/latvian/mods/kubejs/core/mixin/GameRulesMixin on net/minecraft/world/level/GameRules gets unique name net/minecraft/world/level/GameRules$Anonymous$e7e4f7743f6e4f4eb958417773f1aa07
[03Oct2026 23:11:14.327] [main/DEBUG] [mixin/]: Prepared 112 mixins in 1.039 sec (9.3ms avg) (0ms load, 0ms transform, 0ms plugin)
[03Oct2026 23:11:14.330] [main/INFO] [MixinExtras|Service/]: Initializing MixinExtras via com.llamalad7.mixinextras.service.MixinExtrasServiceImpl(version=0.5.3).
[03Oct2026 23:11:14.332] [main/DEBUG] [mixin/]: Registering new injector for @SugarWrapper with com.llamalad7.mixinextras.sugar.impl.SugarWrapperInjectionInfo
[03Oct2026 23:11:14.332] [main/DEBUG] [mixin/]: Registering new injector for @FactoryRedirectWrapper with com.llamalad7.mixinextras.wrapper.factory.FactoryRedirectWrapperInjectionInfo
[03Oct2026 23:11:14.333] [main/DEBUG] [mixin/]: Registering new injector for @ExpressionInjectorWrapper with com.llamalad7.mixinextras.expression.impl.wrapper.ExpressionInjectorWrapperInjectionInfo
[03Oct2026 23:11:14.366] [main/DEBUG] [mixin/]: Mixing LoadingOverlayMixin from kubejs.mixins.json into net.minecraft.client.gui.screens.LoadingOverlay
[03Oct2026 23:11:14.438] [main/DEBUG] [mixin/]: Mixing GuiGraphicsMixin from kubejs.mixins.json into net.minecraft.client.gui.GuiGraphics
[03Oct2026 23:11:14.627] [main/DEBUG] [mixin/]: Mixing MixinMinecraft from architectury.mixins.json into net.minecraft.client.Minecraft
[03Oct2026 23:11:14.632] [main/DEBUG] [mixin/]: architectury.mixins.json:MixinMinecraft from mod architectury: Class version 65 required is higher than the class version supported by the current version of Mixin (JAVA_16 supports class version 60)
[03Oct2026 23:11:14.640] [main/DEBUG] [mixin/]: Mixing MinecraftClientMixin from kubejs.mixins.json into net.minecraft.client.Minecraft
[03Oct2026 23:11:14.644] [main/DEBUG] [mixin/]: Renaming synthetic method lambda$kjs$endResourceReload$1()V to md299a63$kubejs$lambda$kjs$endResourceReload$1$0 in kubejs.mixins.json:MinecraftClientMixin from mod kubejs
[03Oct2026 23:11:14.646] [main/DEBUG] [mixin/]: Renaming synthetic method lambda$kjs$init$0()V to md299a63$kubejs$lambda$kjs$init$0$1 in kubejs.mixins.json:MinecraftClientMixin from mod kubejs
[03Oct2026 23:11:14.773] [main/DEBUG] [mixin/]: architectury.mixins.json:MixinMinecraft from mod architectury->@Inject::onStart(Lorg/spongepowered/asm/mixin/injection/callback/CallbackInfo;)V doesn't use it's CallbackInfo
[03Oct2026 23:11:14.774] [main/DEBUG] [mixin/]: architectury.mixins.json:MixinMinecraft from mod architectury->@Inject::onStart(Lorg/spongepowered/asm/mixin/injection/callback/CallbackInfo;)V has 0 override(s) in child classes
[03Oct2026 23:11:14.774] [main/DEBUG] [mixin/]: architectury.mixins.json:MixinMinecraft from mod architectury->@Inject::onStart(Lorg/spongepowered/asm/mixin/injection/callback/CallbackInfo;)V won't be passed a CallbackInfo as a result
[03Oct2026 23:11:14.774] [main/DEBUG] [mixin/]: architectury.mixins.json:MixinMinecraft from mod architectury->@Inject::onStopping(Lorg/spongepowered/asm/mixin/injection/callback/CallbackInfo;)V doesn't use it's CallbackInfo
[03Oct2026 23:11:14.774] [main/DEBUG] [mixin/]: architectury.mixins.json:MixinMinecraft from mod architectury->@Inject::onStopping(Lorg/spongepowered/asm/mixin/injection/callback/CallbackInfo;)V has 0 override(s) in child classes
[03Oct2026 23:11:14.774] [main/DEBUG] [mixin/]: architectury.mixins.json:MixinMinecraft from mod architectury->@Inject::onStopping(Lorg/spongepowered/asm/mixin/injection/callback/CallbackInfo;)V won't be passed a CallbackInfo as a result
[03Oct2026 23:11:14.774] [main/DEBUG] [mixin/]: kubejs.mixins.json:MinecraftClientMixin from mod kubejs->@Inject::kjs$init(Lorg/spongepowered/asm/mixin/injection/callback/CallbackInfo;)V doesn't use it's CallbackInfo
[03Oct2026 23:11:14.775] [main/DEBUG] [mixin/]: kubejs.mixins.json:MinecraftClientMixin from mod kubejs->@Inject::kjs$init(Lorg/spongepowered/asm/mixin/injection/callback/CallbackInfo;)V has 0 override(s) in child classes
[03Oct2026 23:11:14.775] [main/DEBUG] [mixin/]: kubejs.mixins.json:MinecraftClientMixin from mod kubejs->@Inject::kjs$init(Lorg/spongepowered/asm/mixin/injection/callback/CallbackInfo;)V won't be passed a CallbackInfo as a result
[03Oct2026 23:11:14.779] [main/DEBUG] [mixin/]: kubejs.mixins.json:MinecraftClientMixin from mod kubejs->@Inject::kjs$createTitle(Lorg/spongepowered/asm/mixin/injection/callback/CallbackInfoReturnable;)V does use it's CallbackInfoReturnable
[03Oct2026 23:11:14.780] [main/DEBUG] [mixin/]: kubejs.mixins.json:MinecraftClientMixin from mod kubejs->@Inject::kjs$startAttack(Lorg/spongepowered/asm/mixin/injection/callback/CallbackInfoReturnable;)V doesn't use it's CallbackInfoReturnable
[03Oct2026 23:11:14.780] [main/DEBUG] [mixin/]: kubejs.mixins.json:MinecraftClientMixin from mod kubejs->@Inject::kjs$startAttack(Lorg/spongepowered/asm/mixin/injection/callback/CallbackInfoReturnable;)V has 0 override(s) in child classes
[03Oct2026 23:11:14.780] [main/DEBUG] [mixin/]: kubejs.mixins.json:MinecraftClientMixin from mod kubejs->@Inject::kjs$startAttack(Lorg/spongepowered/asm/mixin/injection/callback/CallbackInfoReturnable;)V won't be passed a CallbackInfoReturnable as a result
[03Oct2026 23:11:14.780] [main/DEBUG] [mixin/]: kubejs.mixins.json:MinecraftClientMixin from mod kubejs->@Inject::kjs$startUseItem(Lorg/spongepowered/asm/mixin/injection/callback/CallbackInfo;)V doesn't use it's CallbackInfo
[03Oct2026 23:11:14.781] [main/DEBUG] [mixin/]: kubejs.mixins.json:MinecraftClientMixin from mod kubejs->@Inject::kjs$startUseItem(Lorg/spongepowered/asm/mixin/injection/callback/CallbackInfo;)V has 0 override(s) in child classes
[03Oct2026 23:11:14.781] [main/DEBUG] [mixin/]: kubejs.mixins.json:MinecraftClientMixin from mod kubejs->@Inject::kjs$startUseItem(Lorg/spongepowered/asm/mixin/injection/callback/CallbackInfo;)V won't be passed a CallbackInfo as a result
[03Oct2026 23:11:14.781] [main/DEBUG] [mixin/]: kubejs.mixins.json:MinecraftClientMixin from mod kubejs->@Inject::kjs$postTickClient(Lorg/spongepowered/asm/mixin/injection/callback/CallbackInfo;)V doesn't use it's CallbackInfo
[03Oct2026 23:11:14.781] [main/DEBUG] [mixin/]: kubejs.mixins.json:MinecraftClientMixin from mod kubejs->@Inject::kjs$postTickClient(Lorg/spongepowered/asm/mixin/injection/callback/CallbackInfo;)V has 0 override(s) in child classes
[03Oct2026 23:11:14.781] [main/DEBUG] [mixin/]: kubejs.mixins.json:MinecraftClientMixin from mod kubejs->@Inject::kjs$postTickClient(Lorg/spongepowered/asm/mixin/injection/callback/CallbackInfo;)V won't be passed a CallbackInfo as a result
[03Oct2026 23:11:14.781] [main/DEBUG] [mixin/]: kubejs.mixins.json:MinecraftClientMixin from mod kubejs->@Inject::kjs$endResourceReload(ZLnet/minecraft/client/Minecraft$GameLoadCookie;Lorg/spongepowered/asm/mixin/injection/callback/CallbackInfoReturnable;)V doesn't use it's CallbackInfoReturnable
[03Oct2026 23:11:14.781] [main/DEBUG] [mixin/]: kubejs.mixins.json:MinecraftClientMixin from mod kubejs->@Inject::kjs$endResourceReload(ZLnet/minecraft/client/Minecraft$GameLoadCookie;Lorg/spongepowered/asm/mixin/injection/callback/CallbackInfoReturnable;)V has 0 override(s) in child classes
[03Oct2026 23:11:14.781] [main/DEBUG] [mixin/]: kubejs.mixins.json:MinecraftClientMixin from mod kubejs->@Inject::kjs$endResourceReload(ZLnet/minecraft/client/Minecraft$GameLoadCookie;Lorg/spongepowered/asm/mixin/injection/callback/CallbackInfoReturnable;)V won't be passed a CallbackInfoReturnable as a result
[03Oct2026 23:11:15.042] [main/DEBUG] [mixin/]: Mixing StringRepresentableMixin from kubejs.mixins.json into net.minecraft.util.StringRepresentable
[03Oct2026 23:11:15.317] [main/DEBUG] [io.netty.util.internal.logging.InternalLoggerFactory/]: Using SLF4J as the default logging framework
[03Oct2026 23:11:15.322] [main/DEBUG] [io.netty.util.ResourceLeakDetector/]: -Dio.netty.leakDetection.level: simple
[03Oct2026 23:11:15.322] [main/DEBUG] [io.netty.util.ResourceLeakDetector/]: -Dio.netty.leakDetection.targetRecords: 4
[03Oct2026 23:11:15.369] [main/DEBUG] [mixin/]: Mixing CompoundTagMixin from kubejs.mixins.json into net.minecraft.nbt.CompoundTag
[03Oct2026 23:11:15.454] [main/DEBUG] [mixin/]: Mixing MutableComponentMixin from kubejs.mixins.json into net.minecraft.network.chat.MutableComponent
[03Oct2026 23:11:15.485] [main/DEBUG] [mixin/]: Mixing ResourceLocationMixin from kubejs.mixins.json into net.minecraft.resources.ResourceLocation
[03Oct2026 23:11:16.094] [main/DEBUG] [mixin/]: Mixing StringTagMixin from kubejs.mixins.json into net.minecraft.nbt.StringTag
[03Oct2026 23:11:16.754] [main/DEBUG] [mixin/]: Mixing UtilMixin from kubejs.mixins.json into net.minecraft.Util
[03Oct2026 23:11:16.766] [main/DEBUG] [mixin/]: kubejs.mixins.json:UtilMixin from mod kubejs->@Inject::shutdownExecutorsKJS(Lorg/spongepowered/asm/mixin/injection/callback/CallbackInfo;)V doesn't use it's CallbackInfo
[03Oct2026 23:11:17.614] [main/DEBUG] [oshi.util.FileUtil/]: No oshi.properties file found from ClassLoader cpw.mods.modlauncher.TransformingClassLoader@37864b77
[03Oct2026 23:11:18.201] [Datafixer Bootstrap/INFO] [com.mojang.datafixers.DataFixerBuilder/]: 229 Datafixer optimizations took 666 milliseconds
[03Oct2026 23:11:18.442] [main/DEBUG] [oshi.util.FileUtil/]: No oshi.architecture.properties file found from ClassLoader cpw.mods.modlauncher.TransformingClassLoader@37864b77
[03Oct2026 23:11:18.630] [pool-11-thread-1/DEBUG] [mixin/]: Mixing MappedRegistryAccessor from neoforge.mixins.json into net.minecraft.core.MappedRegistry
[03Oct2026 23:11:18.655] [pool-11-thread-1/DEBUG] [mixin/]: Mixing HolderMixin from kubejs.mixins.json into net.minecraft.core.Holder
[03Oct2026 23:11:18.657] [pool-11-thread-1/DEBUG] [mixin/]: Renaming synthetic method lambda$kjs$isTag$0(Lnet/minecraft/resources/ResourceLocation;Lnet/minecraft/resources/ResourceKey;)Ljava/lang/Boolean; to md299a63$kubejs$lambda$kjs$isTag$0$0 in kubejs.mixins.json:HolderMixin from mod kubejs
[03Oct2026 23:11:18.674] [pool-11-thread-1/DEBUG] [mixin/]: Mixing ResourceKeyMixin from kubejs.mixins.json into net.minecraft.resources.ResourceKey
[03Oct2026 23:11:18.690] [pool-11-thread-1/DEBUG] [mixin/]: kubejs.mixins.json:ResourceKeyMixin from mod kubejs->@Inject::kjs$getKeyStackTraces(Lnet/minecraft/resources/ResourceLocation;Lnet/minecraft/resources/ResourceLocation;Lorg/spongepowered/asm/mixin/injection/callback/CallbackInfo;)V doesn't use it's CallbackInfo
[03Oct2026 23:11:18.690] [pool-11-thread-1/DEBUG] [mixin/]: kubejs.mixins.json:ResourceKeyMixin from mod kubejs->@Inject::kjs$getKeyStackTraces(Lnet/minecraft/resources/ResourceLocation;Lnet/minecraft/resources/ResourceLocation;Lorg/spongepowered/asm/mixin/injection/callback/CallbackInfo;)V has 0 override(s) in child classes
[03Oct2026 23:11:18.690] [pool-11-thread-1/DEBUG] [mixin/]: kubejs.mixins.json:ResourceKeyMixin from mod kubejs->@Inject::kjs$getKeyStackTraces(Lnet/minecraft/resources/ResourceLocation;Lnet/minecraft/resources/ResourceLocation;Lorg/spongepowered/asm/mixin/injection/callback/CallbackInfo;)V won't be passed a CallbackInfo as a result
[03Oct2026 23:11:18.817] [pool-11-thread-1/DEBUG] [mixin/]: Mixing CreativeModeTabMixin from kubejs.mixins.json into net.minecraft.world.item.CreativeModeTab
[03Oct2026 23:11:18.832] [pool-11-thread-1/DEBUG] [mixin/]: Mixing DataComponentsMixin from kubejs.mixins.json into net.minecraft.core.component.DataComponents
[03Oct2026 23:11:18.867] [pool-11-thread-1/DEBUG] [mixin/]: Mixing BlockMixin from kaleidoscope_cookery.mixins.json into net.minecraft.world.level.block.Block
[03Oct2026 23:11:18.869] [pool-11-thread-1/DEBUG] [mixin/]: Mixing inject.MixinBlock from architectury-common.mixins.json into net.minecraft.world.level.block.Block
[03Oct2026 23:11:18.870] [pool-11-thread-1/DEBUG] [mixin/]: architectury-common.mixins.json:inject.MixinBlock from mod architectury: Class version 65 required is higher than the class version supported by the current version of Mixin (JAVA_16 supports class version 60)
[03Oct2026 23:11:18.870] [pool-11-thread-1/DEBUG] [mixin/]: Mixing BlockMixin from kubejs.mixins.json into net.minecraft.world.level.block.Block
[03Oct2026 23:11:18.894] [pool-11-thread-1/DEBUG] [mixin/]: kaleidoscope_cookery.mixins.json:BlockMixin from mod kaleidoscope_cookery->@Inject::onGetDrops(Lnet/minecraft/world/level/block/state/BlockState;Lnet/minecraft/server/level/ServerLevel;Lnet/minecraft/core/BlockPos;Lnet/minecraft/world/level/block/entity/BlockEntity;Lnet/minecraft/world/entity/Entity;Lnet/minecraft/world/item/ItemStack;Lorg/spongepowered/asm/mixin/injection/callback/CallbackInfoReturnable;)V does use it's CallbackInfoReturnable
[03Oct2026 23:11:18.895] [pool-11-thread-1/DEBUG] [mixin/]: kubejs.mixins.json:BlockMixin from mod kubejs->@Inject::kjs$getName(Lorg/spongepowered/asm/mixin/injection/callback/CallbackInfoReturnable;)V does use it's CallbackInfoReturnable
[03Oct2026 23:11:18.910] [pool-11-thread-1/DEBUG] [mixin/]: Mixing BlockBehaviourMixin from kubejs.mixins.json into net.minecraft.world.level.block.state.BlockBehaviour
[03Oct2026 23:11:18.924] [pool-11-thread-1/DEBUG] [mixin/]: kubejs.mixins.json:BlockBehaviourMixin from mod kubejs->@Inject::onRandomTick(Lnet/minecraft/world/level/block/state/BlockState;Lnet/minecraft/server/level/ServerLevel;Lnet/minecraft/core/BlockPos;Lnet/minecraft/util/RandomSource;Lorg/spongepowered/asm/mixin/injection/callback/CallbackInfo;)V does use it's CallbackInfo
[03Oct2026 23:11:18.933] [pool-11-thread-1/DEBUG] [mixin/]: Mixing BlockStateBaseMixin from kubejs.mixins.json into net.minecraft.world.level.block.state.BlockBehaviour$BlockStateBase
[03Oct2026 23:11:18.937] [pool-11-thread-1/DEBUG] [mixin/]: kubejs.mixins.json:BlockStateBaseMixin from mod kubejs->@Inject::kjs$onRandomTick(Lnet/minecraft/server/level/ServerLevel;Lnet/minecraft/core/BlockPos;Lnet/minecraft/util/RandomSource;Lorg/spongepowered/asm/mixin/injection/callback/CallbackInfo;)V does use it's CallbackInfo
[03Oct2026 23:11:18.942] [pool-11-thread-1/DEBUG] [mixin/]: Mixing IBlockStateExtensionMixin from kubejs.mixins.json into net.neoforged.neoforge.common.extensions.IBlockStateExtension
[03Oct2026 23:11:18.946] [pool-11-thread-1/DEBUG] [mixin/]: kubejs.mixins.json:IBlockStateExtensionMixin from mod kubejs->@Inject::kjs$getCloneItemStack(Lnet/minecraft/world/phys/HitResult;Lnet/minecraft/world/level/LevelReader;Lnet/minecraft/core/BlockPos;Lnet/minecraft/world/entity/player/Player;Lorg/spongepowered/asm/mixin/injection/callback/CallbackInfoReturnable;)V does use it's CallbackInfoReturnable
[03Oct2026 23:11:18.955] [pool-11-thread-1/DEBUG] [mixin/]: Mixing EntityGetterMixin from kubejs.mixins.json into net.minecraft.world.level.EntityGetter
[03Oct2026 23:11:18.977] [pool-11-thread-1/DEBUG] [mixin/]: Mixing EntityMixin from kubejs.mixins.json into net.minecraft.world.entity.Entity
[03Oct2026 23:11:18.988] [pool-11-thread-1/DEBUG] [mixin/]: kubejs.mixins.json:EntityMixin from mod kubejs->@Inject::saveKJS(Lnet/minecraft/nbt/CompoundTag;Lorg/spongepowered/asm/mixin/injection/callback/CallbackInfoReturnable;)V doesn't use it's CallbackInfoReturnable
[03Oct2026 23:11:18.988] [pool-11-thread-1/DEBUG] [mixin/]: kubejs.mixins.json:EntityMixin from mod kubejs->@Inject::saveKJS(Lnet/minecraft/nbt/CompoundTag;Lorg/spongepowered/asm/mixin/injection/callback/CallbackInfoReturnable;)V has 0 override(s) in child classes
[03Oct2026 23:11:18.988] [pool-11-thread-1/DEBUG] [mixin/]: kubejs.mixins.json:EntityMixin from mod kubejs->@Inject::saveKJS(Lnet/minecraft/nbt/CompoundTag;Lorg/spongepowered/asm/mixin/injection/callback/CallbackInfoReturnable;)V won't be passed a CallbackInfoReturnable as a result
[03Oct2026 23:11:18.989] [pool-11-thread-1/DEBUG] [mixin/]: kubejs.mixins.json:EntityMixin from mod kubejs->@Inject::loadKJS(Lnet/minecraft/nbt/CompoundTag;Lorg/spongepowered/asm/mixin/injection/callback/CallbackInfo;)V doesn't use it's CallbackInfo
[03Oct2026 23:11:18.989] [pool-11-thread-1/DEBUG] [mixin/]: kubejs.mixins.json:EntityMixin from mod kubejs->@Inject::loadKJS(Lnet/minecraft/nbt/CompoundTag;Lorg/spongepowered/asm/mixin/injection/callback/CallbackInfo;)V has 0 override(s) in child classes
[03Oct2026 23:11:18.989] [pool-11-thread-1/DEBUG] [mixin/]: kubejs.mixins.json:EntityMixin from mod kubejs->@Inject::loadKJS(Lnet/minecraft/nbt/CompoundTag;Lorg/spongepowered/asm/mixin/injection/callback/CallbackInfo;)V won't be passed a CallbackInfo as a result
[03Oct2026 23:11:19.022] [pool-11-thread-1/DEBUG] [mixin/]: Mixing PlayerMixin from kubejs.mixins.json into net.minecraft.world.entity.player.Player
[03Oct2026 23:11:19.061] [pool-11-thread-1/DEBUG] [mixin/]: Mixing LivingEntityMixin from kaleidoscope_cookery.mixins.json into net.minecraft.world.entity.LivingEntity
[03Oct2026 23:11:19.066] [pool-11-thread-1/DEBUG] [mixin/]: Mixing LivingEntityMixin from kubejs.mixins.json into net.minecraft.world.entity.LivingEntity
[03Oct2026 23:11:19.074] [pool-11-thread-1/DEBUG] [mixin/]: kaleidoscope_cookery.mixins.json:LivingEntityMixin from mod kaleidoscope_cookery->@Inject::onGetBlockSpeedFactor(Lorg/spongepowered/asm/mixin/injection/callback/CallbackInfoReturnable;)V does use it's CallbackInfoReturnable
[03Oct2026 23:11:19.074] [pool-11-thread-1/DEBUG] [mixin/]: kubejs.mixins.json:LivingEntityMixin from mod kubejs->@Inject::foodEaten(Lnet/minecraft/world/level/Level;Lnet/minecraft/world/item/ItemStack;Lnet/minecraft/world/food/FoodProperties;Lorg/spongepowered/asm/mixin/injection/callback/CallbackInfoReturnable;)V doesn't use it's CallbackInfoReturnable
[03Oct2026 23:11:19.074] [pool-11-thread-1/DEBUG] [mixin/]: kubejs.mixins.json:LivingEntityMixin from mod kubejs->@Inject::foodEaten(Lnet/minecraft/world/level/Level;Lnet/minecraft/world/item/ItemStack;Lnet/minecraft/world/food/FoodProperties;Lorg/spongepowered/asm/mixin/injection/callback/CallbackInfoReturnable;)V has 0 override(s) in child classes
[03Oct2026 23:11:19.074] [pool-11-thread-1/DEBUG] [mixin/]: kubejs.mixins.json:LivingEntityMixin from mod kubejs->@Inject::foodEaten(Lnet/minecraft/world/level/Level;Lnet/minecraft/world/item/ItemStack;Lnet/minecraft/world/food/FoodProperties;Lorg/spongepowered/asm/mixin/injection/callback/CallbackInfoReturnable;)V won't be passed a CallbackInfoReturnable as a result
[03Oct2026 23:11:19.141] [pool-11-thread-1/DEBUG] [mixin/]: Mixing LevelMixin from kubejs.mixins.json into net.minecraft.world.level.Level
[03Oct2026 23:11:19.160] [pool-11-thread-1/DEBUG] [mixin/]: Mixing ServerLevelMixin from kubejs.mixins.json into net.minecraft.server.level.ServerLevel
[03Oct2026 23:11:19.185] [pool-11-thread-1/DEBUG] [mixin/]: Mixing ItemEntityMixin from kubejs.mixins.json into net.minecraft.world.entity.item.ItemEntity
[03Oct2026 23:11:19.195] [pool-11-thread-1/DEBUG] [mixin/]: Mixing DirectionMixin from kubejs.mixins.json into net.minecraft.core.Direction
[03Oct2026 23:11:19.450] [pool-11-thread-1/DEBUG] [mixin/]: Mixing neoforge.LiquidBlockAccessor from architectury.mixins.json into net.minecraft.world.level.block.LiquidBlock
[03Oct2026 23:11:19.451] [pool-11-thread-1/DEBUG] [mixin/]: architectury.mixins.json:neoforge.LiquidBlockAccessor from mod architectury: Class version 65 required is higher than the class version supported by the current version of Mixin (JAVA_16 supports class version 60)
[03Oct2026 23:11:19.451] [pool-11-thread-1/DEBUG] [mixin/]: Mixing inject.MixinLiquidBlock from architectury-common.mixins.json into net.minecraft.world.level.block.LiquidBlock
[03Oct2026 23:11:19.452] [pool-11-thread-1/DEBUG] [mixin/]: architectury-common.mixins.json:inject.MixinLiquidBlock from mod architectury: Class version 65 required is higher than the class version supported by the current version of Mixin (JAVA_16 supports class version 60)
[03Oct2026 23:11:19.730] [pool-11-thread-1/DEBUG] [mixin/]: Mixing PowderSnowBlockMixin from kaleidoscope_cookery.mixins.json into net.minecraft.world.level.block.PowderSnowBlock
[03Oct2026 23:11:19.733] [pool-11-thread-1/DEBUG] [mixin/]: kaleidoscope_cookery.mixins.json:PowderSnowBlockMixin from mod kaleidoscope_cookery->@Inject::canEntityWalkOnPowderSnow(Lnet/minecraft/world/entity/Entity;Lorg/spongepowered/asm/mixin/injection/callback/CallbackInfoReturnable;)V does use it's CallbackInfoReturnable
[03Oct2026 23:11:19.823] [pool-11-thread-1/DEBUG] [mixin/]: Mixing inject.MixinEntityType from architectury-common.mixins.json into net.minecraft.world.entity.EntityType
[03Oct2026 23:11:19.824] [pool-11-thread-1/DEBUG] [mixin/]: architectury-common.mixins.json:inject.MixinEntityType from mod architectury: Class version 65 required is higher than the class version supported by the current version of Mixin (JAVA_16 supports class version 60)
[03Oct2026 23:11:19.824] [pool-11-thread-1/DEBUG] [mixin/]: Mixing EntityTypeMixin from kubejs.mixins.json into net.minecraft.world.entity.EntityType
[03Oct2026 23:11:19.865] [pool-11-thread-1/DEBUG] [mixin/]: Mixing inject.MixinFluid from architectury-common.mixins.json into net.minecraft.world.level.material.Fluid
[03Oct2026 23:11:19.865] [pool-11-thread-1/DEBUG] [mixin/]: architectury-common.mixins.json:inject.MixinFluid from mod architectury: Class version 65 required is higher than the class version supported by the current version of Mixin (JAVA_16 supports class version 60)
[03Oct2026 23:11:19.867] [pool-11-thread-1/DEBUG] [mixin/]: Mixing FluidMixin from kubejs.mixins.json into net.minecraft.world.level.material.Fluid
[03Oct2026 23:11:19.971] [pool-11-thread-1/DEBUG] [mixin/]: Mixing FallingBlockEntityMixin from kaleidoscope_cookery.mixins.json into net.minecraft.world.entity.item.FallingBlockEntity
[03Oct2026 23:11:19.982] [pool-11-thread-1/DEBUG] [mixin/]: Mixing MixinFallingBlockEntity from architectury.mixins.json into net.minecraft.world.entity.item.FallingBlockEntity
[03Oct2026 23:11:19.982] [pool-11-thread-1/DEBUG] [mixin/]: architectury.mixins.json:MixinFallingBlockEntity from mod architectury: Class version 65 required is higher than the class version supported by the current version of Mixin (JAVA_16 supports class version 60)
[03Oct2026 23:11:19.984] [pool-11-thread-1/DEBUG] [mixin/]: Mixing FallingBlockEntityMixin from kubejs.mixins.json into net.minecraft.world.entity.item.FallingBlockEntity
[03Oct2026 23:11:20.032] [pool-11-thread-1/DEBUG] [mixin/]: kaleidoscope_cookery.mixins.json:FallingBlockEntityMixin from mod kaleidoscope_cookery->@Inject::onSpawnAtLocation(Lorg/spongepowered/asm/mixin/injection/callback/CallbackInfo;)V does use it's CallbackInfo
[03Oct2026 23:11:20.032] [pool-11-thread-1/DEBUG] [mixin/]: kaleidoscope_cookery.mixins.json:FallingBlockEntityMixin from mod kaleidoscope_cookery->@Inject::onSpawnAtLocation(Lorg/spongepowered/asm/mixin/injection/callback/CallbackInfo;)V does use it's CallbackInfo
[03Oct2026 23:11:20.032] [pool-11-thread-1/DEBUG] [mixin/]: kaleidoscope_cookery.mixins.json:FallingBlockEntityMixin from mod kaleidoscope_cookery->@Inject::onSpawnAtLocation(Lorg/spongepowered/asm/mixin/injection/callback/CallbackInfo;)V does use it's CallbackInfo
[03Oct2026 23:11:20.032] [pool-11-thread-1/DEBUG] [mixin/]: architectury.mixins.json:MixinFallingBlockEntity from mod architectury->@Inject::handleLand(Lorg/spongepowered/asm/mixin/injection/callback/CallbackInfo;Lnet/minecraft/world/level/block/Block;Lnet/minecraft/core/BlockPos;ZZDLnet/minecraft/world/level/block/state/BlockState;)V doesn't use it's CallbackInfo
[03Oct2026 23:11:20.032] [pool-11-thread-1/DEBUG] [mixin/]: architectury.mixins.json:MixinFallingBlockEntity from mod architectury->@Inject::handleLand(Lorg/spongepowered/asm/mixin/injection/callback/CallbackInfo;Lnet/minecraft/world/level/block/Block;Lnet/minecraft/core/BlockPos;ZZDLnet/minecraft/world/level/block/state/BlockState;)V has 0 override(s) in child classes
[03Oct2026 23:11:20.033] [pool-11-thread-1/DEBUG] [mixin/]: architectury.mixins.json:MixinFallingBlockEntity from mod architectury->@Inject::handleLand(Lorg/spongepowered/asm/mixin/injection/callback/CallbackInfo;Lnet/minecraft/world/level/block/Block;Lnet/minecraft/core/BlockPos;ZZDLnet/minecraft/world/level/block/state/BlockState;)V won't be passed a CallbackInfo as a result
[03Oct2026 23:11:20.035] [pool-11-thread-1/DEBUG] [mixin/]: kubejs.mixins.json:FallingBlockEntityMixin from mod kubejs->@Inject::kjs$fallStart(Lnet/minecraft/world/level/Level;Lnet/minecraft/core/BlockPos;Lnet/minecraft/world/level/block/state/BlockState;Lorg/spongepowered/asm/mixin/injection/callback/CallbackInfoReturnable;)V does use it's CallbackInfoReturnable
[03Oct2026 23:11:20.036] [pool-11-thread-1/DEBUG] [mixin/]: kubejs.mixins.json:FallingBlockEntityMixin from mod kubejs->@Inject::kjs$fallEnd(Lorg/spongepowered/asm/mixin/injection/callback/CallbackInfo;)V doesn't use it's CallbackInfo
[03Oct2026 23:11:20.036] [pool-11-thread-1/DEBUG] [mixin/]: kubejs.mixins.json:FallingBlockEntityMixin from mod kubejs->@Inject::kjs$fallEnd(Lorg/spongepowered/asm/mixin/injection/callback/CallbackInfo;)V has 0 override(s) in child classes
[03Oct2026 23:11:20.036] [pool-11-thread-1/DEBUG] [mixin/]: kubejs.mixins.json:FallingBlockEntityMixin from mod kubejs->@Inject::kjs$fallEnd(Lorg/spongepowered/asm/mixin/injection/callback/CallbackInfo;)V won't be passed a CallbackInfo as a result
[03Oct2026 23:11:20.091] [pool-11-thread-1/DEBUG] [mixin/]: Mixing ContainerMixin from kubejs.mixins.json into net.minecraft.world.Container
[03Oct2026 23:11:20.208] [pool-11-thread-1/DEBUG] [mixin/]: Mixing DyeColorMixin from kubejs.mixins.json into net.minecraft.world.item.DyeColor
[03Oct2026 23:11:20.379] [pool-11-thread-1/DEBUG] [mixin/]: Mixing ChatFormattingMixin from kubejs.mixins.json into net.minecraft.ChatFormatting
[03Oct2026 23:11:20.398] [pool-11-thread-1/DEBUG] [mixin/]: Mixing TextColorMixin from kubejs.mixins.json into net.minecraft.network.chat.TextColor
[03Oct2026 23:11:20.533] [pool-11-thread-1/DEBUG] [mixin/]: Mixing BlockEntityTypeAccessor from neoforge.mixins.json into net.minecraft.world.level.block.entity.BlockEntityType
[03Oct2026 23:11:20.968] [pool-11-thread-1/DEBUG] [mixin/]: Mixing ItemStackMixin from kubejs.mixins.json into net.minecraft.world.item.ItemStack
[03Oct2026 23:11:20.974] [pool-11-thread-1/DEBUG] [mixin/]: Mixing ItemStackClientMixin from kubejs.mixins.json into net.minecraft.world.item.ItemStack
[03Oct2026 23:11:20.999] [pool-11-thread-1/DEBUG] [mixin/]: Mixing MutableDataComponentHolderMixin from kubejs.mixins.json into net.neoforged.neoforge.common.MutableDataComponentHolder
[03Oct2026 23:11:21.981] [pool-11-thread-1/DEBUG] [mixin/]: Mixing RecipeInputMixin from kubejs.mixins.json into net.minecraft.world.item.crafting.RecipeInput
[03Oct2026 23:11:22.009] [pool-11-thread-1/DEBUG] [mixin/]: Mixing ServerPlayerMixin from kubejs.mixins.json into net.minecraft.server.level.ServerPlayer
[03Oct2026 23:11:22.977] [pool-11-thread-1/DEBUG] [mixin/]: Mixing inject.MixinItem from architectury-common.mixins.json into net.minecraft.world.item.Item
[03Oct2026 23:11:22.977] [pool-11-thread-1/DEBUG] [mixin/]: architectury-common.mixins.json:inject.MixinItem from mod architectury: Class version 65 required is higher than the class version supported by the current version of Mixin (JAVA_16 supports class version 60)
[03Oct2026 23:11:22.978] [pool-11-thread-1/DEBUG] [mixin/]: Mixing ItemMixin from kubejs.mixins.json into net.minecraft.world.item.Item
[03Oct2026 23:11:23.001] [pool-11-thread-1/DEBUG] [mixin/]: architectury-common.mixins.json:inject.MixinItem from mod architectury->@Inject::init(Lnet/minecraft/world/item/Item$Properties;Lorg/spongepowered/asm/mixin/injection/callback/CallbackInfo;)V doesn't use it's CallbackInfo
[03Oct2026 23:11:23.001] [pool-11-thread-1/DEBUG] [mixin/]: architectury-common.mixins.json:inject.MixinItem from mod architectury->@Inject::init(Lnet/minecraft/world/item/Item$Properties;Lorg/spongepowered/asm/mixin/injection/callback/CallbackInfo;)V has 0 override(s) in child classes
[03Oct2026 23:11:23.001] [pool-11-thread-1/DEBUG] [mixin/]: architectury-common.mixins.json:inject.MixinItem from mod architectury->@Inject::init(Lnet/minecraft/world/item/Item$Properties;Lorg/spongepowered/asm/mixin/injection/callback/CallbackInfo;)V won't be passed a CallbackInfo as a result
[03Oct2026 23:11:23.001] [pool-11-thread-1/DEBUG] [mixin/]: kubejs.mixins.json:ItemMixin from mod kubejs->@Inject::isFoil(Lnet/minecraft/world/item/ItemStack;Lorg/spongepowered/asm/mixin/injection/callback/CallbackInfoReturnable;)V does use it's CallbackInfoReturnable
[03Oct2026 23:11:23.001] [pool-11-thread-1/DEBUG] [mixin/]: kubejs.mixins.json:ItemMixin from mod kubejs->@Inject::appendHoverText(Lnet/minecraft/world/item/ItemStack;Lnet/minecraft/world/item/Item$TooltipContext;Ljava/util/List;Lnet/minecraft/world/item/TooltipFlag;Lorg/spongepowered/asm/mixin/injection/callback/CallbackInfo;)V doesn't use it's CallbackInfo
[03Oct2026 23:11:23.001] [pool-11-thread-1/DEBUG] [mixin/]: kubejs.mixins.json:ItemMixin from mod kubejs->@Inject::appendHoverText(Lnet/minecraft/world/item/ItemStack;Lnet/minecraft/world/item/Item$TooltipContext;Ljava/util/List;Lnet/minecraft/world/item/TooltipFlag;Lorg/spongepowered/asm/mixin/injection/callback/CallbackInfo;)V has 0 override(s) in child classes
[03Oct2026 23:11:23.001] [pool-11-thread-1/DEBUG] [mixin/]: kubejs.mixins.json:ItemMixin from mod kubejs->@Inject::appendHoverText(Lnet/minecraft/world/item/ItemStack;Lnet/minecraft/world/item/Item$TooltipContext;Ljava/util/List;Lnet/minecraft/world/item/TooltipFlag;Lorg/spongepowered/asm/mixin/injection/callback/CallbackInfo;)V won't be passed a CallbackInfo as a result
[03Oct2026 23:11:23.001] [pool-11-thread-1/DEBUG] [mixin/]: kubejs.mixins.json:ItemMixin from mod kubejs->@Inject::isBarVisible(Lnet/minecraft/world/item/ItemStack;Lorg/spongepowered/asm/mixin/injection/callback/CallbackInfoReturnable;)V does use it's CallbackInfoReturnable
[03Oct2026 23:11:23.001] [pool-11-thread-1/DEBUG] [mixin/]: kubejs.mixins.json:ItemMixin from mod kubejs->@Inject::getBarWidth(Lnet/minecraft/world/item/ItemStack;Lorg/spongepowered/asm/mixin/injection/callback/CallbackInfoReturnable;)V does use it's CallbackInfoReturnable
[03Oct2026 23:11:23.001] [pool-11-thread-1/DEBUG] [mixin/]: kubejs.mixins.json:ItemMixin from mod kubejs->@Inject::getBarColor(Lnet/minecraft/world/item/ItemStack;Lorg/spongepowered/asm/mixin/injection/callback/CallbackInfoReturnable;)V does use it's CallbackInfoReturnable
[03Oct2026 23:11:23.001] [pool-11-thread-1/DEBUG] [mixin/]: kubejs.mixins.json:ItemMixin from mod kubejs->@Inject::getUseDuration(Lnet/minecraft/world/item/ItemStack;Lnet/minecraft/world/entity/LivingEntity;Lorg/spongepowered/asm/mixin/injection/callback/CallbackInfoReturnable;)V does use it's CallbackInfoReturnable
[03Oct2026 23:11:23.001] [pool-11-thread-1/DEBUG] [mixin/]: kubejs.mixins.json:ItemMixin from mod kubejs->@Inject::getUseAnimation(Lnet/minecraft/world/item/ItemStack;Lorg/spongepowered/asm/mixin/injection/callback/CallbackInfoReturnable;)V does use it's CallbackInfoReturnable
[03Oct2026 23:11:23.001] [pool-11-thread-1/DEBUG] [mixin/]: kubejs.mixins.json:ItemMixin from mod kubejs->@Inject::getName(Lnet/minecraft/world/item/ItemStack;Lorg/spongepowered/asm/mixin/injection/callback/CallbackInfoReturnable;)V does use it's CallbackInfoReturnable
[03Oct2026 23:11:23.003] [pool-11-thread-1/DEBUG] [mixin/]: kubejs.mixins.json:ItemMixin from mod kubejs->@Inject::use(Lnet/minecraft/world/level/Level;Lnet/minecraft/world/entity/player/Player;Lnet/minecraft/world/InteractionHand;Lorg/spongepowered/asm/mixin/injection/callback/CallbackInfoReturnable;)V does use it's CallbackInfoReturnable
[03Oct2026 23:11:23.003] [pool-11-thread-1/DEBUG] [mixin/]: kubejs.mixins.json:ItemMixin from mod kubejs->@Inject::finishUsingItem(Lnet/minecraft/world/item/ItemStack;Lnet/minecraft/world/level/Level;Lnet/minecraft/world/entity/LivingEntity;Lorg/spongepowered/asm/mixin/injection/callback/CallbackInfoReturnable;)V does use it's CallbackInfoReturnable
[03Oct2026 23:11:23.003] [pool-11-thread-1/DEBUG] [mixin/]: kubejs.mixins.json:ItemMixin from mod kubejs->@Inject::releaseUsing(Lnet/minecraft/world/item/ItemStack;Lnet/minecraft/world/level/Level;Lnet/minecraft/world/entity/LivingEntity;ILorg/spongepowered/asm/mixin/injection/callback/CallbackInfo;)V doesn't use it's CallbackInfo
[03Oct2026 23:11:23.003] [pool-11-thread-1/DEBUG] [mixin/]: kubejs.mixins.json:ItemMixin from mod kubejs->@Inject::releaseUsing(Lnet/minecraft/world/item/ItemStack;Lnet/minecraft/world/level/Level;Lnet/minecraft/world/entity/LivingEntity;ILorg/spongepowered/asm/mixin/injection/callback/CallbackInfo;)V has 0 override(s) in child classes
[03Oct2026 23:11:23.003] [pool-11-thread-1/DEBUG] [mixin/]: kubejs.mixins.json:ItemMixin from mod kubejs->@Inject::releaseUsing(Lnet/minecraft/world/item/ItemStack;Lnet/minecraft/world/level/Level;Lnet/minecraft/world/entity/LivingEntity;ILorg/spongepowered/asm/mixin/injection/callback/CallbackInfo;)V won't be passed a CallbackInfo as a result
[03Oct2026 23:11:23.003] [pool-11-thread-1/DEBUG] [mixin/]: kubejs.mixins.json:ItemMixin from mod kubejs->@Inject::hurtEnemy(Lnet/minecraft/world/item/ItemStack;Lnet/minecraft/world/entity/LivingEntity;Lnet/minecraft/world/entity/LivingEntity;Lorg/spongepowered/asm/mixin/injection/callback/CallbackInfoReturnable;)V does use it's CallbackInfoReturnable
[03Oct2026 23:11:23.026] [pool-11-thread-1/DEBUG] [mixin/]: Mixing DiggerItemMixin from kubejs.mixins.json into net.minecraft.world.item.DiggerItem
[03Oct2026 23:11:23.030] [pool-11-thread-1/DEBUG] [mixin/]: kubejs.mixins.json:DiggerItemMixin from mod kubejs->@Inject::init(Lorg/spongepowered/asm/mixin/injection/callback/CallbackInfo;)V doesn't use it's CallbackInfo
[03Oct2026 23:11:23.030] [pool-11-thread-1/DEBUG] [mixin/]: kubejs.mixins.json:DiggerItemMixin from mod kubejs->@Inject::init(Lorg/spongepowered/asm/mixin/injection/callback/CallbackInfo;)V has 0 override(s) in child classes
[03Oct2026 23:11:23.030] [pool-11-thread-1/DEBUG] [mixin/]: kubejs.mixins.json:DiggerItemMixin from mod kubejs->@Inject::init(Lorg/spongepowered/asm/mixin/injection/callback/CallbackInfo;)V won't be passed a CallbackInfo as a result
[03Oct2026 23:11:23.037] [pool-11-thread-1/DEBUG] [mixin/]: Mixing neoforge.MixinBucketItem from architectury.mixins.json into net.minecraft.world.item.BucketItem
[03Oct2026 23:11:23.037] [pool-11-thread-1/DEBUG] [mixin/]: architectury.mixins.json:neoforge.MixinBucketItem from mod architectury: Class version 65 required is higher than the class version supported by the current version of Mixin (JAVA_16 supports class version 60)
[03Oct2026 23:11:23.038] [pool-11-thread-1/DEBUG] [mixin/]: Mixing neoforge.BucketItemAccessor from architectury.mixins.json into net.minecraft.world.item.BucketItem
[03Oct2026 23:11:23.038] [pool-11-thread-1/DEBUG] [mixin/]: architectury.mixins.json:neoforge.BucketItemAccessor from mod architectury: Class version 65 required is higher than the class version supported by the current version of Mixin (JAVA_16 supports class version 60)
[03Oct2026 23:11:23.039] [pool-11-thread-1/DEBUG] [mixin/]: Mixing inject.MixinBucketItem from architectury-common.mixins.json into net.minecraft.world.item.BucketItem
[03Oct2026 23:11:23.039] [pool-11-thread-1/DEBUG] [mixin/]: architectury-common.mixins.json:inject.MixinBucketItem from mod architectury: Class version 65 required is higher than the class version supported by the current version of Mixin (JAVA_16 supports class version 60)
[03Oct2026 23:11:23.041] [pool-11-thread-1/DEBUG] [mixin/]: architectury.mixins.json:neoforge.MixinBucketItem from mod architectury->@Inject::fillBucket(Lnet/minecraft/world/level/Level;Lnet/minecraft/world/entity/player/Player;Lnet/minecraft/world/InteractionHand;Lorg/spongepowered/asm/mixin/injection/callback/CallbackInfoReturnable;Lnet/minecraft/world/item/ItemStack;Lnet/minecraft/world/phys/BlockHitResult;)V does use it's CallbackInfoReturnable
[03Oct2026 23:11:23.046] [pool-11-thread-1/DEBUG] [mixin/]: Mixing MobBucketItemMixin from kaleidoscope_cookery.mixins.json into net.minecraft.world.item.MobBucketItem
[03Oct2026 23:11:23.049] [pool-11-thread-1/DEBUG] [mixin/]: kaleidoscope_cookery.mixins.json:MobBucketItemMixin from mod kaleidoscope_cookery->@Inject::onCheckExtraContent(Lnet/minecraft/world/entity/player/Player;Lnet/minecraft/world/level/Level;Lnet/minecraft/world/item/ItemStack;Lnet/minecraft/core/BlockPos;Lorg/spongepowered/asm/mixin/injection/callback/CallbackInfo;)V doesn't use it's CallbackInfo
[03Oct2026 23:11:23.049] [pool-11-thread-1/DEBUG] [mixin/]: kaleidoscope_cookery.mixins.json:MobBucketItemMixin from mod kaleidoscope_cookery->@Inject::onCheckExtraContent(Lnet/minecraft/world/entity/player/Player;Lnet/minecraft/world/level/Level;Lnet/minecraft/world/item/ItemStack;Lnet/minecraft/core/BlockPos;Lorg/spongepowered/asm/mixin/injection/callback/CallbackInfo;)V has 0 override(s) in child classes
[03Oct2026 23:11:23.049] [pool-11-thread-1/DEBUG] [mixin/]: kaleidoscope_cookery.mixins.json:MobBucketItemMixin from mod kaleidoscope_cookery->@Inject::onCheckExtraContent(Lnet/minecraft/world/entity/player/Player;Lnet/minecraft/world/level/Level;Lnet/minecraft/world/item/ItemStack;Lnet/minecraft/core/BlockPos;Lorg/spongepowered/asm/mixin/injection/callback/CallbackInfo;)V won't be passed a CallbackInfo as a result
[03Oct2026 23:11:23.102] [pool-11-thread-1/DEBUG] [mixin/]: Mixing inject.MixinItemProperties from architectury-common.mixins.json into net.minecraft.world.item.Item$Properties
[03Oct2026 23:11:23.102] [pool-11-thread-1/DEBUG] [mixin/]: architectury-common.mixins.json:inject.MixinItemProperties from mod architectury: Class version 65 required is higher than the class version supported by the current version of Mixin (JAVA_16 supports class version 60)
[03Oct2026 23:11:23.163] [pool-11-thread-1/DEBUG] [io.netty.util.internal.PlatformDependent0/]: -Dio.netty.noUnsafe: false
[03Oct2026 23:11:23.163] [pool-11-thread-1/DEBUG] [io.netty.util.internal.PlatformDependent0/]: Java version: 21
[03Oct2026 23:11:23.165] [pool-11-thread-1/DEBUG] [io.netty.util.internal.PlatformDependent0/]: sun.misc.Unsafe.theUnsafe: available
[03Oct2026 23:11:23.165] [pool-11-thread-1/DEBUG] [io.netty.util.internal.PlatformDependent0/]: sun.misc.Unsafe.copyMemory: available
[03Oct2026 23:11:23.166] [pool-11-thread-1/DEBUG] [io.netty.util.internal.PlatformDependent0/]: sun.misc.Unsafe.storeFence: available
[03Oct2026 23:11:23.166] [pool-11-thread-1/DEBUG] [io.netty.util.internal.PlatformDependent0/]: java.nio.Buffer.address: available
[03Oct2026 23:11:23.166] [pool-11-thread-1/DEBUG] [io.netty.util.internal.PlatformDependent0/]: direct buffer constructor: unavailable: Reflective setAccessible(true) disabled
[03Oct2026 23:11:23.167] [pool-11-thread-1/DEBUG] [io.netty.util.internal.PlatformDependent0/]: java.nio.Bits.unaligned: available, true
[03Oct2026 23:11:23.168] [pool-11-thread-1/DEBUG] [io.netty.util.internal.PlatformDependent0/]: jdk.internal.misc.Unsafe.allocateUninitializedArray(int): unavailable: class io.netty.util.internal.PlatformDependent0$7 (in module io.netty.common) cannot access class jdk.internal.misc.Unsafe (in module java.base) because module java.base does not export jdk.internal.misc to module io.netty.common
[03Oct2026 23:11:23.168] [pool-11-thread-1/DEBUG] [io.netty.util.internal.PlatformDependent0/]: java.nio.DirectByteBuffer.<init>(long, {int,long}): unavailable
[03Oct2026 23:11:23.168] [pool-11-thread-1/DEBUG] [io.netty.util.internal.PlatformDependent/]: sun.misc.Unsafe: available
[03Oct2026 23:11:23.169] [pool-11-thread-1/DEBUG] [io.netty.util.internal.PlatformDependent/]: maxDirectMemory: 8384413696 bytes (maybe)
[03Oct2026 23:11:23.170] [pool-11-thread-1/DEBUG] [io.netty.util.internal.PlatformDependent/]: -Dio.netty.tmpdir: C:\Users\Ctoy\AppData\Local\Temp (java.io.tmpdir)
[03Oct2026 23:11:23.170] [pool-11-thread-1/DEBUG] [io.netty.util.internal.PlatformDependent/]: -Dio.netty.bitMode: 64 (sun.arch.data.model)
[03Oct2026 23:11:23.170] [pool-11-thread-1/DEBUG] [io.netty.util.internal.PlatformDependent/]: Platform: Windows
[03Oct2026 23:11:23.170] [pool-11-thread-1/DEBUG] [io.netty.util.internal.PlatformDependent/]: -Dio.netty.maxDirectMemory: -1 bytes
[03Oct2026 23:11:23.170] [pool-11-thread-1/DEBUG] [io.netty.util.internal.PlatformDependent/]: -Dio.netty.uninitializedArrayAllocationThreshold: -1
[03Oct2026 23:11:23.172] [pool-11-thread-1/DEBUG] [io.netty.util.internal.CleanerJava9/]: java.nio.ByteBuffer.cleaner(): available
[03Oct2026 23:11:23.172] [pool-11-thread-1/DEBUG] [io.netty.util.internal.PlatformDependent/]: -Dio.netty.noPreferDirect: false
[03Oct2026 23:11:23.349] [pool-11-thread-1/DEBUG] [mixin/]: Mixing MixinLightningBolt from architectury-common.mixins.json into net.minecraft.world.entity.LightningBolt
[03Oct2026 23:11:23.350] [pool-11-thread-1/DEBUG] [mixin/]: architectury-common.mixins.json:MixinLightningBolt from mod architectury: Class version 65 required is higher than the class version supported by the current version of Mixin (JAVA_16 supports class version 60)
[03Oct2026 23:11:23.360] [pool-11-thread-1/DEBUG] [mixin/]: architectury-common.mixins.json:MixinLightningBolt from mod architectury->@Inject::handleLightning(Lorg/spongepowered/asm/mixin/injection/callback/CallbackInfo;Ljava/util/List;)V doesn't use it's CallbackInfo
[03Oct2026 23:11:23.360] [pool-11-thread-1/DEBUG] [mixin/]: architectury-common.mixins.json:MixinLightningBolt from mod architectury->@Inject::handleLightning(Lorg/spongepowered/asm/mixin/injection/callback/CallbackInfo;Ljava/util/List;)V has 0 override(s) in child classes
[03Oct2026 23:11:23.360] [pool-11-thread-1/DEBUG] [mixin/]: architectury-common.mixins.json:MixinLightningBolt from mod architectury->@Inject::handleLightning(Lorg/spongepowered/asm/mixin/injection/callback/CallbackInfo;Ljava/util/List;)V won't be passed a CallbackInfo as a result
[03Oct2026 23:11:23.364] [pool-11-thread-1/DEBUG] [mixin/]: Mixing FireworkRocketEntityMixin from kubejs.mixins.json into net.minecraft.world.entity.projectile.FireworkRocketEntity
[03Oct2026 23:11:23.846] [pool-11-thread-1/DEBUG] [mixin/]: Mixing ItemFrameEntityMixin from kubejs.mixins.json into net.minecraft.world.entity.decoration.ItemFrame
[03Oct2026 23:11:23.952] [pool-11-thread-1/DEBUG] [mixin/]: Mixing VillagerMixin from kaleidoscope_cookery.mixins.json into net.minecraft.world.entity.npc.Villager
[03Oct2026 23:11:23.958] [pool-11-thread-1/DEBUG] [mixin/]: kaleidoscope_cookery.mixins.json:VillagerMixin from mod kaleidoscope_cookery->@Inject::onVillagerWantsToPickUp(Lnet/minecraft/world/item/ItemStack;Lorg/spongepowered/asm/mixin/injection/callback/CallbackInfoReturnable;)V does use it's CallbackInfoReturnable
[03Oct2026 23:11:24.019] [pool-11-thread-1/DEBUG] [mixin/]: Mixing IngredientMixin from kubejs.mixins.json into net.minecraft.world.item.crafting.Ingredient
[03Oct2026 23:11:24.032] [pool-11-thread-1/DEBUG] [mixin/]: Mixing inject.MixinFoodPropertiesBuilder from architectury-common.mixins.json into net.minecraft.world.food.FoodProperties$Builder
[03Oct2026 23:11:24.032] [pool-11-thread-1/DEBUG] [mixin/]: architectury-common.mixins.json:inject.MixinFoodPropertiesBuilder from mod architectury: Class version 65 required is higher than the class version supported by the current version of Mixin (JAVA_16 supports class version 60)
[03Oct2026 23:11:24.459] [pool-11-thread-1/DEBUG] [mixin/]: Mixing MenuTypeMixin from kubejs.mixins.json into net.minecraft.world.inventory.MenuType
[03Oct2026 23:11:24.462] [pool-11-thread-1/DEBUG] [mixin/]: Mixing MixinInventory from architectury.mixins.json into net.minecraft.world.entity.player.Inventory
[03Oct2026 23:11:24.462] [pool-11-thread-1/DEBUG] [mixin/]: architectury.mixins.json:MixinInventory from mod architectury: Class version 65 required is higher than the class version supported by the current version of Mixin (JAVA_16 supports class version 60)
[03Oct2026 23:11:24.464] [pool-11-thread-1/DEBUG] [mixin/]: architectury.mixins.json:MixinInventory from mod architectury->@Inject::updateItems(Lorg/spongepowered/asm/mixin/injection/callback/CallbackInfo;)V doesn't use it's CallbackInfo
[03Oct2026 23:11:24.464] [pool-11-thread-1/DEBUG] [mixin/]: architectury.mixins.json:MixinInventory from mod architectury->@Inject::updateItems(Lorg/spongepowered/asm/mixin/injection/callback/CallbackInfo;)V has 0 override(s) in child classes
[03Oct2026 23:11:24.464] [pool-11-thread-1/DEBUG] [mixin/]: architectury.mixins.json:MixinInventory from mod architectury->@Inject::updateItems(Lorg/spongepowered/asm/mixin/injection/callback/CallbackInfo;)V won't be passed a CallbackInfo as a result
[03Oct2026 23:11:24.491] [pool-11-thread-1/DEBUG] [mixin/]: Mixing ICustomIngredientMixin from kubejs.mixins.json into net.neoforged.neoforge.common.crafting.ICustomIngredient
[03Oct2026 23:11:25.246] [pool-11-thread-1/DEBUG] [mixin/]: Mixing ClickEventMixin from kubejs.mixins.json into net.minecraft.network.chat.ClickEvent
[03Oct2026 23:11:25.317] [pool-11-thread-1/DEBUG] [mixin/]: Mixing DamageSourceMixin from kubejs.mixins.json into net.minecraft.world.damagesource.DamageSource
[03Oct2026 23:11:25.518] [main/DEBUG] [mixin/]: Mixing GameRulesMixin from kubejs.mixins.json into net.minecraft.world.level.GameRules
[03Oct2026 23:11:25.543] [main/DEBUG] [mixin/]: Mixing MinecraftServerMixin from kubejs.mixins.json into net.minecraft.server.MinecraftServer
[03Oct2026 23:11:25.544] [main/DEBUG] [mixin/]: Renaming synthetic method lambda$kjs$endResourceReload$1()V to md299a63$kubejs$lambda$kjs$endResourceReload$1$0 in kubejs.mixins.json:MinecraftServerMixin from mod kubejs
[03Oct2026 23:11:25.544] [main/DEBUG] [mixin/]: Renaming synthetic method lambda$kjs$init$0()V to md299a63$kubejs$lambda$kjs$init$0$1 in kubejs.mixins.json:MinecraftServerMixin from mod kubejs
[03Oct2026 23:11:25.566] [main/DEBUG] [mixin/]: kubejs.mixins.json:MinecraftServerMixin from mod kubejs->@Inject::kjs$init(Lorg/spongepowered/asm/mixin/injection/callback/CallbackInfo;)V doesn't use it's CallbackInfo
[03Oct2026 23:11:25.566] [main/DEBUG] [mixin/]: kubejs.mixins.json:MinecraftServerMixin from mod kubejs->@Inject::kjs$init(Lorg/spongepowered/asm/mixin/injection/callback/CallbackInfo;)V has 0 override(s) in child classes
[03Oct2026 23:11:25.566] [main/DEBUG] [mixin/]: kubejs.mixins.json:MinecraftServerMixin from mod kubejs->@Inject::kjs$init(Lorg/spongepowered/asm/mixin/injection/callback/CallbackInfo;)V won't be passed a CallbackInfo as a result
[03Oct2026 23:11:25.566] [main/DEBUG] [mixin/]: kubejs.mixins.json:MinecraftServerMixin from mod kubejs->@Inject::kjs$postTickServer(Ljava/util/function/BooleanSupplier;Lorg/spongepowered/asm/mixin/injection/callback/CallbackInfo;)V doesn't use it's CallbackInfo
[03Oct2026 23:11:25.566] [main/DEBUG] [mixin/]: kubejs.mixins.json:MinecraftServerMixin from mod kubejs->@Inject::kjs$postTickServer(Ljava/util/function/BooleanSupplier;Lorg/spongepowered/asm/mixin/injection/callback/CallbackInfo;)V has 0 override(s) in child classes
[03Oct2026 23:11:25.566] [main/DEBUG] [mixin/]: kubejs.mixins.json:MinecraftServerMixin from mod kubejs->@Inject::kjs$postTickServer(Ljava/util/function/BooleanSupplier;Lorg/spongepowered/asm/mixin/injection/callback/CallbackInfo;)V won't be passed a CallbackInfo as a result
[03Oct2026 23:11:25.566] [main/DEBUG] [mixin/]: kubejs.mixins.json:MinecraftServerMixin from mod kubejs->@Inject::kjs$endResourceReload(Ljava/util/Collection;Lorg/spongepowered/asm/mixin/injection/callback/CallbackInfoReturnable;)V doesn't use it's CallbackInfoReturnable
[03Oct2026 23:11:25.566] [main/DEBUG] [mixin/]: kubejs.mixins.json:MinecraftServerMixin from mod kubejs->@Inject::kjs$endResourceReload(Ljava/util/Collection;Lorg/spongepowered/asm/mixin/injection/callback/CallbackInfoReturnable;)V has 0 override(s) in child classes
[03Oct2026 23:11:25.566] [main/DEBUG] [mixin/]: kubejs.mixins.json:MinecraftServerMixin from mod kubejs->@Inject::kjs$endResourceReload(Ljava/util/Collection;Lorg/spongepowered/asm/mixin/injection/callback/CallbackInfoReturnable;)V won't be passed a CallbackInfoReturnable as a result
[03Oct2026 23:11:25.730] [main/DEBUG] [mixin/]: Mixing MixinLevelEvent from architectury.mixins.json into net.neoforged.neoforge.event.level.LevelEvent
[03Oct2026 23:11:25.733] [main/DEBUG] [mixin/]: architectury.mixins.json:MixinLevelEvent from mod architectury: Class version 65 required is higher than the class version supported by the current version of Mixin (JAVA_16 supports class version 60)
[03Oct2026 23:11:26.179] [main/DEBUG] [mixin/]: Mixing client.MixinCommandSourceStack from architectury.mixins.json into net.minecraft.commands.CommandSourceStack
[03Oct2026 23:11:26.179] [main/DEBUG] [mixin/]: architectury.mixins.json:client.MixinCommandSourceStack from mod architectury: Class version 65 required is higher than the class version supported by the current version of Mixin (JAVA_16 supports class version 60)
[03Oct2026 23:11:26.181] [main/DEBUG] [mixin/]: Mixing CommandSourceStackMixin from kubejs.mixins.json into net.minecraft.commands.CommandSourceStack
[03Oct2026 23:11:26.181] [main/DEBUG] [mixin/]: Renaming synthetic method lambda$kjs$sendSuccess$0(Lnet/minecraft/network/chat/Component;)Lnet/minecraft/network/chat/Component; to md299a63$kubejs$lambda$kjs$sendSuccess$0$0 in kubejs.mixins.json:CommandSourceStackMixin from mod kubejs
[03Oct2026 23:11:26.537] [main/WARN] [net.minecraft.commands.Commands/]: Ambiguity between arguments [teleport, location] and [teleport, destination] with inputs: [0.1 -0.5 .9, 0 0 0]
[03Oct2026 23:11:26.540] [main/WARN] [net.minecraft.commands.Commands/]: Ambiguity between arguments [teleport, location] and [teleport, targets] with inputs: [0.1 -0.5 .9, 0 0 0]
[03Oct2026 23:11:26.544] [main/WARN] [net.minecraft.commands.Commands/]: Ambiguity between arguments [teleport, destination] and [teleport, targets] with inputs: [Player, 0123, @e, dd12be42-52a9-4a91-a8a1-11c01849e498]
[03Oct2026 23:11:26.548] [main/WARN] [net.minecraft.commands.Commands/]: Ambiguity between arguments [teleport, targets] and [teleport, destination] with inputs: [Player, 0123, dd12be42-52a9-4a91-a8a1-11c01849e498]
[03Oct2026 23:11:26.566] [main/WARN] [net.minecraft.commands.Commands/]: Ambiguity between arguments [teleport, targets, location] and [teleport, targets, destination] with inputs: [0.1 -0.5 .9, 0 0 0]
[03Oct2026 23:11:26.605] [Render thread/DEBUG] [mixin/]: Mixing LocalPlayerMixin from kubejs.mixins.json into net.minecraft.client.player.LocalPlayer
[03Oct2026 23:11:26.616] [Render thread/DEBUG] [mixin/]: Mixing AbstractClientPlayerMixin from kubejs.mixins.json into net.minecraft.client.player.AbstractClientPlayer
[03Oct2026 23:11:26.629] [Render thread/DEBUG] [mixin/]: Mixing ScreenMixin from kubejs.mixins.json into net.minecraft.client.gui.screens.Screen
[03Oct2026 23:11:26.641] [Render thread/DEBUG] [mixin/]: Mixing MixinClientLevel from architectury.mixins.json into net.minecraft.client.multiplayer.ClientLevel
[03Oct2026 23:11:26.641] [Render thread/DEBUG] [mixin/]: architectury.mixins.json:MixinClientLevel from mod architectury: Class version 65 required is higher than the class version supported by the current version of Mixin (JAVA_16 supports class version 60)
[03Oct2026 23:11:26.643] [Render thread/DEBUG] [mixin/]: Mixing ClientLevelMixin from kubejs.mixins.json into net.minecraft.client.multiplayer.ClientLevel
[03Oct2026 23:11:26.646] [Render thread/DEBUG] [mixin/]: architectury.mixins.json:MixinClientLevel from mod architectury->@Inject::tickEntities(Lorg/spongepowered/asm/mixin/injection/callback/CallbackInfo;)V doesn't use it's CallbackInfo
[03Oct2026 23:11:26.646] [Render thread/DEBUG] [mixin/]: architectury.mixins.json:MixinClientLevel from mod architectury->@Inject::tickEntities(Lorg/spongepowered/asm/mixin/injection/callback/CallbackInfo;)V has 0 override(s) in child classes
[03Oct2026 23:11:26.646] [Render thread/DEBUG] [mixin/]: architectury.mixins.json:MixinClientLevel from mod architectury->@Inject::tickEntities(Lorg/spongepowered/asm/mixin/injection/callback/CallbackInfo;)V won't be passed a CallbackInfo as a result
[03Oct2026 23:11:26.647] [Render thread/DEBUG] [mixin/]: architectury.mixins.json:MixinClientLevel from mod architectury->@Inject::tickEntitiesPost(Lorg/spongepowered/asm/mixin/injection/callback/CallbackInfo;)V doesn't use it's CallbackInfo
[03Oct2026 23:11:26.647] [Render thread/DEBUG] [mixin/]: architectury.mixins.json:MixinClientLevel from mod architectury->@Inject::tickEntitiesPost(Lorg/spongepowered/asm/mixin/injection/callback/CallbackInfo;)V has 0 override(s) in child classes
[03Oct2026 23:11:26.647] [Render thread/DEBUG] [mixin/]: architectury.mixins.json:MixinClientLevel from mod architectury->@Inject::tickEntitiesPost(Lorg/spongepowered/asm/mixin/injection/callback/CallbackInfo;)V won't be passed a CallbackInfo as a result
[03Oct2026 23:11:26.808] [Render thread/WARN] [net.minecraft.server.packs.VanillaPackResourcesBuilder/]: Assets URL 'union:/E:/MCreatorWorkspaces/kaleidoscope_snack/build/moddev/artifacts/neoforge-21.1.232.jar%23193!/assets/.mcassetsroot' uses unexpected schema
[03Oct2026 23:11:26.808] [Render thread/WARN] [net.minecraft.server.packs.VanillaPackResourcesBuilder/]: Assets URL 'union:/E:/MCreatorWorkspaces/kaleidoscope_snack/build/moddev/artifacts/neoforge-21.1.232.jar%23193!/data/.mcassetsroot' uses unexpected schema
[03Oct2026 23:11:26.899] [Render thread/INFO] [com.mojang.authlib.yggdrasil.YggdrasilAuthenticationService/]: Environment: Environment[sessionHost=https://sessionserver.mojang.com, servicesHost=https://api.minecraftservices.com, name=PROD]
[03Oct2026 23:11:26.918] [Render thread/INFO] [net.minecraft.client.Minecraft/]: Setting user: Dev
[03Oct2026 23:11:26.926] [Render thread/DEBUG] [mixin/]: Mixing OptionsMixin from kubejs.mixins.json into net.minecraft.client.Options
[03Oct2026 23:11:26.928] [Render thread/DEBUG] [mixin/]: kubejs.mixins.json:OptionsMixin from mod kubejs->@Inject::loadKJS(Lorg/spongepowered/asm/mixin/injection/callback/CallbackInfo;)V doesn't use it's CallbackInfo
[03Oct2026 23:11:26.928] [Render thread/DEBUG] [mixin/]: kubejs.mixins.json:OptionsMixin from mod kubejs->@Inject::loadKJS(Lorg/spongepowered/asm/mixin/injection/callback/CallbackInfo;)V has 0 override(s) in child classes
[03Oct2026 23:11:26.928] [Render thread/DEBUG] [mixin/]: kubejs.mixins.json:OptionsMixin from mod kubejs->@Inject::loadKJS(Lorg/spongepowered/asm/mixin/injection/callback/CallbackInfo;)V won't be passed a CallbackInfo as a result
[03Oct2026 23:11:27.127] [Render thread/INFO] [net.minecraft.client.Minecraft/]: Backend library: LWJGL version 3.3.3+5
[03Oct2026 23:11:27.128] [Render thread/DEBUG] [mixin/]: Mixing WindowMixin from kubejs.mixins.json into com.mojang.blaze3d.platform.Window
[03Oct2026 23:11:27.226] [Render thread/DEBUG] [mixin/]: Mixing KeyboardHandlerMixin from kubejs.mixins.json into net.minecraft.client.KeyboardHandler
[03Oct2026 23:11:27.227] [Render thread/DEBUG] [mixin/]: kubejs.mixins.json:KeyboardHandlerMixin from mod kubejs->@Inject::reloadResources(ILorg/spongepowered/asm/mixin/injection/callback/CallbackInfoReturnable;)V doesn't use it's CallbackInfoReturnable
[03Oct2026 23:11:27.227] [Render thread/DEBUG] [mixin/]: kubejs.mixins.json:KeyboardHandlerMixin from mod kubejs->@Inject::reloadResources(ILorg/spongepowered/asm/mixin/injection/callback/CallbackInfoReturnable;)V has 0 override(s) in child classes
[03Oct2026 23:11:27.227] [Render thread/DEBUG] [mixin/]: kubejs.mixins.json:KeyboardHandlerMixin from mod kubejs->@Inject::reloadResources(ILorg/spongepowered/asm/mixin/injection/callback/CallbackInfoReturnable;)V won't be passed a CallbackInfoReturnable as a result
[03Oct2026 23:11:27.359] [Render thread/DEBUG] [net.neoforged.fml.ModWorkManager/LOADING]: Using 32 threads for parallel mod-loading
[03Oct2026 23:11:27.393] [Render thread/DEBUG] [net.neoforged.fml.lowcodemod.LowCodeModContainer/LOADING]: Creating LowCodeModContainer for rhino
[03Oct2026 23:11:27.398] [Render thread/DEBUG] [net.neoforged.fml.javafmlmod.FMLModContainer/LOADING]: Creating FMLModContainer instance for [com.github.ysbbbbbb.kaleidoscopecookery.KaleidoscopeCookery]
[03Oct2026 23:11:27.404] [Render thread/DEBUG] [net.neoforged.fml.javafmlmod.FMLModContainer/LOADING]: Creating FMLModContainer instance for [dev.architectury.neoforge.ArchitecturyNeoForge]
[03Oct2026 23:11:27.406] [Render thread/DEBUG] [net.neoforged.fml.javafmlmod.FMLModContainer/LOADING]: Creating FMLModContainer instance for [net.neoforged.neoforge.common.NeoForgeMod, net.neoforged.neoforge.client.ClientNeoForgeMod]
[03Oct2026 23:11:27.411] [Render thread/DEBUG] [net.neoforged.fml.javafmlmod.FMLModContainer/LOADING]: Creating FMLModContainer instance for [dev.latvian.mods.kubejs.KubeJS]
[03Oct2026 23:11:27.412] [Render thread/DEBUG] [net.neoforged.fml.javafmlmod.FMLModContainer/LOADING]: Creating FMLModContainer instance for [kaleidoscopesnack.KaleidoscopeSnackMod]
[03Oct2026 23:11:27.447] [modloading-worker-0/DEBUG] [net.neoforged.fml.config.ConfigTracker/CONFIG]: Config file kaleidoscope_cookery-common.toml for kaleidoscope_cookery tracking
[03Oct2026 23:11:27.447] [modloading-worker-0/DEBUG] [net.neoforged.fml.config.ConfigTracker/CONFIG]: Config file kaleidoscope_cookery-client.toml for kaleidoscope_cookery tracking
[03Oct2026 23:11:27.450] [modloading-worker-0/DEBUG] [net.neoforged.neoforge.internal.versions.neoforge.NeoForgeVersion/CORE]: Found NeoForge version 21.1.232
[03Oct2026 23:11:27.450] [modloading-worker-0/DEBUG] [net.neoforged.neoforge.internal.versions.neoforge.NeoForgeVersion/CORE]: Found FML version 4.0.42
[03Oct2026 23:11:27.450] [modloading-worker-0/INFO] [net.neoforged.neoforge.common.NeoForgeMod/NEOFORGE-MOD]: NeoForge mod loading, version 21.1.232, for MC 1.21.1
[03Oct2026 23:11:27.477] [modloading-worker-0/DEBUG] [net.neoforged.fml.config.ConfigTracker/CONFIG]: Config file neoforge-client.toml for neoforge tracking
[03Oct2026 23:11:27.477] [modloading-worker-0/DEBUG] [net.neoforged.fml.config.ConfigTracker/CONFIG]: Config file neoforge-server.toml for neoforge tracking
[03Oct2026 23:11:27.477] [modloading-worker-0/DEBUG] [net.neoforged.fml.config.ConfigTracker/CONFIG]: Config file neoforge-common.toml for neoforge tracking
[03Oct2026 23:11:27.584] [modloading-worker-0/DEBUG] [mixin/]: Mixing IItemHandlerMixin from kubejs.mixins.json into net.neoforged.neoforge.items.IItemHandler
[03Oct2026 23:11:27.635] [modloading-worker-0/DEBUG] [net.neoforged.fml.javafmlmod.AutomaticEventSubscriber/LOADING]: Attempting to inject @EventBusSubscriber classes into the eventbus for architectury
[03Oct2026 23:11:27.682] [modloading-worker-0/DEBUG] [net.neoforged.fml.javafmlmod.AutomaticEventSubscriber/LOADING]: Attempting to inject @EventBusSubscriber classes into the eventbus for neoforge
[03Oct2026 23:11:27.684] [modloading-worker-0/DEBUG] [net.neoforged.fml.javafmlmod.AutomaticEventSubscriber/LOADING]: Scanning class net.neoforged.neoforge.server.command.ConfigCommand for @SubscribeEvent-annotated methods
[03Oct2026 23:11:27.686] [modloading-worker-0/DEBUG] [net.neoforged.fml.javafmlmod.AutomaticEventSubscriber/]: Subscribing @EventBusSubscriber class Lnet/neoforged/neoforge/server/command/ConfigCommand; to the game event bus
[03Oct2026 23:11:27.707] [modloading-worker-0/DEBUG] [net.neoforged.fml.javafmlmod.AutomaticEventSubscriber/LOADING]: Scanning class net.neoforged.neoforge.network.filters.GenericPacketSplitter for @SubscribeEvent-annotated methods
[03Oct2026 23:11:27.791] [modloading-worker-0/DEBUG] [io.netty.buffer.AbstractByteBuf/]: -Dio.netty.buffer.checkAccessible: true
[03Oct2026 23:11:27.791] [modloading-worker-0/DEBUG] [io.netty.buffer.AbstractByteBuf/]: -Dio.netty.buffer.checkBounds: true
[03Oct2026 23:11:27.797] [modloading-worker-0/DEBUG] [io.netty.util.ResourceLeakDetectorFactory/]: Loaded default ResourceLeakDetector: io.netty.util.ResourceLeakDetector@64ccc913
[03Oct2026 23:11:27.835] [modloading-worker-0/DEBUG] [io.netty.util.internal.InternalThreadLocalMap/]: -Dio.netty.threadLocalMap.stringBuilder.initialSize: 1024
[03Oct2026 23:11:27.835] [modloading-worker-0/DEBUG] [io.netty.util.internal.InternalThreadLocalMap/]: -Dio.netty.threadLocalMap.stringBuilder.maxSize: 4096
[03Oct2026 23:11:27.847] [modloading-worker-0/DEBUG] [io.netty.buffer.PooledByteBufAllocator/]: -Dio.netty.allocator.numHeapArenas: 64
[03Oct2026 23:11:27.847] [modloading-worker-0/DEBUG] [io.netty.buffer.PooledByteBufAllocator/]: -Dio.netty.allocator.numDirectArenas: 64
[03Oct2026 23:11:27.847] [modloading-worker-0/DEBUG] [io.netty.buffer.PooledByteBufAllocator/]: -Dio.netty.allocator.pageSize: 8192
[03Oct2026 23:11:27.848] [modloading-worker-0/DEBUG] [io.netty.buffer.PooledByteBufAllocator/]: -Dio.netty.allocator.maxOrder: 9
[03Oct2026 23:11:27.848] [modloading-worker-0/DEBUG] [io.netty.buffer.PooledByteBufAllocator/]: -Dio.netty.allocator.chunkSize: 4194304
[03Oct2026 23:11:27.848] [modloading-worker-0/DEBUG] [io.netty.buffer.PooledByteBufAllocator/]: -Dio.netty.allocator.smallCacheSize: 256
[03Oct2026 23:11:27.848] [modloading-worker-0/DEBUG] [io.netty.buffer.PooledByteBufAllocator/]: -Dio.netty.allocator.normalCacheSize: 64
[03Oct2026 23:11:27.848] [modloading-worker-0/DEBUG] [io.netty.buffer.PooledByteBufAllocator/]: -Dio.netty.allocator.maxCachedBufferCapacity: 32768
[03Oct2026 23:11:27.848] [modloading-worker-0/DEBUG] [io.netty.buffer.PooledByteBufAllocator/]: -Dio.netty.allocator.cacheTrimInterval: 8192
[03Oct2026 23:11:27.848] [modloading-worker-0/DEBUG] [io.netty.buffer.PooledByteBufAllocator/]: -Dio.netty.allocator.cacheTrimIntervalMillis: 0
[03Oct2026 23:11:27.848] [modloading-worker-0/DEBUG] [io.netty.buffer.PooledByteBufAllocator/]: -Dio.netty.allocator.useCacheForAllThreads: false
[03Oct2026 23:11:27.848] [modloading-worker-0/DEBUG] [io.netty.buffer.PooledByteBufAllocator/]: -Dio.netty.allocator.maxCachedByteBuffersPerChunk: 1023
[03Oct2026 23:11:27.881] [modloading-worker-0/DEBUG] [io.netty.buffer.ByteBufUtil/]: -Dio.netty.allocator.type: pooled
[03Oct2026 23:11:27.882] [modloading-worker-0/DEBUG] [io.netty.buffer.ByteBufUtil/]: -Dio.netty.threadLocalDirectBufferSize: 0
[03Oct2026 23:11:27.882] [modloading-worker-0/DEBUG] [io.netty.buffer.ByteBufUtil/]: -Dio.netty.maxThreadLocalCharBufferSize: 16384
[03Oct2026 23:11:27.897] [modloading-worker-0/DEBUG] [net.neoforged.fml.javafmlmod.AutomaticEventSubscriber/]: Subscribing @EventBusSubscriber class Lnet/neoforged/neoforge/network/filters/GenericPacketSplitter; to the mod event bus of mod neoforge
[03Oct2026 23:11:27.901] [modloading-worker-0/DEBUG] [net.neoforged.fml.javafmlmod.AutomaticEventSubscriber/LOADING]: Scanning class net.neoforged.neoforge.network.NetworkInitialization for @SubscribeEvent-annotated methods
[03Oct2026 23:11:27.902] [modloading-worker-0/DEBUG] [net.neoforged.fml.javafmlmod.AutomaticEventSubscriber/]: Subscribing @EventBusSubscriber class Lnet/neoforged/neoforge/network/NetworkInitialization; to the mod event bus of mod neoforge
[03Oct2026 23:11:27.903] [modloading-worker-0/DEBUG] [net.neoforged.fml.javafmlmod.AutomaticEventSubscriber/LOADING]: Scanning class net.neoforged.neoforge.network.ConfigurationInitialization for @SubscribeEvent-annotated methods
[03Oct2026 23:11:27.908] [modloading-worker-0/DEBUG] [net.neoforged.fml.javafmlmod.AutomaticEventSubscriber/]: Subscribing @EventBusSubscriber class Lnet/neoforged/neoforge/network/ConfigurationInitialization; to the mod event bus of mod neoforge
[03Oct2026 23:11:27.908] [modloading-worker-0/DEBUG] [net.neoforged.fml.javafmlmod.AutomaticEventSubscriber/LOADING]: Scanning class net.neoforged.neoforge.common.MonsterRoomHooks for @SubscribeEvent-annotated methods
[03Oct2026 23:11:27.910] [modloading-worker-0/DEBUG] [net.neoforged.fml.javafmlmod.AutomaticEventSubscriber/]: Subscribing @EventBusSubscriber class Lnet/neoforged/neoforge/common/MonsterRoomHooks; to the game event bus
[03Oct2026 23:11:27.910] [modloading-worker-0/DEBUG] [net.neoforged.fml.javafmlmod.AutomaticEventSubscriber/LOADING]: Scanning class net.neoforged.neoforge.common.DeferredSpawnEggItem$CommonHandler for @SubscribeEvent-annotated methods
[03Oct2026 23:11:27.911] [modloading-worker-0/DEBUG] [net.neoforged.fml.javafmlmod.AutomaticEventSubscriber/]: Subscribing @EventBusSubscriber class Lnet/neoforged/neoforge/common/DeferredSpawnEggItem$CommonHandler; to the mod event bus of mod neoforge
[03Oct2026 23:11:27.913] [modloading-worker-0/DEBUG] [net.neoforged.fml.javafmlmod.AutomaticEventSubscriber/LOADING]: Scanning class net.neoforged.neoforge.common.DeferredSpawnEggItem$ColorRegisterHandler for @SubscribeEvent-annotated methods
[03Oct2026 23:11:27.914] [modloading-worker-0/DEBUG] [net.neoforged.fml.javafmlmod.AutomaticEventSubscriber/]: Subscribing @EventBusSubscriber class Lnet/neoforged/neoforge/common/DeferredSpawnEggItem$ColorRegisterHandler; to the mod event bus of mod neoforge
[03Oct2026 23:11:27.914] [modloading-worker-0/DEBUG] [net.neoforged.fml.javafmlmod.AutomaticEventSubscriber/LOADING]: Scanning class net.neoforged.neoforge.client.model.data.ModelDataManager for @SubscribeEvent-annotated methods
[03Oct2026 23:11:27.917] [modloading-worker-0/DEBUG] [net.neoforged.fml.javafmlmod.AutomaticEventSubscriber/]: Subscribing @EventBusSubscriber class Lnet/neoforged/neoforge/client/model/data/ModelDataManager; to the game event bus
[03Oct2026 23:11:27.918] [modloading-worker-0/DEBUG] [net.neoforged.fml.javafmlmod.AutomaticEventSubscriber/LOADING]: Scanning class net.neoforged.neoforge.client.ParticleBoundsDebugRenderer for @SubscribeEvent-annotated methods
[03Oct2026 23:11:27.923] [modloading-worker-0/DEBUG] [net.neoforged.fml.javafmlmod.AutomaticEventSubscriber/]: Subscribing @EventBusSubscriber class Lnet/neoforged/neoforge/client/ParticleBoundsDebugRenderer; to the game event bus
[03Oct2026 23:11:27.923] [modloading-worker-0/DEBUG] [net.neoforged.fml.javafmlmod.AutomaticEventSubscriber/LOADING]: Scanning class net.neoforged.neoforge.client.ClientHooks$ClientEvents for @SubscribeEvent-annotated methods
[03Oct2026 23:11:27.928] [modloading-worker-0/DEBUG] [net.neoforged.fml.javafmlmod.AutomaticEventSubscriber/]: Subscribing @EventBusSubscriber class Lnet/neoforged/neoforge/client/ClientHooks$ClientEvents; to the mod event bus of mod neoforge
[03Oct2026 23:11:27.928] [modloading-worker-0/DEBUG] [net.neoforged.fml.javafmlmod.AutomaticEventSubscriber/LOADING]: Scanning class net.neoforged.neoforge.client.BlockEntityRenderBoundsDebugRenderer for @SubscribeEvent-annotated methods
[03Oct2026 23:11:27.929] [modloading-worker-0/DEBUG] [net.neoforged.fml.javafmlmod.AutomaticEventSubscriber/]: Subscribing @EventBusSubscriber class Lnet/neoforged/neoforge/client/BlockEntityRenderBoundsDebugRenderer; to the game event bus
[03Oct2026 23:11:27.930] [modloading-worker-0/DEBUG] [net.neoforged.fml.javafmlmod.AutomaticEventSubscriber/LOADING]: Scanning class net.neoforged.neoforge.attachment.AttachmentSync for @SubscribeEvent-annotated methods
[03Oct2026 23:11:27.935] [modloading-worker-0/DEBUG] [net.neoforged.fml.javafmlmod.AutomaticEventSubscriber/]: Subscribing @EventBusSubscriber class Lnet/neoforged/neoforge/attachment/AttachmentSync; to the game event bus
[03Oct2026 23:11:27.936] [modloading-worker-0/DEBUG] [net.neoforged.fml.javafmlmod.AutomaticEventSubscriber/LOADING]: Scanning class net.neoforged.neoforge.attachment.AttachmentInternals for @SubscribeEvent-annotated methods
[03Oct2026 23:11:27.937] [modloading-worker-0/DEBUG] [net.neoforged.fml.javafmlmod.AutomaticEventSubscriber/]: Subscribing @EventBusSubscriber class Lnet/neoforged/neoforge/attachment/AttachmentInternals; to the game event bus
[03Oct2026 23:11:27.961] [modloading-worker-0/DEBUG] [net.neoforged.fml.javafmlmod.AutomaticEventSubscriber/LOADING]: Attempting to inject @EventBusSubscriber classes into the eventbus for kaleidoscope_snack
[03Oct2026 23:11:27.961] [modloading-worker-0/DEBUG] [net.neoforged.fml.javafmlmod.AutomaticEventSubscriber/LOADING]: Scanning class kaleidoscopesnack.procedures.GetSquidProcedure for @SubscribeEvent-annotated methods
[03Oct2026 23:11:27.962] [modloading-worker-0/DEBUG] [net.neoforged.fml.javafmlmod.AutomaticEventSubscriber/]: Subscribing @EventBusSubscriber class Lkaleidoscopesnack/procedures/GetSquidProcedure; to the game event bus
[03Oct2026 23:11:27.980] [modloading-worker-0/DEBUG] [net.neoforged.fml.javafmlmod.AutomaticEventSubscriber/LOADING]: Attempting to inject @EventBusSubscriber classes into the eventbus for kaleidoscope_cookery
[03Oct2026 23:11:27.980] [modloading-worker-0/DEBUG] [net.neoforged.fml.javafmlmod.AutomaticEventSubscriber/LOADING]: Scanning class com.github.ysbbbbbb.kaleidoscopecookery.datagen.DataGenerators for @SubscribeEvent-annotated methods
[03Oct2026 23:11:27.987] [modloading-worker-0/INFO] [KubeJS Startup/]: Capturing errors for startup scripts enabled
[03Oct2026 23:11:27.987] [modloading-worker-0/INFO] [KubeJS Client/]: Capturing errors for client scripts enabled
[03Oct2026 23:11:27.988] [modloading-worker-0/INFO] [KubeJS/]: Loading vanilla registries...
[03Oct2026 23:11:27.997] [modloading-worker-0/DEBUG] [net.neoforged.fml.javafmlmod.AutomaticEventSubscriber/]: Subscribing @EventBusSubscriber class Lcom/github/ysbbbbbb/kaleidoscopecookery/datagen/DataGenerators; to the mod event bus of mod kaleidoscope_cookery
[03Oct2026 23:11:27.997] [modloading-worker-0/DEBUG] [net.neoforged.fml.javafmlmod.AutomaticEventSubscriber/LOADING]: Scanning class com.github.ysbbbbbb.kaleidoscopecookery.event.ChangeTargetEvent for @SubscribeEvent-annotated methods
[03Oct2026 23:11:27.998] [modloading-worker-0/DEBUG] [net.neoforged.fml.javafmlmod.AutomaticEventSubscriber/]: Subscribing @EventBusSubscriber class Lcom/github/ysbbbbbb/kaleidoscopecookery/event/ChangeTargetEvent; to the game event bus
[03Oct2026 23:11:27.999] [modloading-worker-0/DEBUG] [net.neoforged.fml.javafmlmod.AutomaticEventSubscriber/LOADING]: Scanning class com.github.ysbbbbbb.kaleidoscopecookery.event.EntityJoinWorldEvent for @SubscribeEvent-annotated methods
[03Oct2026 23:11:28.000] [modloading-worker-0/DEBUG] [net.neoforged.fml.javafmlmod.AutomaticEventSubscriber/]: Subscribing @EventBusSubscriber class Lcom/github/ysbbbbbb/kaleidoscopecookery/event/EntityJoinWorldEvent; to the game event bus
[03Oct2026 23:11:28.000] [modloading-worker-0/DEBUG] [net.neoforged.fml.javafmlmod.AutomaticEventSubscriber/LOADING]: Scanning class com.github.ysbbbbbb.kaleidoscopecookery.event.ModTradesEvent for @SubscribeEvent-annotated methods
[03Oct2026 23:11:28.004] [modloading-worker-0/DEBUG] [net.neoforged.fml.javafmlmod.AutomaticEventSubscriber/]: Subscribing @EventBusSubscriber class Lcom/github/ysbbbbbb/kaleidoscopecookery/event/ModTradesEvent; to the game event bus
[03Oct2026 23:11:28.005] [modloading-worker-0/DEBUG] [net.neoforged.fml.javafmlmod.AutomaticEventSubscriber/LOADING]: Scanning class com.github.ysbbbbbb.kaleidoscopecookery.event.HoeUseEvent for @SubscribeEvent-annotated methods
[03Oct2026 23:11:28.005] [modloading-worker-0/INFO] [KubeJS/]: Looking for KubeJS plugins...
[03Oct2026 23:11:28.005] [modloading-worker-0/DEBUG] [net.neoforged.fml.javafmlmod.AutomaticEventSubscriber/]: Subscribing @EventBusSubscriber class Lcom/github/ysbbbbbb/kaleidoscopecookery/event/HoeUseEvent; to the game event bus
[03Oct2026 23:11:28.006] [modloading-worker-0/DEBUG] [net.neoforged.fml.javafmlmod.AutomaticEventSubscriber/LOADING]: Scanning class com.github.ysbbbbbb.kaleidoscopecookery.event.ScarecrowFarmlandTrampleEvent for @SubscribeEvent-annotated methods
[03Oct2026 23:11:28.008] [modloading-worker-0/DEBUG] [net.neoforged.fml.javafmlmod.AutomaticEventSubscriber/]: Subscribing @EventBusSubscriber class Lcom/github/ysbbbbbb/kaleidoscopecookery/event/ScarecrowFarmlandTrampleEvent; to the game event bus
[03Oct2026 23:11:28.008] [modloading-worker-0/DEBUG] [net.neoforged.fml.javafmlmod.AutomaticEventSubscriber/LOADING]: Scanning class com.github.ysbbbbbb.kaleidoscopecookery.event.effect.ProjectileDodgeEvent for @SubscribeEvent-annotated methods
[03Oct2026 23:11:28.009] [modloading-worker-0/DEBUG] [net.neoforged.fml.javafmlmod.AutomaticEventSubscriber/]: Subscribing @EventBusSubscriber class Lcom/github/ysbbbbbb/kaleidoscopecookery/event/effect/ProjectileDodgeEvent; to the game event bus
[03Oct2026 23:11:28.010] [modloading-worker-0/DEBUG] [net.neoforged.fml.javafmlmod.AutomaticEventSubscriber/LOADING]: Scanning class com.github.ysbbbbbb.kaleidoscopecookery.event.effect.PreservationEvent for @SubscribeEvent-annotated methods
[03Oct2026 23:11:28.011] [modloading-worker-0/DEBUG] [net.neoforged.fml.javafmlmod.AutomaticEventSubscriber/]: Subscribing @EventBusSubscriber class Lcom/github/ysbbbbbb/kaleidoscopecookery/event/effect/PreservationEvent; to the game event bus
[03Oct2026 23:11:28.011] [modloading-worker-0/DEBUG] [net.neoforged.fml.javafmlmod.AutomaticEventSubscriber/LOADING]: Scanning class com.github.ysbbbbbb.kaleidoscopecookery.event.effect.FlatulenceEvent for @SubscribeEvent-annotated methods
[03Oct2026 23:11:28.011] [modloading-worker-0/INFO] [KubeJS/]: Found plugin source kubejs
[03Oct2026 23:11:28.013] [modloading-worker-0/DEBUG] [net.neoforged.fml.javafmlmod.AutomaticEventSubscriber/]: Subscribing @EventBusSubscriber class Lcom/github/ysbbbbbb/kaleidoscopecookery/event/effect/FlatulenceEvent; to the game event bus
[03Oct2026 23:11:28.014] [modloading-worker-0/DEBUG] [net.neoforged.fml.javafmlmod.AutomaticEventSubscriber/LOADING]: Scanning class com.github.ysbbbbbb.kaleidoscopecookery.event.effect.SatiatedShieldEvent for @SubscribeEvent-annotated methods
[03Oct2026 23:11:28.015] [modloading-worker-0/DEBUG] [net.neoforged.fml.javafmlmod.AutomaticEventSubscriber/]: Subscribing @EventBusSubscriber class Lcom/github/ysbbbbbb/kaleidoscopecookery/event/effect/SatiatedShieldEvent; to the game event bus
[03Oct2026 23:11:28.016] [modloading-worker-0/DEBUG] [net.neoforged.fml.javafmlmod.AutomaticEventSubscriber/LOADING]: Scanning class com.github.ysbbbbbb.kaleidoscopecookery.event.effect.HinderEvent for @SubscribeEvent-annotated methods
[03Oct2026 23:11:28.017] [modloading-worker-0/DEBUG] [net.neoforged.fml.javafmlmod.AutomaticEventSubscriber/]: Subscribing @EventBusSubscriber class Lcom/github/ysbbbbbb/kaleidoscopecookery/event/effect/HinderEvent; to the game event bus
[03Oct2026 23:11:28.017] [modloading-worker-0/DEBUG] [net.neoforged.fml.javafmlmod.AutomaticEventSubscriber/LOADING]: Scanning class com.github.ysbbbbbb.kaleidoscopecookery.event.effect.FlatulenceServerEvent for @SubscribeEvent-annotated methods
[03Oct2026 23:11:28.018] [modloading-worker-0/DEBUG] [net.neoforged.fml.javafmlmod.AutomaticEventSubscriber/]: Subscribing @EventBusSubscriber class Lcom/github/ysbbbbbb/kaleidoscopecookery/event/effect/FlatulenceServerEvent; to the game event bus
[03Oct2026 23:11:28.018] [modloading-worker-0/DEBUG] [net.neoforged.fml.javafmlmod.AutomaticEventSubscriber/LOADING]: Scanning class com.github.ysbbbbbb.kaleidoscopecookery.event.effect.VitalityEvent for @SubscribeEvent-annotated methods
[03Oct2026 23:11:28.019] [modloading-worker-0/DEBUG] [net.neoforged.fml.javafmlmod.AutomaticEventSubscriber/]: Subscribing @EventBusSubscriber class Lcom/github/ysbbbbbb/kaleidoscopecookery/event/effect/VitalityEvent; to the game event bus
[03Oct2026 23:11:28.019] [modloading-worker-0/DEBUG] [net.neoforged.fml.javafmlmod.AutomaticEventSubscriber/LOADING]: Scanning class com.github.ysbbbbbb.kaleidoscopecookery.event.SpecialRecipeItemEvent for @SubscribeEvent-annotated methods
[03Oct2026 23:11:28.020] [modloading-worker-0/DEBUG] [net.neoforged.fml.javafmlmod.AutomaticEventSubscriber/]: Subscribing @EventBusSubscriber class Lcom/github/ysbbbbbb/kaleidoscopecookery/event/SpecialRecipeItemEvent; to the game event bus
[03Oct2026 23:11:28.021] [modloading-worker-0/DEBUG] [net.neoforged.fml.javafmlmod.AutomaticEventSubscriber/LOADING]: Scanning class com.github.ysbbbbbb.kaleidoscopecookery.event.RightClickEvent for @SubscribeEvent-annotated methods
[03Oct2026 23:11:28.022] [modloading-worker-0/DEBUG] [net.neoforged.fml.javafmlmod.AutomaticEventSubscriber/]: Subscribing @EventBusSubscriber class Lcom/github/ysbbbbbb/kaleidoscopecookery/event/RightClickEvent; to the game event bus
[03Oct2026 23:11:28.023] [modloading-worker-0/DEBUG] [net.neoforged.fml.javafmlmod.AutomaticEventSubscriber/LOADING]: Scanning class com.github.ysbbbbbb.kaleidoscopecookery.event.LeftClickEvent for @SubscribeEvent-annotated methods
[03Oct2026 23:11:28.024] [modloading-worker-0/DEBUG] [net.neoforged.fml.javafmlmod.AutomaticEventSubscriber/]: Subscribing @EventBusSubscriber class Lcom/github/ysbbbbbb/kaleidoscopecookery/event/LeftClickEvent; to the game event bus
[03Oct2026 23:11:28.024] [modloading-worker-0/DEBUG] [net.neoforged.fml.javafmlmod.AutomaticEventSubscriber/LOADING]: Scanning class com.github.ysbbbbbb.kaleidoscopecookery.event.AddVillageStructuresEvent for @SubscribeEvent-annotated methods
[03Oct2026 23:11:28.025] [modloading-worker-0/DEBUG] [net.neoforged.fml.javafmlmod.AutomaticEventSubscriber/]: Subscribing @EventBusSubscriber class Lcom/github/ysbbbbbb/kaleidoscopecookery/event/AddVillageStructuresEvent; to the game event bus
[03Oct2026 23:11:28.025] [modloading-worker-0/DEBUG] [net.neoforged.fml.javafmlmod.AutomaticEventSubscriber/LOADING]: Scanning class com.github.ysbbbbbb.kaleidoscopecookery.event.ArmorEffectEvent for @SubscribeEvent-annotated methods
[03Oct2026 23:11:28.025] [modloading-worker-0/INFO] [KubeJS/]: Found plugin source kaleidoscope_cookery
[03Oct2026 23:11:28.026] [modloading-worker-0/DEBUG] [net.neoforged.fml.javafmlmod.AutomaticEventSubscriber/]: Subscribing @EventBusSubscriber class Lcom/github/ysbbbbbb/kaleidoscopecookery/event/ArmorEffectEvent; to the game event bus
[03Oct2026 23:11:28.026] [modloading-worker-0/DEBUG] [net.neoforged.fml.javafmlmod.AutomaticEventSubscriber/LOADING]: Scanning class com.github.ysbbbbbb.kaleidoscopecookery.event.SickleHarvestNetherWartEvent for @SubscribeEvent-annotated methods
[03Oct2026 23:11:28.027] [modloading-worker-0/DEBUG] [net.neoforged.fml.javafmlmod.AutomaticEventSubscriber/]: Subscribing @EventBusSubscriber class Lcom/github/ysbbbbbb/kaleidoscopecookery/event/SickleHarvestNetherWartEvent; to the game event bus
[03Oct2026 23:11:28.027] [modloading-worker-0/DEBUG] [net.neoforged.fml.javafmlmod.AutomaticEventSubscriber/LOADING]: Scanning class com.github.ysbbbbbb.kaleidoscopecookery.client.event.ModModelEvent for @SubscribeEvent-annotated methods
[03Oct2026 23:11:28.030] [modloading-worker-0/INFO] [KubeJS/]: Done in 20.92 ms
[03Oct2026 23:11:28.030] [modloading-worker-0/DEBUG] [net.neoforged.fml.javafmlmod.AutomaticEventSubscriber/]: Subscribing @EventBusSubscriber class Lcom/github/ysbbbbbb/kaleidoscopecookery/client/event/ModModelEvent; to the mod event bus of mod kaleidoscope_cookery
[03Oct2026 23:11:28.032] [modloading-worker-0/DEBUG] [net.neoforged.fml.javafmlmod.AutomaticEventSubscriber/LOADING]: Scanning class com.github.ysbbbbbb.kaleidoscopecookery.client.event.CameraEvent for @SubscribeEvent-annotated methods
[03Oct2026 23:11:28.034] [modloading-worker-0/DEBUG] [net.neoforged.fml.javafmlmod.AutomaticEventSubscriber/]: Subscribing @EventBusSubscriber class Lcom/github/ysbbbbbb/kaleidoscopecookery/client/event/CameraEvent; to the game event bus
[03Oct2026 23:11:28.034] [modloading-worker-0/DEBUG] [net.neoforged.fml.javafmlmod.AutomaticEventSubscriber/LOADING]: Scanning class com.github.ysbbbbbb.kaleidoscopecookery.client.event.PlayerRenderEvent for @SubscribeEvent-annotated methods
[03Oct2026 23:11:28.037] [modloading-worker-0/DEBUG] [net.neoforged.fml.javafmlmod.AutomaticEventSubscriber/]: Subscribing @EventBusSubscriber class Lcom/github/ysbbbbbb/kaleidoscopecookery/client/event/PlayerRenderEvent; to the game event bus
[03Oct2026 23:11:28.037] [modloading-worker-0/DEBUG] [net.neoforged.fml.javafmlmod.AutomaticEventSubscriber/LOADING]: Scanning class com.github.ysbbbbbb.kaleidoscopecookery.client.init.ClientSetupEvent for @SubscribeEvent-annotated methods
[03Oct2026 23:11:28.041] [modloading-worker-0/DEBUG] [net.neoforged.fml.javafmlmod.AutomaticEventSubscriber/]: Subscribing @EventBusSubscriber class Lcom/github/ysbbbbbb/kaleidoscopecookery/client/init/ClientSetupEvent; to the mod event bus of mod kaleidoscope_cookery
[03Oct2026 23:11:28.044] [modloading-worker-0/DEBUG] [net.neoforged.fml.javafmlmod.AutomaticEventSubscriber/LOADING]: Scanning class com.github.ysbbbbbb.kaleidoscopecookery.client.init.ParticleFactoryRegistry for @SubscribeEvent-annotated methods
[03Oct2026 23:11:28.046] [modloading-worker-0/DEBUG] [net.neoforged.fml.javafmlmod.AutomaticEventSubscriber/]: Subscribing @EventBusSubscriber class Lcom/github/ysbbbbbb/kaleidoscopecookery/client/init/ParticleFactoryRegistry; to the mod event bus of mod kaleidoscope_cookery
[03Oct2026 23:11:28.046] [modloading-worker-0/DEBUG] [net.neoforged.fml.javafmlmod.AutomaticEventSubscriber/LOADING]: Scanning class com.github.ysbbbbbb.kaleidoscopecookery.client.init.InitClientTooltip for @SubscribeEvent-annotated methods
[03Oct2026 23:11:28.047] [modloading-worker-0/DEBUG] [net.neoforged.fml.javafmlmod.AutomaticEventSubscriber/]: Subscribing @EventBusSubscriber class Lcom/github/ysbbbbbb/kaleidoscopecookery/client/init/InitClientTooltip; to the mod event bus of mod kaleidoscope_cookery
[03Oct2026 23:11:28.048] [modloading-worker-0/DEBUG] [net.neoforged.fml.javafmlmod.AutomaticEventSubscriber/LOADING]: Scanning class com.github.ysbbbbbb.kaleidoscopecookery.client.init.ModEntitiesRender for @SubscribeEvent-annotated methods
[03Oct2026 23:11:28.049] [modloading-worker-0/DEBUG] [net.neoforged.fml.javafmlmod.AutomaticEventSubscriber/]: Subscribing @EventBusSubscriber class Lcom/github/ysbbbbbb/kaleidoscopecookery/client/init/ModEntitiesRender; to the mod event bus of mod kaleidoscope_cookery
[03Oct2026 23:11:28.049] [modloading-worker-0/DEBUG] [net.neoforged.fml.javafmlmod.AutomaticEventSubscriber/LOADING]: Scanning class com.github.ysbbbbbb.kaleidoscopecookery.init.registry.CompatRegistry for @SubscribeEvent-annotated methods
[03Oct2026 23:11:28.051] [modloading-worker-0/DEBUG] [net.neoforged.fml.javafmlmod.AutomaticEventSubscriber/]: Subscribing @EventBusSubscriber class Lcom/github/ysbbbbbb/kaleidoscopecookery/init/registry/CompatRegistry; to the mod event bus of mod kaleidoscope_cookery
[03Oct2026 23:11:28.051] [modloading-worker-0/DEBUG] [net.neoforged.fml.javafmlmod.AutomaticEventSubscriber/LOADING]: Scanning class com.github.ysbbbbbb.kaleidoscopecookery.init.registry.CommonRegistry for @SubscribeEvent-annotated methods
[03Oct2026 23:11:28.059] [modloading-worker-0/DEBUG] [net.neoforged.fml.javafmlmod.AutomaticEventSubscriber/]: Subscribing @EventBusSubscriber class Lcom/github/ysbbbbbb/kaleidoscopecookery/init/registry/CommonRegistry; to the mod event bus of mod kaleidoscope_cookery
[03Oct2026 23:11:28.059] [modloading-worker-0/DEBUG] [net.neoforged.fml.javafmlmod.AutomaticEventSubscriber/LOADING]: Scanning class com.github.ysbbbbbb.kaleidoscopecookery.init.registry.DatapackReloadListenerEvent for @SubscribeEvent-annotated methods
[03Oct2026 23:11:28.060] [modloading-worker-0/DEBUG] [net.neoforged.fml.javafmlmod.AutomaticEventSubscriber/]: Subscribing @EventBusSubscriber class Lcom/github/ysbbbbbb/kaleidoscopecookery/init/registry/DatapackReloadListenerEvent; to the game event bus
[03Oct2026 23:11:28.060] [modloading-worker-0/DEBUG] [net.neoforged.fml.javafmlmod.AutomaticEventSubscriber/LOADING]: Scanning class com.github.ysbbbbbb.kaleidoscopecookery.init.registry.CapabilitiesRegistry for @SubscribeEvent-annotated methods
[03Oct2026 23:11:28.062] [modloading-worker-0/DEBUG] [net.neoforged.fml.javafmlmod.AutomaticEventSubscriber/]: Subscribing @EventBusSubscriber class Lcom/github/ysbbbbbb/kaleidoscopecookery/init/registry/CapabilitiesRegistry; to the mod event bus of mod kaleidoscope_cookery
[03Oct2026 23:11:28.062] [modloading-worker-0/DEBUG] [net.neoforged.fml.javafmlmod.AutomaticEventSubscriber/LOADING]: Scanning class com.github.ysbbbbbb.kaleidoscopecookery.init.ModEntities for @SubscribeEvent-annotated methods
[03Oct2026 23:11:28.062] [modloading-worker-0/DEBUG] [net.neoforged.fml.javafmlmod.AutomaticEventSubscriber/]: Subscribing @EventBusSubscriber class Lcom/github/ysbbbbbb/kaleidoscopecookery/init/ModEntities; to the mod event bus of mod kaleidoscope_cookery
[03Oct2026 23:11:28.063] [modloading-worker-0/DEBUG] [net.neoforged.fml.javafmlmod.AutomaticEventSubscriber/LOADING]: Scanning class com.github.ysbbbbbb.kaleidoscopecookery.init.ModRecipes for @SubscribeEvent-annotated methods
[03Oct2026 23:11:28.063] [modloading-worker-0/DEBUG] [net.neoforged.fml.javafmlmod.AutomaticEventSubscriber/]: Subscribing @EventBusSubscriber class Lcom/github/ysbbbbbb/kaleidoscopecookery/init/ModRecipes; to the mod event bus of mod kaleidoscope_cookery
[03Oct2026 23:11:28.063] [modloading-worker-0/DEBUG] [net.neoforged.fml.javafmlmod.AutomaticEventSubscriber/LOADING]: Scanning class com.github.ysbbbbbb.kaleidoscopecookery.init.ModLootModifier for @SubscribeEvent-annotated methods
[03Oct2026 23:11:28.076] [modloading-worker-0/DEBUG] [net.neoforged.fml.javafmlmod.AutomaticEventSubscriber/]: Subscribing @EventBusSubscriber class Lcom/github/ysbbbbbb/kaleidoscopecookery/init/ModLootModifier; to the mod event bus of mod kaleidoscope_cookery
[03Oct2026 23:11:28.143] [modloading-worker-0/DEBUG] [mixin/]: Mixing CollectionTagMixin from kubejs.mixins.json into net.minecraft.nbt.CollectionTag
[03Oct2026 23:11:28.168] [modloading-worker-0/DEBUG] [mixin/]: Mixing SizedIngredientMixin from kubejs.mixins.json into net.neoforged.neoforge.common.crafting.SizedIngredient
[03Oct2026 23:11:28.177] [modloading-worker-0/DEBUG] [mixin/]: Mixing FluidStackMixin from kubejs.mixins.json into net.neoforged.neoforge.fluids.FluidStack
[03Oct2026 23:11:28.191] [modloading-worker-0/DEBUG] [mixin/]: Mixing FluidIngredientMixin from kubejs.mixins.json into net.neoforged.neoforge.fluids.crafting.FluidIngredient
[03Oct2026 23:11:28.196] [modloading-worker-0/DEBUG] [mixin/]: Mixing SizedFluidIngredientMixin from kubejs.mixins.json into net.neoforged.neoforge.fluids.crafting.SizedFluidIngredient
[03Oct2026 23:11:28.403] [modloading-worker-0/DEBUG] [mixin/]: Mixing ClientPacketListenerMixin from kubejs.mixins.json into net.minecraft.client.multiplayer.ClientPacketListener
[03Oct2026 23:11:28.455] [modloading-worker-0/DEBUG] [mixin/]: Mixing WorldOpenFlowsMixin from kubejs.mixins.json into net.minecraft.client.gui.screens.worldselection.WorldOpenFlows
[03Oct2026 23:11:28.458] [modloading-worker-0/DEBUG] [mixin/]: kubejs.mixins.json:WorldOpenFlowsMixin from mod kubejs->@Inject::printServerLogWarning(Lorg/spongepowered/asm/mixin/injection/callback/CallbackInfo;)V doesn't use it's CallbackInfo
[03Oct2026 23:11:28.458] [modloading-worker-0/DEBUG] [mixin/]: kubejs.mixins.json:WorldOpenFlowsMixin from mod kubejs->@Inject::printServerLogWarning(Lorg/spongepowered/asm/mixin/injection/callback/CallbackInfo;)V has 0 override(s) in child classes
[03Oct2026 23:11:28.458] [modloading-worker-0/DEBUG] [mixin/]: kubejs.mixins.json:WorldOpenFlowsMixin from mod kubejs->@Inject::printServerLogWarning(Lorg/spongepowered/asm/mixin/injection/callback/CallbackInfo;)V won't be passed a CallbackInfo as a result
[03Oct2026 23:11:28.475] [modloading-worker-0/DEBUG] [mixin/]: Mixing LevelRendererMixin from kubejs.mixins.json into net.minecraft.client.renderer.LevelRenderer
[03Oct2026 23:11:28.480] [modloading-worker-0/DEBUG] [mixin/]: kubejs.mixins.json:LevelRendererMixin from mod kubejs->@Inject::kjs$loadPostChains(Lorg/spongepowered/asm/mixin/injection/callback/CallbackInfo;)V doesn't use it's CallbackInfo
[03Oct2026 23:11:28.480] [modloading-worker-0/DEBUG] [mixin/]: kubejs.mixins.json:LevelRendererMixin from mod kubejs->@Inject::kjs$loadPostChains(Lorg/spongepowered/asm/mixin/injection/callback/CallbackInfo;)V has 0 override(s) in child classes
[03Oct2026 23:11:28.480] [modloading-worker-0/DEBUG] [mixin/]: kubejs.mixins.json:LevelRendererMixin from mod kubejs->@Inject::kjs$loadPostChains(Lorg/spongepowered/asm/mixin/injection/callback/CallbackInfo;)V won't be passed a CallbackInfo as a result
[03Oct2026 23:11:28.480] [modloading-worker-0/DEBUG] [mixin/]: kubejs.mixins.json:LevelRendererMixin from mod kubejs->@Inject::kjs$resizePostChains(IILorg/spongepowered/asm/mixin/injection/callback/CallbackInfo;)V doesn't use it's CallbackInfo
[03Oct2026 23:11:28.480] [modloading-worker-0/DEBUG] [mixin/]: kubejs.mixins.json:LevelRendererMixin from mod kubejs->@Inject::kjs$resizePostChains(IILorg/spongepowered/asm/mixin/injection/callback/CallbackInfo;)V has 0 override(s) in child classes
[03Oct2026 23:11:28.480] [modloading-worker-0/DEBUG] [mixin/]: kubejs.mixins.json:LevelRendererMixin from mod kubejs->@Inject::kjs$resizePostChains(IILorg/spongepowered/asm/mixin/injection/callback/CallbackInfo;)V won't be passed a CallbackInfo as a result
[03Oct2026 23:11:28.480] [modloading-worker-0/DEBUG] [mixin/]: kubejs.mixins.json:LevelRendererMixin from mod kubejs->@Inject::kjs$highlightBlock(Lcom/mojang/blaze3d/vertex/PoseStack;Lcom/mojang/blaze3d/vertex/VertexConsumer;Lnet/minecraft/world/entity/Entity;DDDLnet/minecraft/core/BlockPos;Lnet/minecraft/world/level/block/state/BlockState;Lorg/spongepowered/asm/mixin/injection/callback/CallbackInfo;)V does use it's CallbackInfo
[03Oct2026 23:11:28.497] [modloading-worker-0/DEBUG] [mixin/]: Mixing GameRendererMixin from kubejs.mixins.json into net.minecraft.client.renderer.GameRenderer
[03Oct2026 23:11:28.502] [modloading-worker-0/DEBUG] [mixin/]: kubejs.mixins.json:GameRendererMixin from mod kubejs->@Inject::kjs$checkEntityPostEffect(Lorg/spongepowered/asm/mixin/injection/callback/CallbackInfo;)V does use it's CallbackInfo
[03Oct2026 23:11:28.591] [modloading-worker-0/INFO] [KubeJS Startup/]: startup_scripts:main.js#2: Hello, World! (Loaded startup example script)
[03Oct2026 23:11:28.596] [modloading-worker-0/INFO] [KubeJS Startup/]: Loaded script startup_scripts:main.js in 0.061 s
[03Oct2026 23:11:28.601] [modloading-worker-0/INFO] [KubeJS Startup/]: Loaded 1/1 KubeJS startup scripts in 0.552 s with 0 errors and 0 warnings
[03Oct2026 23:11:28.622] [modloading-worker-0/INFO] [KubeJS Client/]: client_scripts:main.js#2: Hello, World! (Loaded client example script)
[03Oct2026 23:11:28.624] [modloading-worker-0/INFO] [KubeJS Client/]: Loaded script client_scripts:main.js in 0.002 s
[03Oct2026 23:11:28.624] [modloading-worker-0/INFO] [KubeJS Client/]: Loaded 1/1 KubeJS client scripts in 0.021 s with 0 errors and 0 warnings
[03Oct2026 23:11:28.630] [modloading-worker-0/INFO] [KubeJS Startup/]: Validated 2 files in kubejs/assets/ in 4ms
[03Oct2026 23:11:28.631] [modloading-worker-0/INFO] [KubeJS Startup/]: Validated 0 files in kubejs/data/ in 0ms
[03Oct2026 23:11:28.644] [modloading-worker-0/DEBUG] [net.neoforged.fml.javafmlmod.AutomaticEventSubscriber/LOADING]: Attempting to inject @EventBusSubscriber classes into the eventbus for kubejs
[03Oct2026 23:11:28.644] [modloading-worker-0/DEBUG] [net.neoforged.fml.javafmlmod.AutomaticEventSubscriber/LOADING]: Scanning class dev.latvian.mods.kubejs.net.KubeJSNet for @SubscribeEvent-annotated methods
[03Oct2026 23:11:28.645] [modloading-worker-0/DEBUG] [net.neoforged.fml.javafmlmod.AutomaticEventSubscriber/]: Subscribing @EventBusSubscriber class Ldev/latvian/mods/kubejs/net/KubeJSNet; to the mod event bus of mod kubejs
[03Oct2026 23:11:28.645] [modloading-worker-0/DEBUG] [net.neoforged.fml.javafmlmod.AutomaticEventSubscriber/LOADING]: Scanning class dev.latvian.mods.kubejs.item.KubeJSItemEventHandler for @SubscribeEvent-annotated methods
[03Oct2026 23:11:28.646] [modloading-worker-0/DEBUG] [net.neoforged.fml.javafmlmod.AutomaticEventSubscriber/]: Subscribing @EventBusSubscriber class Ldev/latvian/mods/kubejs/item/KubeJSItemEventHandler; to the game event bus
[03Oct2026 23:11:28.648] [modloading-worker-0/DEBUG] [net.neoforged.fml.javafmlmod.AutomaticEventSubscriber/LOADING]: Scanning class dev.latvian.mods.kubejs.KubeJSModEventHandler for @SubscribeEvent-annotated methods
[03Oct2026 23:11:28.651] [modloading-worker-0/DEBUG] [net.neoforged.fml.javafmlmod.AutomaticEventSubscriber/]: Subscribing @EventBusSubscriber class Ldev/latvian/mods/kubejs/KubeJSModEventHandler; to the mod event bus of mod kubejs
[03Oct2026 23:11:28.652] [modloading-worker-0/DEBUG] [net.neoforged.fml.javafmlmod.AutomaticEventSubscriber/LOADING]: Scanning class dev.latvian.mods.kubejs.entity.KubeJSEntityEventHandler for @SubscribeEvent-annotated methods
[03Oct2026 23:11:28.654] [modloading-worker-0/DEBUG] [net.neoforged.fml.javafmlmod.AutomaticEventSubscriber/]: Subscribing @EventBusSubscriber class Ldev/latvian/mods/kubejs/entity/KubeJSEntityEventHandler; to the game event bus
[03Oct2026 23:11:28.656] [modloading-worker-0/DEBUG] [net.neoforged.fml.javafmlmod.AutomaticEventSubscriber/LOADING]: Scanning class dev.latvian.mods.kubejs.registry.RegistryEventHandler for @SubscribeEvent-annotated methods
[03Oct2026 23:11:28.658] [modloading-worker-0/DEBUG] [net.neoforged.fml.javafmlmod.AutomaticEventSubscriber/]: Subscribing @EventBusSubscriber class Ldev/latvian/mods/kubejs/registry/RegistryEventHandler; to the mod event bus of mod kubejs
[03Oct2026 23:11:28.658] [modloading-worker-0/DEBUG] [net.neoforged.fml.javafmlmod.AutomaticEventSubscriber/LOADING]: Scanning class dev.latvian.mods.kubejs.level.KubeJSWorldEventHandler for @SubscribeEvent-annotated methods
[03Oct2026 23:11:28.660] [modloading-worker-0/DEBUG] [net.neoforged.fml.javafmlmod.AutomaticEventSubscriber/]: Subscribing @EventBusSubscriber class Ldev/latvian/mods/kubejs/level/KubeJSWorldEventHandler; to the game event bus
[03Oct2026 23:11:28.661] [modloading-worker-0/DEBUG] [net.neoforged.fml.javafmlmod.AutomaticEventSubscriber/LOADING]: Scanning class dev.latvian.mods.kubejs.client.KubeJSClientEventHandler for @SubscribeEvent-annotated methods
[03Oct2026 23:11:28.667] [modloading-worker-0/DEBUG] [net.neoforged.fml.javafmlmod.AutomaticEventSubscriber/LOADING]: Found mix of game bus and mod bus listeners in @EventBusSubscriber class Ldev/latvian/mods/kubejs/client/KubeJSClientEventHandler;, registering them separately
[03Oct2026 23:11:28.667] [modloading-worker-0/DEBUG] [net.neoforged.fml.javafmlmod.AutomaticEventSubscriber/LOADING]: Subscribing method public static void dev.latvian.mods.kubejs.client.KubeJSClientEventHandler.setupClient(net.neoforged.fml.event.lifecycle.FMLClientSetupEvent) to the event bus of mod kubejs
[03Oct2026 23:11:28.667] [modloading-worker-0/DEBUG] [net.neoforged.fml.javafmlmod.AutomaticEventSubscriber/LOADING]: Subscribing method public static void dev.latvian.mods.kubejs.client.KubeJSClientEventHandler.registerRenderers(net.neoforged.neoforge.client.event.EntityRenderersEvent$RegisterRenderers) to the event bus of mod kubejs
[03Oct2026 23:11:28.668] [modloading-worker-0/DEBUG] [net.neoforged.fml.javafmlmod.AutomaticEventSubscriber/LOADING]: Subscribing method public static void dev.latvian.mods.kubejs.client.KubeJSClientEventHandler.addClientPacks(net.neoforged.neoforge.event.AddPackFindersEvent) to the event bus of mod kubejs
[03Oct2026 23:11:28.668] [modloading-worker-0/DEBUG] [net.neoforged.fml.javafmlmod.AutomaticEventSubscriber/LOADING]: Subscribing method public static void dev.latvian.mods.kubejs.client.KubeJSClientEventHandler.itemColors(net.neoforged.neoforge.client.event.RegisterColorHandlersEvent$Item) to the event bus of mod kubejs
[03Oct2026 23:11:28.668] [modloading-worker-0/DEBUG] [net.neoforged.fml.javafmlmod.AutomaticEventSubscriber/LOADING]: Subscribing method public static void dev.latvian.mods.kubejs.client.KubeJSClientEventHandler.blockColors(net.neoforged.neoforge.client.event.RegisterColorHandlersEvent$Block) to the event bus of mod kubejs
[03Oct2026 23:11:28.668] [modloading-worker-0/DEBUG] [net.neoforged.fml.javafmlmod.AutomaticEventSubscriber/LOADING]: Subscribing method public static void dev.latvian.mods.kubejs.client.KubeJSClientEventHandler.registerCoreShaders(net.neoforged.neoforge.client.event.RegisterShadersEvent) throws java.io.IOException to the event bus of mod kubejs
[03Oct2026 23:11:28.669] [modloading-worker-0/DEBUG] [net.neoforged.fml.javafmlmod.AutomaticEventSubscriber/LOADING]: Subscribing method public static void dev.latvian.mods.kubejs.client.KubeJSClientEventHandler.registerMenuScreens(net.neoforged.neoforge.client.event.RegisterMenuScreensEvent) to the event bus of mod kubejs
[03Oct2026 23:11:28.669] [modloading-worker-0/DEBUG] [net.neoforged.fml.javafmlmod.AutomaticEventSubscriber/LOADING]: Subscribing method public static void dev.latvian.mods.kubejs.client.KubeJSClientEventHandler.registerKeyMappings(net.neoforged.neoforge.client.event.RegisterKeyMappingsEvent) to the event bus of mod kubejs
[03Oct2026 23:11:28.669] [modloading-worker-0/DEBUG] [net.neoforged.fml.javafmlmod.AutomaticEventSubscriber/LOADING]: Subscribing method public static void dev.latvian.mods.kubejs.client.KubeJSClientEventHandler.registerClientExtensions(net.neoforged.neoforge.client.extensions.common.RegisterClientExtensionsEvent) to the event bus of mod kubejs
[03Oct2026 23:11:28.670] [modloading-worker-0/DEBUG] [net.neoforged.fml.javafmlmod.AutomaticEventSubscriber/LOADING]: Subscribing method public static void dev.latvian.mods.kubejs.client.KubeJSClientEventHandler.registerParticleProviders(net.neoforged.neoforge.client.event.RegisterParticleProvidersEvent) to the event bus of mod kubejs
[03Oct2026 23:11:28.670] [modloading-worker-0/DEBUG] [net.neoforged.fml.javafmlmod.AutomaticEventSubscriber/LOADING]: Subscribing method public static void dev.latvian.mods.kubejs.client.KubeJSClientEventHandler.screenPostDraw(net.neoforged.neoforge.client.event.ScreenEvent$Render$Post) to the game event bus
[03Oct2026 23:11:28.670] [modloading-worker-0/DEBUG] [net.neoforged.fml.javafmlmod.AutomaticEventSubscriber/LOADING]: Subscribing method public static void dev.latvian.mods.kubejs.client.KubeJSClientEventHandler.guiPostInit(net.neoforged.neoforge.client.event.ScreenEvent$Init$Post) to the game event bus
[03Oct2026 23:11:28.670] [modloading-worker-0/DEBUG] [net.neoforged.fml.javafmlmod.AutomaticEventSubscriber/LOADING]: Subscribing method public static void dev.latvian.mods.kubejs.client.KubeJSClientEventHandler.hudPostDraw(net.neoforged.neoforge.client.event.RenderGuiEvent$Post) to the game event bus
[03Oct2026 23:11:28.670] [modloading-worker-0/DEBUG] [net.neoforged.fml.javafmlmod.AutomaticEventSubscriber/LOADING]: Subscribing method public static void dev.latvian.mods.kubejs.client.KubeJSClientEventHandler.worldRender(net.neoforged.neoforge.client.event.RenderLevelStageEvent) to the game event bus
[03Oct2026 23:11:28.670] [modloading-worker-0/DEBUG] [net.neoforged.fml.javafmlmod.AutomaticEventSubscriber/LOADING]: Subscribing method public static void dev.latvian.mods.kubejs.client.KubeJSClientEventHandler.openScreenEvent(net.neoforged.neoforge.client.event.ScreenEvent$Opening) to the game event bus
[03Oct2026 23:11:28.671] [modloading-worker-0/DEBUG] [net.neoforged.fml.javafmlmod.AutomaticEventSubscriber/LOADING]: Subscribing method public static void dev.latvian.mods.kubejs.client.KubeJSClientEventHandler.clientTick(net.neoforged.neoforge.client.event.ClientTickEvent$Pre) to the game event bus
[03Oct2026 23:11:28.673] [modloading-worker-0/DEBUG] [net.neoforged.fml.javafmlmod.AutomaticEventSubscriber/LOADING]: Subscribing method public static void dev.latvian.mods.kubejs.client.KubeJSClientEventHandler.loggingOut(net.neoforged.neoforge.client.event.ClientPlayerNetworkEvent$LoggingOut) to the game event bus
[03Oct2026 23:11:28.673] [modloading-worker-0/DEBUG] [net.neoforged.fml.javafmlmod.AutomaticEventSubscriber/LOADING]: Subscribing method public static void dev.latvian.mods.kubejs.client.KubeJSClientEventHandler.loggingIn(net.neoforged.neoforge.client.event.ClientPlayerNetworkEvent$LoggingIn) to the game event bus
[03Oct2026 23:11:28.674] [modloading-worker-0/DEBUG] [net.neoforged.fml.javafmlmod.AutomaticEventSubscriber/LOADING]: Subscribing method public static void dev.latvian.mods.kubejs.client.KubeJSClientEventHandler.tagsUpdated(net.neoforged.neoforge.event.TagsUpdatedEvent) to the game event bus
[03Oct2026 23:11:28.675] [modloading-worker-0/DEBUG] [net.neoforged.fml.javafmlmod.AutomaticEventSubscriber/LOADING]: Subscribing method public static void dev.latvian.mods.kubejs.client.KubeJSClientEventHandler.debugInfo(net.neoforged.neoforge.client.event.CustomizeGuiOverlayEvent$DebugText) to the game event bus
[03Oct2026 23:11:28.676] [modloading-worker-0/DEBUG] [net.neoforged.fml.javafmlmod.AutomaticEventSubscriber/LOADING]: Subscribing method public static void dev.latvian.mods.kubejs.client.KubeJSClientEventHandler.onRegisterClientCommands(net.neoforged.neoforge.client.event.RegisterClientCommandsEvent) to the game event bus
[03Oct2026 23:11:28.677] [modloading-worker-0/DEBUG] [net.neoforged.fml.javafmlmod.AutomaticEventSubscriber/LOADING]: Subscribing method public static void dev.latvian.mods.kubejs.client.KubeJSClientEventHandler.onItemTooltip(net.neoforged.neoforge.event.entity.player.ItemTooltipEvent) to the game event bus
[03Oct2026 23:11:28.677] [modloading-worker-0/DEBUG] [net.neoforged.fml.javafmlmod.AutomaticEventSubscriber/LOADING]: Scanning class dev.latvian.mods.kubejs.player.KubeJSPlayerEventHandler for @SubscribeEvent-annotated methods
[03Oct2026 23:11:28.679] [modloading-worker-0/DEBUG] [net.neoforged.fml.javafmlmod.AutomaticEventSubscriber/]: Subscribing @EventBusSubscriber class Ldev/latvian/mods/kubejs/player/KubeJSPlayerEventHandler; to the game event bus
[03Oct2026 23:11:28.681] [modloading-worker-0/DEBUG] [net.neoforged.fml.javafmlmod.AutomaticEventSubscriber/LOADING]: Scanning class dev.latvian.mods.kubejs.block.KubeJSBlockEventHandler for @SubscribeEvent-annotated methods
[03Oct2026 23:11:28.683] [modloading-worker-0/DEBUG] [net.neoforged.fml.javafmlmod.AutomaticEventSubscriber/]: Subscribing @EventBusSubscriber class Ldev/latvian/mods/kubejs/block/KubeJSBlockEventHandler; to the game event bus
[03Oct2026 23:11:28.684] [modloading-worker-0/DEBUG] [net.neoforged.fml.javafmlmod.AutomaticEventSubscriber/LOADING]: Scanning class dev.latvian.mods.kubejs.server.KubeJSServerEventHandler for @SubscribeEvent-annotated methods
[03Oct2026 23:11:28.686] [modloading-worker-0/DEBUG] [net.neoforged.fml.javafmlmod.AutomaticEventSubscriber/]: Subscribing @EventBusSubscriber class Ldev/latvian/mods/kubejs/server/KubeJSServerEventHandler; to the game event bus
[03Oct2026 23:11:28.967] [modloading-sync-worker/DEBUG] [mixin/]: Mixing ItemStackHandlerMixin from kubejs.mixins.json into net.neoforged.neoforge.items.ItemStackHandler
[03Oct2026 23:11:29.070] [modloading-sync-worker/DEBUG] [mixin/]: Mixing TagEmptyConditionMixin from kubejs.mixins.json into net.neoforged.neoforge.common.conditions.TagEmptyCondition
[03Oct2026 23:11:29.073] [modloading-sync-worker/DEBUG] [mixin/]: kubejs.mixins.json:TagEmptyConditionMixin from mod kubejs->@Inject::kjs$test(Lnet/neoforged/neoforge/common/conditions/ICondition$IContext;Lorg/spongepowered/asm/mixin/injection/callback/CallbackInfoReturnable;)V does use it's CallbackInfoReturnable
[03Oct2026 23:11:29.088] [modloading-sync-worker/DEBUG] [mixin/]: Mixing CompoundIngredientMixin from kubejs.mixins.json into net.neoforged.neoforge.common.crafting.CompoundIngredient
[03Oct2026 23:11:29.092] [modloading-sync-worker/DEBUG] [mixin/]: Mixing DifferenceIngredientMixin from kubejs.mixins.json into net.neoforged.neoforge.common.crafting.DifferenceIngredient
[03Oct2026 23:11:29.094] [modloading-sync-worker/DEBUG] [mixin/]: Mixing IntersectionIngredientMixin from kubejs.mixins.json into net.neoforged.neoforge.common.crafting.IntersectionIngredient
[03Oct2026 23:11:29.226] [modloading-sync-worker/DEBUG] [net.neoforged.fml.config.ConfigTracker/CONFIG]: Loading configs type CLIENT
[03Oct2026 23:11:29.237] [modloading-sync-worker/DEBUG] [net.neoforged.fml.config.ConfigTracker/CONFIG]: Loaded TOML config file E:\MCreatorWorkspaces\kaleidoscope_snack\run\config\kaleidoscope_cookery-client.toml
[03Oct2026 23:11:29.245] [modloading-sync-worker/DEBUG] [net.neoforged.fml.config.ConfigTracker/CONFIG]: Watching TOML config file E:\MCreatorWorkspaces\kaleidoscope_snack\run\config\kaleidoscope_cookery-client.toml for changes
[03Oct2026 23:11:29.246] [modloading-sync-worker/DEBUG] [net.neoforged.neoforge.common.NeoForgeConfig/FORGEMOD]: Loaded NeoForge config file neoforge-client.toml
[03Oct2026 23:11:29.246] [modloading-sync-worker/DEBUG] [net.neoforged.fml.config.ConfigTracker/CONFIG]: Loaded TOML config file E:\MCreatorWorkspaces\kaleidoscope_snack\run\config\neoforge-client.toml
[03Oct2026 23:11:29.247] [modloading-sync-worker/DEBUG] [net.neoforged.fml.config.ConfigTracker/CONFIG]: Watching TOML config file E:\MCreatorWorkspaces\kaleidoscope_snack\run\config\neoforge-client.toml for changes
[03Oct2026 23:11:29.247] [modloading-sync-worker/DEBUG] [net.neoforged.fml.config.ConfigTracker/CONFIG]: Loading configs type COMMON
[03Oct2026 23:11:29.248] [modloading-sync-worker/DEBUG] [net.neoforged.fml.config.ConfigTracker/CONFIG]: Loaded TOML config file E:\MCreatorWorkspaces\kaleidoscope_snack\run\config\kaleidoscope_cookery-common.toml
[03Oct2026 23:11:29.249] [modloading-sync-worker/DEBUG] [net.neoforged.fml.config.ConfigTracker/CONFIG]: Watching TOML config file E:\MCreatorWorkspaces\kaleidoscope_snack\run\config\kaleidoscope_cookery-common.toml for changes
[03Oct2026 23:11:29.250] [modloading-sync-worker/DEBUG] [net.neoforged.neoforge.common.NeoForgeConfig/FORGEMOD]: Loaded NeoForge config file neoforge-common.toml
[03Oct2026 23:11:29.250] [modloading-sync-worker/DEBUG] [net.neoforged.fml.config.ConfigTracker/CONFIG]: Loaded TOML config file E:\MCreatorWorkspaces\kaleidoscope_snack\run\config\neoforge-common.toml
[03Oct2026 23:11:29.250] [modloading-sync-worker/DEBUG] [net.neoforged.fml.config.ConfigTracker/CONFIG]: Watching TOML config file E:\MCreatorWorkspaces\kaleidoscope_snack\run\config\neoforge-common.toml for changes
[03Oct2026 23:11:29.984] [Render thread/INFO] [net.neoforged.neoforge.gametest.GameTestHooks/]: Enabled Gametest Namespaces: []
[03Oct2026 23:11:30.277] [Render thread/INFO] [KubeJS/]: Loaded 13 asset packs: vanilla, KubeJS Virtual Resource Pack [Before Mods, assets], mod_resources, mod/rhino, mod/kaleidoscope_cookery, mod/architectury, mod/neoforge, mod/kubejs, KubeJS Virtual Resource Pack [Internal, assets], KubeJS Virtual Resource Pack [After Mods, assets], KubeJS File Resource Pack [assets], mod/kaleidoscope_snack, KubeJS Virtual Resource Pack [Last, assets]
[03Oct2026 23:11:30.279] [Render thread/INFO] [net.minecraft.server.packs.resources.ReloadableResourceManager/]: Reloading ResourceManager: vanilla, KubeJS Virtual Resource Pack [Before Mods, assets], mod_resources, mod/rhino, mod/kaleidoscope_cookery, mod/architectury, mod/neoforge, mod/kubejs, KubeJS Virtual Resource Pack [Internal, assets], KubeJS Virtual Resource Pack [After Mods, assets], KubeJS File Resource Pack [assets], mod/kaleidoscope_snack, KubeJS Virtual Resource Pack [Last, assets]
[03Oct2026 23:11:30.487] [Render thread/INFO] [KubeJS Client/]: Client resource reload complete!
[03Oct2026 23:11:30.496] [Render thread/DEBUG] [net.neoforged.fml.DeferredWorkQueue/LOADING]: Dispatching synchronous work for work queue Common setup: 4 jobs
[03Oct2026 23:11:30.544] [Worker-Main-30/INFO] [net.minecraft.client.gui.font.providers.UnihexProvider/]: Found unifont_jp_patch-15.1.05.hex, loading
[03Oct2026 23:11:30.544] [Worker-Main-10/INFO] [net.minecraft.client.gui.font.providers.UnihexProvider/]: Found unifont_all_no_pua-15.1.05.hex, loading
[03Oct2026 23:11:30.574] [Render thread/DEBUG] [net.neoforged.fml.DeferredWorkQueue/LOADING]: Synchronous work queue completed in 77.62 ms
[03Oct2026 23:11:30.841] [Render thread/DEBUG] [net.neoforged.fml.DeferredWorkQueue/LOADING]: Dispatching synchronous work for work queue Sided setup: 8 jobs
[03Oct2026 23:11:31.079] [Render thread/INFO] [KubeJS/]: Started the local web server at http://localhost:61423
[03Oct2026 23:11:31.090] [Render thread/DEBUG] [net.neoforged.fml.DeferredWorkQueue/LOADING]: Synchronous work queue completed in 246.9 ms
[03Oct2026 23:11:35.096] [Render thread/DEBUG] [net.neoforged.fml.DeferredWorkQueue/LOADING]: Dispatching synchronous work for work queue Enqueue IMC: 2 jobs
[03Oct2026 23:11:35.101] [Render thread/DEBUG] [net.neoforged.fml.DeferredWorkQueue/LOADING]: Synchronous work queue completed in 3.641 ms
[03Oct2026 23:11:35.157] [Render thread/DEBUG] [net.neoforged.fml.DeferredWorkQueue/LOADING]: Dispatching synchronous work for work queue Complete loading of 7 mods: 1 jobs
[03Oct2026 23:11:35.164] [Render thread/INFO] [KubeJS Startup/]: Capturing errors for startup scripts disabled
[03Oct2026 23:11:35.165] [Render thread/INFO] [KubeJS Client/]: Capturing errors for client scripts disabled
[03Oct2026 23:11:35.167] [Render thread/DEBUG] [net.neoforged.fml.DeferredWorkQueue/LOADING]: Synchronous work queue completed in 7.573 ms
[03Oct2026 23:11:35.666] [Render thread/WARN] [net.minecraft.client.sounds.SoundEngine/]: Missing sound for event: minecraft:item.goat_horn.play
[03Oct2026 23:11:35.666] [Render thread/WARN] [net.minecraft.client.sounds.SoundEngine/]: Missing sound for event: minecraft:entity.goat.screaming.horn_break
[03Oct2026 23:11:36.481] [Render thread/INFO] [com.mojang.blaze3d.audio.Library/]: OpenAL initialized on device OpenAL Soft on 扬声器 (Senary Audio)
[03Oct2026 23:11:36.482] [Render thread/INFO] [net.minecraft.client.sounds.SoundEngine/SOUNDS]: Sound engine started
[03Oct2026 23:11:36.665] [Render thread/INFO] [net.minecraft.client.renderer.texture.TextureAtlas/]: Created: 2048x2048x2 minecraft:textures/atlas/blocks.png-atlas
[03Oct2026 23:11:36.689] [Render thread/INFO] [net.minecraft.client.renderer.texture.TextureAtlas/]: Created: 256x256x2 minecraft:textures/atlas/signs.png-atlas
[03Oct2026 23:11:36.690] [Render thread/INFO] [net.minecraft.client.renderer.texture.TextureAtlas/]: Created: 512x512x2 minecraft:textures/atlas/shield_patterns.png-atlas
[03Oct2026 23:11:36.691] [Render thread/INFO] [net.minecraft.client.renderer.texture.TextureAtlas/]: Created: 1024x512x2 minecraft:textures/atlas/banner_patterns.png-atlas
[03Oct2026 23:11:36.692] [Render thread/INFO] [net.minecraft.client.renderer.texture.TextureAtlas/]: Created: 1024x1024x2 minecraft:textures/atlas/armor_trims.png-atlas
[03Oct2026 23:11:36.704] [Render thread/INFO] [net.minecraft.client.renderer.texture.TextureAtlas/]: Created: 256x256x2 minecraft:textures/atlas/chest.png-atlas
[03Oct2026 23:11:36.705] [Render thread/INFO] [net.minecraft.client.renderer.texture.TextureAtlas/]: Created: 128x64x2 minecraft:textures/atlas/decorated_pot.png-atlas
[03Oct2026 23:11:36.705] [Render thread/INFO] [net.minecraft.client.renderer.texture.TextureAtlas/]: Created: 512x256x2 minecraft:textures/atlas/beds.png-atlas
[03Oct2026 23:11:36.706] [Render thread/INFO] [net.minecraft.client.renderer.texture.TextureAtlas/]: Created: 512x256x2 minecraft:textures/atlas/shulker_boxes.png-atlas
[03Oct2026 23:11:36.828] [Render thread/INFO] [net.minecraft.client.renderer.texture.TextureAtlas/]: Created: 512x256x0 minecraft:textures/atlas/particles.png-atlas
[03Oct2026 23:11:36.832] [Render thread/INFO] [net.minecraft.client.renderer.texture.TextureAtlas/]: Created: 512x256x0 minecraft:textures/atlas/paintings.png-atlas
[03Oct2026 23:11:36.833] [Render thread/INFO] [net.minecraft.client.renderer.texture.TextureAtlas/]: Created: 256x128x0 minecraft:textures/atlas/mob_effects.png-atlas
[03Oct2026 23:11:36.834] [Render thread/INFO] [net.minecraft.client.renderer.texture.TextureAtlas/]: Created: 64x64x0 minecraft:textures/atlas/map_decorations.png-atlas
[03Oct2026 23:11:36.834] [Render thread/INFO] [net.minecraft.client.renderer.texture.TextureAtlas/]: Created: 1024x512x0 minecraft:textures/atlas/gui.png-atlas
[03Oct2026 23:11:36.906] [Render thread/WARN] [net.minecraft.client.renderer.ShaderInstance/]: Shader rendertype_entity_translucent_emissive could not find sampler named Sampler2 in the specified shader program.
[03Oct2026 23:11:37.039] [Render thread/INFO] [com.github.ysbbbbbb.kaleidoscopecookery.KaleidoscopeCookery/]: Successfully loaded item render replacer data
[03Oct2026 23:11:37.044] [Render thread/INFO] [net.neoforged.neoforge.client.entity.animation.json.AnimationLoader/]: Loaded 0 entity animations
[03Oct2026 23:12:05.647] [Render thread/DEBUG] [mixin/]: Mixing AbstractSelectionListMixin from kubejs.mixins.json into net.minecraft.client.gui.components.AbstractSelectionList
[03Oct2026 23:12:05.686] [Worker-Main-11/DEBUG] [mixin/]: Mixing NumericTagMixin from kubejs.mixins.json into net.minecraft.nbt.NumericTag
[03Oct2026 23:12:06.535] [Render thread/DEBUG] [mixin/]: Mixing WorldLoaderPackConfigMixin from kubejs.mixins.json into net.minecraft.server.WorldLoader$PackConfig
[03Oct2026 23:12:06.540] [Render thread/DEBUG] [mixin/]: Mixing ReloadableServerResourcesMixin from kubejs.mixins.json into net.minecraft.server.ReloadableServerResources
[03Oct2026 23:12:06.545] [Render thread/DEBUG] [mixin/]: kubejs.mixins.json:ReloadableServerResourcesMixin from mod kubejs->@Inject::init(Lnet/minecraft/core/RegistryAccess$Frozen;Lnet/minecraft/world/flag/FeatureFlagSet;Lnet/minecraft/commands/Commands$CommandSelection;ILorg/spongepowered/asm/mixin/injection/callback/CallbackInfo;)V doesn't use it's CallbackInfo
[03Oct2026 23:12:06.545] [Render thread/DEBUG] [mixin/]: kubejs.mixins.json:ReloadableServerResourcesMixin from mod kubejs->@Inject::init(Lnet/minecraft/core/RegistryAccess$Frozen;Lnet/minecraft/world/flag/FeatureFlagSet;Lnet/minecraft/commands/Commands$CommandSelection;ILorg/spongepowered/asm/mixin/injection/callback/CallbackInfo;)V has 0 override(s) in child classes
[03Oct2026 23:12:06.545] [Render thread/DEBUG] [mixin/]: kubejs.mixins.json:ReloadableServerResourcesMixin from mod kubejs->@Inject::init(Lnet/minecraft/core/RegistryAccess$Frozen;Lnet/minecraft/world/flag/FeatureFlagSet;Lnet/minecraft/commands/Commands$CommandSelection;ILorg/spongepowered/asm/mixin/injection/callback/CallbackInfo;)V won't be passed a CallbackInfo as a result
[03Oct2026 23:12:06.545] [Render thread/DEBUG] [mixin/]: kubejs.mixins.json:ReloadableServerResourcesMixin from mod kubejs->@Inject::injectKubeJSPacks(Lnet/minecraft/server/packs/resources/ResourceManager;Lnet/minecraft/core/LayeredRegistryAccess;Lnet/minecraft/world/flag/FeatureFlagSet;Lnet/minecraft/commands/Commands$CommandSelection;ILjava/util/concurrent/Executor;Ljava/util/concurrent/Executor;Lorg/spongepowered/asm/mixin/injection/callback/CallbackInfoReturnable;)V doesn't use it's CallbackInfoReturnable
[03Oct2026 23:12:06.550] [Render thread/DEBUG] [mixin/]: Mixing WorldLoaderMixin from kubejs.mixins.json into net.minecraft.server.WorldLoader
[03Oct2026 23:12:06.553] [Render thread/DEBUG] [mixin/]: kubejs.mixins.json:WorldLoaderMixin from mod kubejs->@Inject::kjs$load(Lnet/minecraft/server/WorldLoader$InitConfig;Lnet/minecraft/server/WorldLoader$WorldDataSupplier;Lnet/minecraft/server/WorldLoader$ResultFactory;Ljava/util/concurrent/Executor;Ljava/util/concurrent/Executor;Lorg/spongepowered/asm/mixin/injection/callback/CallbackInfoReturnable;)V doesn't use it's CallbackInfoReturnable
[03Oct2026 23:12:06.554] [Render thread/DEBUG] [mixin/]: kubejs.mixins.json:WorldLoaderMixin from mod kubejs->@Inject::kjs$load2(Lnet/minecraft/server/WorldLoader$InitConfig;Lnet/minecraft/server/WorldLoader$WorldDataSupplier;Lnet/minecraft/server/WorldLoader$ResultFactory;Ljava/util/concurrent/Executor;Ljava/util/concurrent/Executor;Lorg/spongepowered/asm/mixin/injection/callback/CallbackInfoReturnable;)V doesn't use it's CallbackInfoReturnable
[03Oct2026 23:12:06.584] [Render thread/INFO] [KubeJS Server/]: Capturing errors for server scripts enabled
[03Oct2026 23:12:06.615] [Render thread/INFO] [KubeJS Server/]: Loaded script server_scripts:cooked_sausage.js in 0.012 s
[03Oct2026 23:12:06.618] [Render thread/INFO] [KubeJS Server/]: Loaded script server_scripts:grilled_squid.js in 0.003 s
[03Oct2026 23:12:06.620] [Render thread/INFO] [KubeJS Server/]: Loaded script server_scripts:ground_meat.js in 0.001 s
[03Oct2026 23:12:06.620] [Render thread/INFO] [KubeJS Server/]: Loaded script server_scripts:kaleidoscope_cookery.js in 0.0 s
[03Oct2026 23:12:06.620] [Render thread/INFO] [KubeJS Server/]: server_scripts:main.js#2: Hello, World! (Loaded server example script)
[03Oct2026 23:12:06.622] [Render thread/INFO] [KubeJS Server/]: Loaded script server_scripts:main.js in 0.001 s
[03Oct2026 23:12:06.622] [Render thread/INFO] [KubeJS Server/]: Loaded script server_scripts:pancake.js in 0.0 s
[03Oct2026 23:12:06.623] [Render thread/INFO] [KubeJS Server/]: Loaded script server_scripts:potato_chunks.js in 0.001 s
[03Oct2026 23:12:06.625] [Render thread/INFO] [KubeJS Server/]: Loaded script server_scripts:potstickers.js in 0.002 s
[03Oct2026 23:12:06.626] [Render thread/INFO] [KubeJS Server/]: Loaded script server_scripts:sausage.js in 0.0 s
[03Oct2026 23:12:06.628] [Render thread/INFO] [KubeJS Server/]: Loaded script server_scripts:sausage_casing.js in 0.002 s
[03Oct2026 23:12:06.628] [Render thread/INFO] [KubeJS Server/]: Loaded script server_scripts:spicy_crinkle_cut_fries.js in 0.0 s
[03Oct2026 23:12:06.653] [Render thread/INFO] [KubeJS Server/]: Loaded 11/11 KubeJS server scripts in 0.069 s with 0 errors and 0 warnings
[03Oct2026 23:12:06.657] [Render thread/INFO] [KubeJS/]: Loaded 14 data packs: vanilla, KubeJS Virtual Resource Pack [Before Mods, data], mod_data, mod/rhino, mod/kaleidoscope_cookery, mod/architectury, mod/neoforge, mod/kubejs, KubeJS Virtual Resource Pack [Internal, data], KubeJS Virtual Resource Pack [Registries, data], KubeJS Virtual Resource Pack [After Mods, data], KubeJS File Resource Pack [data], mod/kaleidoscope_snack, KubeJS Virtual Resource Pack [Last, data]
[03Oct2026 23:12:07.525] [Render thread/DEBUG] [mixin/]: Mixing LootDataTypeMixin from kubejs.mixins.json into net.minecraft.world.level.storage.loot.LootDataType
[03Oct2026 23:12:07.531] [Render thread/DEBUG] [mixin/]: kubejs.mixins.json:LootDataTypeMixin from mod kubejs->@Inject::kjs$exportLootTable(Lnet/minecraft/resources/ResourceLocation;Lcom/mojang/serialization/DynamicOps;Ljava/lang/Object;Lorg/spongepowered/asm/mixin/injection/callback/CallbackInfoReturnable;)V doesn't use it's CallbackInfoReturnable
[03Oct2026 23:12:07.958] [Worker-Main-25/DEBUG] [mixin/]: Mixing RecipeManagerMixin from kubejs.mixins.json into net.minecraft.world.item.crafting.RecipeManager
[03Oct2026 23:12:07.984] [Worker-Main-25/DEBUG] [mixin/]: kubejs.mixins.json:RecipeManagerMixin from mod kubejs->@Inject::customRecipesHead(Ljava/util/Map;Lnet/minecraft/server/packs/resources/ResourceManager;Lnet/minecraft/util/profiling/ProfilerFiller;Lorg/spongepowered/asm/mixin/injection/callback/CallbackInfo;)V doesn't use it's CallbackInfo
[03Oct2026 23:12:07.984] [Worker-Main-25/DEBUG] [mixin/]: kubejs.mixins.json:RecipeManagerMixin from mod kubejs->@Inject::customRecipesHead(Ljava/util/Map;Lnet/minecraft/server/packs/resources/ResourceManager;Lnet/minecraft/util/profiling/ProfilerFiller;Lorg/spongepowered/asm/mixin/injection/callback/CallbackInfo;)V has 0 override(s) in child classes
[03Oct2026 23:12:07.984] [Worker-Main-25/DEBUG] [mixin/]: kubejs.mixins.json:RecipeManagerMixin from mod kubejs->@Inject::customRecipesHead(Ljava/util/Map;Lnet/minecraft/server/packs/resources/ResourceManager;Lnet/minecraft/util/profiling/ProfilerFiller;Lorg/spongepowered/asm/mixin/injection/callback/CallbackInfo;)V won't be passed a CallbackInfo as a result
[03Oct2026 23:12:07.984] [Worker-Main-25/DEBUG] [mixin/]: kubejs.mixins.json:RecipeManagerMixin from mod kubejs->@Inject::catchFailingRecipes(Lorg/spongepowered/asm/mixin/injection/callback/CallbackInfo;)V doesn't use it's CallbackInfo
[03Oct2026 23:12:07.984] [Worker-Main-25/DEBUG] [mixin/]: kubejs.mixins.json:RecipeManagerMixin from mod kubejs->@Inject::catchFailingRecipes(Lorg/spongepowered/asm/mixin/injection/callback/CallbackInfo;)V has 0 override(s) in child classes
[03Oct2026 23:12:07.984] [Worker-Main-25/DEBUG] [mixin/]: kubejs.mixins.json:RecipeManagerMixin from mod kubejs->@Inject::catchFailingRecipes(Lorg/spongepowered/asm/mixin/injection/callback/CallbackInfo;)V won't be passed a CallbackInfo as a result
[03Oct2026 23:12:07.984] [Worker-Main-25/DEBUG] [mixin/]: kubejs.mixins.json:RecipeManagerMixin from mod kubejs->@Inject::addServerData(Lorg/spongepowered/asm/mixin/injection/callback/CallbackInfo;)V doesn't use it's CallbackInfo
[03Oct2026 23:12:07.984] [Worker-Main-25/DEBUG] [mixin/]: kubejs.mixins.json:RecipeManagerMixin from mod kubejs->@Inject::addServerData(Lorg/spongepowered/asm/mixin/injection/callback/CallbackInfo;)V has 0 override(s) in child classes
[03Oct2026 23:12:07.984] [Worker-Main-25/DEBUG] [mixin/]: kubejs.mixins.json:RecipeManagerMixin from mod kubejs->@Inject::addServerData(Lorg/spongepowered/asm/mixin/injection/callback/CallbackInfo;)V won't be passed a CallbackInfo as a result
[03Oct2026 23:12:07.999] [Worker-Main-25/DEBUG] [mixin/]: Mixing TagManagerMixin from kubejs.mixins.json into net.minecraft.tags.TagManager
[03Oct2026 23:12:08.004] [Worker-Main-25/DEBUG] [mixin/]: kubejs.mixins.json:TagManagerMixin from mod kubejs->@Inject::kjs$saveRegistryToTagLoader(Lnet/minecraft/server/packs/resources/ResourceManager;Ljava/util/concurrent/Executor;Lnet/minecraft/core/RegistryAccess$RegistryEntry;Lorg/spongepowered/asm/mixin/injection/callback/CallbackInfoReturnable;)V doesn't use it's CallbackInfoReturnable
[03Oct2026 23:12:08.004] [Worker-Main-25/DEBUG] [mixin/]: kubejs.mixins.json:TagManagerMixin from mod kubejs->@Inject::kjs$saveRegistryToTagLoader(Lnet/minecraft/server/packs/resources/ResourceManager;Ljava/util/concurrent/Executor;Lnet/minecraft/core/RegistryAccess$RegistryEntry;Lorg/spongepowered/asm/mixin/injection/callback/CallbackInfoReturnable;)V has 0 override(s) in child classes
[03Oct2026 23:12:08.004] [Worker-Main-25/DEBUG] [mixin/]: kubejs.mixins.json:TagManagerMixin from mod kubejs->@Inject::kjs$saveRegistryToTagLoader(Lnet/minecraft/server/packs/resources/ResourceManager;Ljava/util/concurrent/Executor;Lnet/minecraft/core/RegistryAccess$RegistryEntry;Lorg/spongepowered/asm/mixin/injection/callback/CallbackInfoReturnable;)V won't be passed a CallbackInfoReturnable as a result
[03Oct2026 23:12:08.004] [Worker-Main-25/DEBUG] [mixin/]: kubejs.mixins.json:TagManagerMixin from mod kubejs->@Inject::kjs$reload(Lnet/minecraft/server/packs/resources/PreparableReloadListener$PreparationBarrier;Lnet/minecraft/server/packs/resources/ResourceManager;Lnet/minecraft/util/profiling/ProfilerFiller;Lnet/minecraft/util/profiling/ProfilerFiller;Ljava/util/concurrent/Executor;Ljava/util/concurrent/Executor;Lorg/spongepowered/asm/mixin/injection/callback/CallbackInfoReturnable;)V doesn't use it's CallbackInfoReturnable
[03Oct2026 23:12:08.004] [Worker-Main-25/DEBUG] [mixin/]: kubejs.mixins.json:TagManagerMixin from mod kubejs->@Inject::kjs$reload(Lnet/minecraft/server/packs/resources/PreparableReloadListener$PreparationBarrier;Lnet/minecraft/server/packs/resources/ResourceManager;Lnet/minecraft/util/profiling/ProfilerFiller;Lnet/minecraft/util/profiling/ProfilerFiller;Ljava/util/concurrent/Executor;Ljava/util/concurrent/Executor;Lorg/spongepowered/asm/mixin/injection/callback/CallbackInfoReturnable;)V has 0 override(s) in child classes
[03Oct2026 23:12:08.004] [Worker-Main-25/DEBUG] [mixin/]: kubejs.mixins.json:TagManagerMixin from mod kubejs->@Inject::kjs$reload(Lnet/minecraft/server/packs/resources/PreparableReloadListener$PreparationBarrier;Lnet/minecraft/server/packs/resources/ResourceManager;Lnet/minecraft/util/profiling/ProfilerFiller;Lnet/minecraft/util/profiling/ProfilerFiller;Ljava/util/concurrent/Executor;Ljava/util/concurrent/Executor;Lorg/spongepowered/asm/mixin/injection/callback/CallbackInfoReturnable;)V won't be passed a CallbackInfoReturnable as a result
[03Oct2026 23:12:08.120] [Worker-Main-25/DEBUG] [mixin/]: Mixing TagLoaderMixin from kubejs.mixins.json into net.minecraft.tags.TagLoader
[03Oct2026 23:12:08.123] [Worker-Main-25/DEBUG] [mixin/]: kubejs.mixins.json:TagLoaderMixin from mod kubejs->@Inject::customTags(Lnet/minecraft/server/packs/resources/ResourceManager;Lorg/spongepowered/asm/mixin/injection/callback/CallbackInfoReturnable;)V does use it's CallbackInfoReturnable
[03Oct2026 23:12:08.691] [Render thread/DEBUG] [KubeJS/]: Took 0 ms to discover registry classes.
[03Oct2026 23:12:08.793] [Render thread/INFO] [KubeJS Server/]: Processing recipes...
[03Oct2026 23:12:08.798] [Render thread/INFO] [KubeJS Server/]: Initializing recipe event...
[03Oct2026 23:12:09.026] [Render thread/INFO] [KubeJS Server/]: Found 1,902 recipes (skipped 0) in 221.2 ms
[03Oct2026 23:12:09.178] [Render thread/ERROR] [KubeJS Server/]: spicy_crinkle_cut_fries.js#2: Error in 'ServerEvents.recipes': dev.latvian.mods.rhino.EcmaError: TypeError: Cannot find default value for object.
[03Oct2026 23:12:09.183] [Render thread/INFO] [KubeJS Server/]: Posted recipe events in 155 ms
[03Oct2026 23:12:09.244] [Render thread/INFO] [KubeJS Server/]: KubeJS modifications to recipe manager finished in 58.40 ms
[03Oct2026 23:12:09.252] [Render thread/DEBUG] [mixin/]: Mixing RecipeHolderMixin from kubejs.mixins.json into net.minecraft.world.item.crafting.RecipeHolder
[03Oct2026 23:12:09.376] [Render thread/INFO] [net.minecraft.world.item.crafting.RecipeManager/]: Loaded 1914 recipes
[03Oct2026 23:12:09.380] [Render thread/INFO] [KubeJS Server/]: Added 12 recipes, removed 0 recipes, modified 0 recipes, with 0 failed recipes taking 580 ms in total
[03Oct2026 23:12:09.795] [Render thread/DEBUG] [mixin/]: Mixing AdvancementNodeMixin from kubejs.mixins.json into net.minecraft.advancements.AdvancementNode
[03Oct2026 23:12:09.813] [Render thread/INFO] [net.minecraft.advancements.AdvancementTree/]: Loaded 1572 advancements
[03Oct2026 23:12:09.827] [Render thread/INFO] [com.github.ysbbbbbb.kaleidoscopecookery.KaleidoscopeCookery/]: Successfully loaded millstone bindable data
[03Oct2026 23:12:10.609] [Render thread/DEBUG] [net.neoforged.neoforge.common.CommonHooks/WP]: Gathered mod list to write to world save 新的世界
[03Oct2026 23:12:10.676] [Render thread/DEBUG] [mixin/]: Mixing PlayerListMixin from kubejs.mixins.json into net.minecraft.server.players.PlayerList
[03Oct2026 23:12:10.722] [Server thread/INFO] [net.minecraft.client.server.IntegratedServer/]: Starting integrated minecraft server version 1.21.1
[03Oct2026 23:12:10.722] [Server thread/INFO] [net.minecraft.server.MinecraftServer/]: Generating keypair
[03Oct2026 23:12:10.875] [Server thread/DEBUG] [net.neoforged.fml.config.ConfigTracker/CONFIG]: Loading configs type SERVER
[03Oct2026 23:12:10.878] [Server thread/DEBUG] [net.neoforged.neoforge.common.NeoForgeConfig/FORGEMOD]: Loaded NeoForge config file neoforge-server.toml
[03Oct2026 23:12:10.879] [Server thread/DEBUG] [net.neoforged.fml.config.ConfigTracker/CONFIG]: Loaded TOML config file E:\MCreatorWorkspaces\kaleidoscope_snack\run\config\neoforge-server.toml
[03Oct2026 23:12:10.880] [Server thread/DEBUG] [net.neoforged.fml.config.ConfigTracker/CONFIG]: Watching TOML config file E:\MCreatorWorkspaces\kaleidoscope_snack\run\config\neoforge-server.toml for changes
[03Oct2026 23:12:11.217] [Server thread/INFO] [net.minecraft.server.MinecraftServer/]: Preparing start region for dimension minecraft:overworld
[03Oct2026 23:12:11.222] [Server thread/INFO] [KubeJS Server/]: Capturing errors for server scripts disabled
[03Oct2026 23:12:11.232] [Server thread/INFO] [KubeJS Server/]: Server resource reload complete!
[03Oct2026 23:12:11.349] [Server thread/DEBUG] [mixin/]: Mixing neoforge.MixinChunkSerializer from architectury.mixins.json into net.minecraft.world.level.chunk.storage.ChunkSerializer
[03Oct2026 23:12:11.349] [Server thread/DEBUG] [mixin/]: architectury.mixins.json:neoforge.MixinChunkSerializer from mod architectury: Class version 65 required is higher than the class version supported by the current version of Mixin (JAVA_16 supports class version 60)
[03Oct2026 23:12:11.356] [Server thread/DEBUG] [mixin/]: architectury.mixins.json:neoforge.MixinChunkSerializer from mod architectury->@Inject::read(Lnet/minecraft/server/level/ServerLevel;Lnet/minecraft/world/entity/ai/village/poi/PoiManager;Lnet/minecraft/world/level/chunk/storage/RegionStorageInfo;Lnet/minecraft/world/level/ChunkPos;Lnet/minecraft/nbt/CompoundTag;Lorg/spongepowered/asm/mixin/injection/callback/CallbackInfoReturnable;)V doesn't use it's CallbackInfoReturnable
[03Oct2026 23:12:11.676] [progressListener/INFO] [net.minecraft.server.level.progress.LoggerChunkProgressListener/]: 准备生成区域中：0%
[03Oct2026 23:12:11.738] [progressListener/INFO] [net.minecraft.server.level.progress.LoggerChunkProgressListener/]: 准备生成区域中：2%
[03Oct2026 23:12:11.829] [Server thread/INFO] [net.neoforged.neoforge.server.permission.PermissionAPI/]: Successfully initialized permission handler neoforge:default_handler
[03Oct2026 23:12:11.835] [progressListener/INFO] [net.minecraft.server.level.progress.LoggerChunkProgressListener/]: Time elapsed: 613 ms
[03Oct2026 23:12:11.994] [Server thread/INFO] [net.minecraft.client.server.IntegratedServer/]: Changing view distance to 5, from 10
[03Oct2026 23:12:11.994] [Server thread/INFO] [net.minecraft.client.server.IntegratedServer/]: Changing simulation distance to 12, from 0
[03Oct2026 23:12:12.069] [Render thread/DEBUG] [io.netty.channel.MultithreadEventLoopGroup/]: -Dio.netty.eventLoopThreads: 64
[03Oct2026 23:12:12.092] [Render thread/DEBUG] [io.netty.util.concurrent.GlobalEventExecutor/]: -Dio.netty.globalEventExecutor.quietPeriodSeconds: 1
[03Oct2026 23:12:12.130] [Render thread/DEBUG] [io.netty.channel.nio.NioEventLoop/]: -Dio.netty.noKeySetOptimization: false
[03Oct2026 23:12:12.131] [Render thread/DEBUG] [io.netty.channel.nio.NioEventLoop/]: -Dio.netty.selectorAutoRebuildThreshold: 512
[03Oct2026 23:12:12.145] [Render thread/DEBUG] [io.netty.util.internal.PlatformDependent/]: org.jctools-core.MpscChunkedArrayQueue: available
[03Oct2026 23:12:12.367] [Render thread/DEBUG] [io.netty.channel.DefaultChannelId/]: -Dio.netty.processId: 81740 (auto-detected)
[03Oct2026 23:12:12.371] [Render thread/DEBUG] [io.netty.util.NetUtil/]: -Djava.net.preferIPv4Stack: false
[03Oct2026 23:12:12.371] [Render thread/DEBUG] [io.netty.util.NetUtil/]: -Djava.net.preferIPv6Addresses: system
[03Oct2026 23:12:12.377] [Render thread/DEBUG] [io.netty.util.NetUtilInitializations/]: Loopback interface: loopback_0 (Software Loopback Interface 1, 0:0:0:0:0:0:0:1)
[03Oct2026 23:12:12.382] [Render thread/DEBUG] [io.netty.util.NetUtil/]: Failed to get SOMAXCONN from sysctl and file \proc\sys\net\core\somaxconn. Default: 200
[03Oct2026 23:12:12.385] [Render thread/DEBUG] [io.netty.channel.DefaultChannelId/]: -Dio.netty.machineId: b0:25:aa:ff:fe:ae:6b:d0 (auto-detected)
[03Oct2026 23:12:12.486] [Render thread/DEBUG] [io.netty.util.Recycler/]: -Dio.netty.recycler.maxCapacityPerThread: 4096
[03Oct2026 23:12:12.486] [Render thread/DEBUG] [io.netty.util.Recycler/]: -Dio.netty.recycler.ratio: 8
[03Oct2026 23:12:12.486] [Render thread/DEBUG] [io.netty.util.Recycler/]: -Dio.netty.recycler.chunkSize: 32
[03Oct2026 23:12:12.486] [Render thread/DEBUG] [io.netty.util.Recycler/]: -Dio.netty.recycler.blocking: false
[03Oct2026 23:12:12.486] [Render thread/DEBUG] [io.netty.util.Recycler/]: -Dio.netty.recycler.batchFastThreadLocalOnly: true
[03Oct2026 23:12:12.648] [Netty Server IO #1/DEBUG] [net.neoforged.neoforge.network.filters.NetworkFilters/]: Injected net.neoforged.neoforge.network.filters.GenericPacketSplitter@18bf18e1 into net.minecraft.network.Connection@743edab9
[03Oct2026 23:12:12.658] [Netty Local Client IO #0/DEBUG] [net.neoforged.neoforge.network.filters.NetworkFilters/]: Injected net.neoforged.neoforge.network.filters.GenericPacketSplitter@73aae106 into net.minecraft.network.Connection@1c7a251e
[03Oct2026 23:12:13.104] [Netty Server IO #1/DEBUG] [net.neoforged.neoforge.network.filters.NetworkFilters/]: Injected net.neoforged.neoforge.network.filters.GenericPacketSplitter@2cba4290 into net.minecraft.network.Connection@743edab9
[03Oct2026 23:12:13.203] [Server thread/INFO] [net.minecraft.server.players.PlayerList/]: Dev[local:E:ffdc5cc3] logged in with entity id 6 at (-13.636921462453232, -59.0, -6.614480118696116)
[03Oct2026 23:12:13.352] [Server thread/INFO] [net.minecraft.server.MinecraftServer/]: Dev加入了游戏
[03Oct2026 23:12:13.618] [Server thread/DEBUG] [mixin/]: Mixing MixinItemExtension from architectury.mixins.json into dev.architectury.extensions.ItemExtension
[03Oct2026 23:12:13.619] [Server thread/DEBUG] [mixin/]: architectury.mixins.json:MixinItemExtension from mod architectury: Class version 65 required is higher than the class version supported by the current version of Mixin (JAVA_16 supports class version 60)
[03Oct2026 23:12:13.687] [Render thread/INFO] [net.minecraft.client.gui.components.ChatComponent/]: [System] [CHAT] ! KubeJS errors found [1]!
[03Oct2026 23:12:13.725] [Render thread/INFO] [net.minecraft.advancements.AdvancementTree/]: Loaded 142 advancements
[03Oct2026 23:12:14.885] [Server thread/INFO] [net.minecraft.client.server.IntegratedServer/]: Saving and pausing game...
[03Oct2026 23:12:15.017] [Server thread/INFO] [net.minecraft.server.MinecraftServer/]: Saving chunks for level 'ServerLevel[新的世界]'/minecraft:overworld
[03Oct2026 23:12:15.058] [Server thread/INFO] [net.minecraft.server.MinecraftServer/]: Saving chunks for level 'ServerLevel[新的世界]'/minecraft:the_nether
[03Oct2026 23:12:15.059] [Server thread/INFO] [net.minecraft.server.MinecraftServer/]: Saving chunks for level 'ServerLevel[新的世界]'/minecraft:the_end
[03Oct2026 23:12:15.061] [Server thread/DEBUG] [net.neoforged.neoforge.common.CommonHooks/WP]: Gathered mod list to write to world save 新的世界
[03Oct2026 23:12:29.520] [Render thread/DEBUG] [mixin/]: Mixing CreativeModeInventoryScreenMixin from kubejs.mixins.json into net.minecraft.client.gui.screens.inventory.CreativeModeInventoryScreen
[03Oct2026 23:12:58.385] [Server thread/INFO] [net.minecraft.server.MinecraftServer/]: [Dev: 重新加载中！]
[03Oct2026 23:12:58.387] [Server thread/INFO] [KubeJS Server/]: Capturing errors for server scripts enabled
[03Oct2026 23:12:58.387] [Render thread/INFO] [net.minecraft.client.gui.components.ChatComponent/]: [System] [CHAT] 重新加载中！
[03Oct2026 23:12:58.403] [Server thread/INFO] [KubeJS Server/]: Loaded script server_scripts:cooked_sausage.js in 0.002 s
[03Oct2026 23:12:58.404] [Server thread/INFO] [KubeJS Server/]: Loaded script server_scripts:grilled_squid.js in 0.001 s
[03Oct2026 23:12:58.406] [Server thread/INFO] [KubeJS Server/]: Loaded script server_scripts:ground_meat.js in 0.001 s
[03Oct2026 23:12:58.406] [Server thread/INFO] [KubeJS Server/]: Loaded script server_scripts:kaleidoscope_cookery.js in 0.0 s
[03Oct2026 23:12:58.408] [Server thread/INFO] [KubeJS Server/]: server_scripts:main.js#2: Hello, World! (Loaded server example script)
[03Oct2026 23:12:58.408] [Server thread/INFO] [KubeJS Server/]: Loaded script server_scripts:main.js in 0.002 s
[03Oct2026 23:12:58.408] [Server thread/INFO] [KubeJS Server/]: Loaded script server_scripts:pancake.js in 0.0 s
[03Oct2026 23:12:58.409] [Server thread/INFO] [KubeJS Server/]: Loaded script server_scripts:potato_chunks.js in 0.001 s
[03Oct2026 23:12:58.410] [Server thread/INFO] [KubeJS Server/]: Loaded script server_scripts:potstickers.js in 0.001 s
[03Oct2026 23:12:58.410] [Server thread/INFO] [KubeJS Server/]: Loaded script server_scripts:sausage.js in 0.0 s
[03Oct2026 23:12:58.412] [Server thread/INFO] [KubeJS Server/]: Loaded script server_scripts:sausage_casing.js in 0.002 s
[03Oct2026 23:12:58.412] [Server thread/INFO] [KubeJS Server/]: Loaded script server_scripts:spicy_crinkle_cut_fries.js in 0.0 s
[03Oct2026 23:12:58.414] [Server thread/INFO] [KubeJS Server/]: Loaded 11/11 KubeJS server scripts in 0.026 s with 0 errors and 0 warnings
[03Oct2026 23:12:58.414] [Server thread/INFO] [KubeJS/]: Loaded 14 data packs: vanilla, KubeJS Virtual Resource Pack [Before Mods, data], mod_data, mod/rhino, mod/kaleidoscope_cookery, mod/architectury, mod/neoforge, mod/kubejs, KubeJS Virtual Resource Pack [Internal, data], KubeJS Virtual Resource Pack [Registries, data], KubeJS Virtual Resource Pack [After Mods, data], KubeJS File Resource Pack [data], mod/kaleidoscope_snack, KubeJS Virtual Resource Pack [Last, data]
[03Oct2026 23:12:58.430] [Server thread/INFO] [KubeJS Server/]: Loaded script server_scripts:cooked_sausage.js in 0.0 s
[03Oct2026 23:12:58.431] [Server thread/INFO] [KubeJS Server/]: Loaded script server_scripts:grilled_squid.js in 0.001 s
[03Oct2026 23:12:58.433] [Server thread/INFO] [KubeJS Server/]: Loaded script server_scripts:ground_meat.js in 0.002 s
[03Oct2026 23:12:58.433] [Server thread/INFO] [KubeJS Server/]: Loaded script server_scripts:kaleidoscope_cookery.js in 0.0 s
[03Oct2026 23:12:58.433] [Server thread/INFO] [KubeJS Server/]: server_scripts:main.js#2: Hello, World! (Loaded server example script)
[03Oct2026 23:12:58.433] [Server thread/INFO] [KubeJS Server/]: Loaded script server_scripts:main.js in 0.0 s
[03Oct2026 23:12:58.435] [Server thread/INFO] [KubeJS Server/]: Loaded script server_scripts:pancake.js in 0.001 s
[03Oct2026 23:12:58.437] [Server thread/INFO] [KubeJS Server/]: Loaded script server_scripts:potato_chunks.js in 0.001 s
[03Oct2026 23:12:58.439] [Server thread/INFO] [KubeJS Server/]: Loaded script server_scripts:potstickers.js in 0.0 s
[03Oct2026 23:12:58.440] [Server thread/INFO] [KubeJS Server/]: Loaded script server_scripts:sausage.js in 0.001 s
[03Oct2026 23:12:58.441] [Server thread/INFO] [KubeJS Server/]: Loaded script server_scripts:sausage_casing.js in 0.0 s
[03Oct2026 23:12:58.442] [Server thread/INFO] [KubeJS Server/]: Loaded script server_scripts:spicy_crinkle_cut_fries.js in 0.001 s
[03Oct2026 23:12:58.443] [Server thread/INFO] [KubeJS Server/]: Loaded 11/11 KubeJS server scripts in 0.025 s with 0 errors and 0 warnings
[03Oct2026 23:12:58.925] [Server thread/INFO] [KubeJS Server/]: Processing recipes...
[03Oct2026 23:12:58.926] [Server thread/INFO] [KubeJS Server/]: Initializing recipe event...
[03Oct2026 23:12:59.029] [Server thread/INFO] [KubeJS Server/]: Found 1,902 recipes (skipped 0) in 100.8 ms
[03Oct2026 23:12:59.039] [Server thread/ERROR] [KubeJS Server/]: spicy_crinkle_cut_fries.js#3: Error in 'ServerEvents.recipes': dev.latvian.mods.rhino.EcmaError: TypeError: Cannot find default value for object.
[03Oct2026 23:12:59.042] [Server thread/INFO] [KubeJS Server/]: Posted recipe events in 11 ms
[03Oct2026 23:12:59.053] [Server thread/INFO] [KubeJS Server/]: KubeJS modifications to recipe manager finished in 9.777 ms
[03Oct2026 23:12:59.128] [Server thread/INFO] [net.minecraft.world.item.crafting.RecipeManager/]: Loaded 1914 recipes
[03Oct2026 23:12:59.130] [Server thread/INFO] [KubeJS Server/]: Added 12 recipes, removed 0 recipes, modified 0 recipes, with 0 failed recipes taking 202 ms in total
[03Oct2026 23:12:59.300] [Server thread/INFO] [net.minecraft.advancements.AdvancementTree/]: Loaded 1572 advancements
[03Oct2026 23:12:59.304] [Server thread/INFO] [com.github.ysbbbbbb.kaleidoscopecookery.KaleidoscopeCookery/]: Successfully loaded millstone bindable data
[03Oct2026 23:12:59.305] [Server thread/INFO] [KubeJS/]: Closed KubeJS Virtual Resource Pack [Before Mods, data]
[03Oct2026 23:12:59.305] [Server thread/INFO] [KubeJS/]: Closed KubeJS Virtual Resource Pack [Internal, data]
[03Oct2026 23:12:59.305] [Server thread/INFO] [KubeJS/]: Closed KubeJS Virtual Resource Pack [Registries, data]
[03Oct2026 23:12:59.305] [Server thread/INFO] [KubeJS/]: Closed KubeJS Virtual Resource Pack [After Mods, data]
[03Oct2026 23:12:59.305] [Server thread/INFO] [KubeJS/]: Closed KubeJS Virtual Resource Pack [Last, data]
[03Oct2026 23:13:00.003] [Server thread/INFO] [KubeJS Server/]: Capturing errors for server scripts disabled
[03Oct2026 23:13:00.003] [Server thread/INFO] [net.minecraft.server.MinecraftServer/]: ! KubeJS errors found [1]!
[03Oct2026 23:13:00.005] [Server thread/INFO] [KubeJS Server/]: Server resource reload complete!
[03Oct2026 23:13:00.108] [Render thread/INFO] [net.minecraft.advancements.AdvancementTree/]: Loaded 142 advancements
[03Oct2026 23:13:00.110] [Render thread/INFO] [net.minecraft.client.gui.components.ChatComponent/]: [System] [CHAT] ! KubeJS errors found [1]!
[03Oct2026 23:13:02.486] [Server thread/INFO] [net.minecraft.client.server.IntegratedServer/]: Saving and pausing game...
[03Oct2026 23:13:02.513] [Server thread/INFO] [net.minecraft.server.MinecraftServer/]: Saving chunks for level 'ServerLevel[新的世界]'/minecraft:overworld
[03Oct2026 23:13:02.516] [Server thread/INFO] [net.minecraft.server.MinecraftServer/]: Saving chunks for level 'ServerLevel[新的世界]'/minecraft:the_nether
[03Oct2026 23:13:02.516] [Server thread/INFO] [net.minecraft.server.MinecraftServer/]: Saving chunks for level 'ServerLevel[新的世界]'/minecraft:the_end
[03Oct2026 23:13:02.517] [Server thread/DEBUG] [net.neoforged.neoforge.common.CommonHooks/WP]: Gathered mod list to write to world save 新的世界
[03Oct2026 23:13:18.984] [Server thread/INFO] [net.minecraft.server.MinecraftServer/]: [Dev: 重新加载中！]
[03Oct2026 23:13:18.985] [Server thread/INFO] [KubeJS Server/]: Capturing errors for server scripts enabled
[03Oct2026 23:13:18.994] [Render thread/INFO] [net.minecraft.client.gui.components.ChatComponent/]: [System] [CHAT] 重新加载中！
[03Oct2026 23:13:19.001] [Server thread/INFO] [KubeJS Server/]: Loaded script server_scripts:cooked_sausage.js in 0.001 s
[03Oct2026 23:13:19.001] [Server thread/INFO] [KubeJS Server/]: Loaded script server_scripts:grilled_squid.js in 0.0 s
[03Oct2026 23:13:19.003] [Server thread/INFO] [KubeJS Server/]: Loaded script server_scripts:ground_meat.js in 0.0 s
[03Oct2026 23:13:19.003] [Server thread/INFO] [KubeJS Server/]: Loaded script server_scripts:kaleidoscope_cookery.js in 0.0 s
[03Oct2026 23:13:19.003] [Server thread/INFO] [KubeJS Server/]: server_scripts:main.js#2: Hello, World! (Loaded server example script)
[03Oct2026 23:13:19.004] [Server thread/INFO] [KubeJS Server/]: Loaded script server_scripts:main.js in 0.0 s
[03Oct2026 23:13:19.005] [Server thread/INFO] [KubeJS Server/]: Loaded script server_scripts:pancake.js in 0.001 s
[03Oct2026 23:13:19.006] [Server thread/INFO] [KubeJS Server/]: Loaded script server_scripts:potato_chunks.js in 0.001 s
[03Oct2026 23:13:19.007] [Server thread/INFO] [KubeJS Server/]: Loaded script server_scripts:potstickers.js in 0.001 s
[03Oct2026 23:13:19.007] [Server thread/INFO] [KubeJS Server/]: Loaded script server_scripts:sausage.js in 0.0 s
[03Oct2026 23:13:19.008] [Server thread/INFO] [KubeJS Server/]: Loaded script server_scripts:sausage_casing.js in 0.001 s
[03Oct2026 23:13:19.008] [Server thread/INFO] [KubeJS Server/]: Loaded script server_scripts:spicy_crinkle_cut_fries.js in 0.0 s
[03Oct2026 23:13:19.009] [Server thread/INFO] [KubeJS Server/]: Loaded 11/11 KubeJS server scripts in 0.024 s with 0 errors and 0 warnings
[03Oct2026 23:13:19.009] [Server thread/INFO] [KubeJS/]: Loaded 14 data packs: vanilla, KubeJS Virtual Resource Pack [Before Mods, data], mod_data, mod/rhino, mod/kaleidoscope_cookery, mod/architectury, mod/neoforge, mod/kubejs, KubeJS Virtual Resource Pack [Internal, data], KubeJS Virtual Resource Pack [Registries, data], KubeJS Virtual Resource Pack [After Mods, data], KubeJS File Resource Pack [data], mod/kaleidoscope_snack, KubeJS Virtual Resource Pack [Last, data]
[03Oct2026 23:13:19.024] [Server thread/INFO] [KubeJS Server/]: Loaded script server_scripts:cooked_sausage.js in 0.0 s
[03Oct2026 23:13:19.025] [Server thread/INFO] [KubeJS Server/]: Loaded script server_scripts:grilled_squid.js in 0.001 s
[03Oct2026 23:13:19.025] [Server thread/INFO] [KubeJS Server/]: Loaded script server_scripts:ground_meat.js in 0.0 s
[03Oct2026 23:13:19.025] [Server thread/INFO] [KubeJS Server/]: Loaded script server_scripts:kaleidoscope_cookery.js in 0.0 s
[03Oct2026 23:13:19.026] [Server thread/INFO] [KubeJS Server/]: server_scripts:main.js#2: Hello, World! (Loaded server example script)
[03Oct2026 23:13:19.026] [Server thread/INFO] [KubeJS Server/]: Loaded script server_scripts:main.js in 0.001 s
[03Oct2026 23:13:19.027] [Server thread/INFO] [KubeJS Server/]: Loaded script server_scripts:pancake.js in 0.001 s
[03Oct2026 23:13:19.028] [Server thread/INFO] [KubeJS Server/]: Loaded script server_scripts:potato_chunks.js in 0.001 s
[03Oct2026 23:13:19.029] [Server thread/INFO] [KubeJS Server/]: Loaded script server_scripts:potstickers.js in 0.001 s
[03Oct2026 23:13:19.029] [Server thread/INFO] [KubeJS Server/]: Loaded script server_scripts:sausage.js in 0.0 s
[03Oct2026 23:13:19.030] [Server thread/INFO] [KubeJS Server/]: Loaded script server_scripts:sausage_casing.js in 0.001 s
[03Oct2026 23:13:19.032] [Server thread/INFO] [KubeJS Server/]: Loaded script server_scripts:spicy_crinkle_cut_fries.js in 0.002 s
[03Oct2026 23:13:19.032] [Server thread/INFO] [KubeJS Server/]: Loaded 11/11 KubeJS server scripts in 0.02 s with 0 errors and 0 warnings
[03Oct2026 23:13:19.543] [Server thread/INFO] [KubeJS Server/]: Processing recipes...
[03Oct2026 23:13:19.543] [Server thread/INFO] [KubeJS Server/]: Initializing recipe event...
[03Oct2026 23:13:19.631] [Server thread/INFO] [KubeJS Server/]: Found 1,902 recipes (skipped 0) in 86.54 ms
[03Oct2026 23:13:19.640] [Server thread/ERROR] [KubeJS Server/]: spicy_crinkle_cut_fries.js#3: Error in 'ServerEvents.recipes': dev.latvian.mods.rhino.EcmaError: TypeError: Cannot find default value for object.
[03Oct2026 23:13:19.644] [Server thread/INFO] [KubeJS Server/]: Posted recipe events in 11 ms
[03Oct2026 23:13:19.655] [Server thread/INFO] [KubeJS Server/]: KubeJS modifications to recipe manager finished in 9.714 ms
[03Oct2026 23:13:19.708] [Server thread/INFO] [net.minecraft.world.item.crafting.RecipeManager/]: Loaded 1914 recipes
[03Oct2026 23:13:19.709] [Server thread/INFO] [KubeJS Server/]: Added 12 recipes, removed 0 recipes, modified 0 recipes, with 0 failed recipes taking 164 ms in total
[03Oct2026 23:13:19.811] [Server thread/INFO] [net.minecraft.advancements.AdvancementTree/]: Loaded 1572 advancements
[03Oct2026 23:13:19.814] [Server thread/INFO] [com.github.ysbbbbbb.kaleidoscopecookery.KaleidoscopeCookery/]: Successfully loaded millstone bindable data
[03Oct2026 23:13:19.815] [Server thread/INFO] [KubeJS/]: Closed KubeJS Virtual Resource Pack [Before Mods, data]
[03Oct2026 23:13:19.815] [Server thread/INFO] [KubeJS/]: Closed KubeJS Virtual Resource Pack [Internal, data]
[03Oct2026 23:13:19.815] [Server thread/INFO] [KubeJS/]: Closed KubeJS Virtual Resource Pack [Registries, data]
[03Oct2026 23:13:19.815] [Server thread/INFO] [KubeJS/]: Closed KubeJS Virtual Resource Pack [After Mods, data]
[03Oct2026 23:13:19.815] [Server thread/INFO] [KubeJS/]: Closed KubeJS Virtual Resource Pack [Last, data]
[03Oct2026 23:13:20.532] [Server thread/INFO] [KubeJS Server/]: Capturing errors for server scripts disabled
[03Oct2026 23:13:20.533] [Server thread/INFO] [net.minecraft.server.MinecraftServer/]: ! KubeJS errors found [1]!
[03Oct2026 23:13:20.534] [Server thread/INFO] [KubeJS Server/]: Server resource reload complete!
[03Oct2026 23:13:20.597] [Render thread/INFO] [net.minecraft.advancements.AdvancementTree/]: Loaded 142 advancements
[03Oct2026 23:13:20.599] [Render thread/INFO] [net.minecraft.client.gui.components.ChatComponent/]: [System] [CHAT] ! KubeJS errors found [1]!
[03Oct2026 23:14:02.706] [Server thread/INFO] [net.minecraft.server.MinecraftServer/]: [Dev: 重新加载中！]
[03Oct2026 23:14:02.708] [Server thread/INFO] [KubeJS Server/]: Capturing errors for server scripts enabled
[03Oct2026 23:14:02.709] [Render thread/INFO] [net.minecraft.client.gui.components.ChatComponent/]: [System] [CHAT] 重新加载中！
[03Oct2026 23:14:02.724] [Server thread/INFO] [KubeJS Server/]: Loaded script server_scripts:cooked_sausage.js in 0.002 s
[03Oct2026 23:14:02.726] [Server thread/INFO] [KubeJS Server/]: Loaded script server_scripts:grilled_squid.js in 0.001 s
[03Oct2026 23:14:02.726] [Server thread/INFO] [KubeJS Server/]: Loaded script server_scripts:ground_meat.js in 0.0 s
[03Oct2026 23:14:02.726] [Server thread/INFO] [KubeJS Server/]: Loaded script server_scripts:kaleidoscope_cookery.js in 0.0 s
[03Oct2026 23:14:02.727] [Server thread/INFO] [KubeJS Server/]: server_scripts:main.js#2: Hello, World! (Loaded server example script)
[03Oct2026 23:14:02.727] [Server thread/INFO] [KubeJS Server/]: Loaded script server_scripts:main.js in 0.001 s
[03Oct2026 23:14:02.727] [Server thread/INFO] [KubeJS Server/]: Loaded script server_scripts:pancake.js in 0.0 s
[03Oct2026 23:14:02.728] [Server thread/INFO] [KubeJS Server/]: Loaded script server_scripts:potato_chunks.js in 0.0 s
[03Oct2026 23:14:02.729] [Server thread/INFO] [KubeJS Server/]: Loaded script server_scripts:potstickers.js in 0.001 s
[03Oct2026 23:14:02.729] [Server thread/INFO] [KubeJS Server/]: Loaded script server_scripts:sausage.js in 0.0 s
[03Oct2026 23:14:02.730] [Server thread/INFO] [KubeJS Server/]: Loaded script server_scripts:sausage_casing.js in 0.001 s
[03Oct2026 23:14:02.730] [Server thread/INFO] [KubeJS Server/]: Loaded script server_scripts:spicy_crinkle_cut_fries.js in 0.0 s
[03Oct2026 23:14:02.732] [Server thread/INFO] [KubeJS Server/]: Loaded 11/11 KubeJS server scripts in 0.025 s with 0 errors and 0 warnings
[03Oct2026 23:14:02.732] [Server thread/INFO] [KubeJS/]: Loaded 14 data packs: vanilla, KubeJS Virtual Resource Pack [Before Mods, data], mod_data, mod/rhino, mod/kaleidoscope_cookery, mod/architectury, mod/neoforge, mod/kubejs, KubeJS Virtual Resource Pack [Internal, data], KubeJS Virtual Resource Pack [Registries, data], KubeJS Virtual Resource Pack [After Mods, data], KubeJS File Resource Pack [data], mod/kaleidoscope_snack, KubeJS Virtual Resource Pack [Last, data]
[03Oct2026 23:14:02.747] [Server thread/INFO] [KubeJS Server/]: Loaded script server_scripts:cooked_sausage.js in 0.001 s
[03Oct2026 23:14:02.748] [Server thread/INFO] [KubeJS Server/]: Loaded script server_scripts:grilled_squid.js in 0.0 s
[03Oct2026 23:14:02.749] [Server thread/INFO] [KubeJS Server/]: Loaded script server_scripts:ground_meat.js in 0.001 s
[03Oct2026 23:14:02.749] [Server thread/INFO] [KubeJS Server/]: Loaded script server_scripts:kaleidoscope_cookery.js in 0.0 s
[03Oct2026 23:14:02.750] [Server thread/INFO] [KubeJS Server/]: server_scripts:main.js#2: Hello, World! (Loaded server example script)
[03Oct2026 23:14:02.750] [Server thread/INFO] [KubeJS Server/]: Loaded script server_scripts:main.js in 0.001 s
[03Oct2026 23:14:02.751] [Server thread/INFO] [KubeJS Server/]: Loaded script server_scripts:pancake.js in 0.001 s
[03Oct2026 23:14:02.752] [Server thread/INFO] [KubeJS Server/]: Loaded script server_scripts:potato_chunks.js in 0.001 s
[03Oct2026 23:14:02.752] [Server thread/INFO] [KubeJS Server/]: Loaded script server_scripts:potstickers.js in 0.0 s
[03Oct2026 23:14:02.752] [Server thread/INFO] [KubeJS Server/]: Loaded script server_scripts:sausage.js in 0.0 s
[03Oct2026 23:14:02.753] [Server thread/INFO] [KubeJS Server/]: Loaded script server_scripts:sausage_casing.js in 0.001 s
[03Oct2026 23:14:02.754] [Server thread/INFO] [KubeJS Server/]: Loaded script server_scripts:spicy_crinkle_cut_fries.js in 0.001 s
[03Oct2026 23:14:02.755] [Server thread/INFO] [KubeJS Server/]: Loaded 11/11 KubeJS server scripts in 0.02 s with 0 errors and 0 warnings
[03Oct2026 23:14:03.157] [Server thread/INFO] [KubeJS Server/]: Processing recipes...
[03Oct2026 23:14:03.157] [Server thread/INFO] [KubeJS Server/]: Initializing recipe event...
[03Oct2026 23:14:03.228] [Server thread/INFO] [KubeJS Server/]: Found 1,902 recipes (skipped 0) in 68.48 ms
[03Oct2026 23:14:03.233] [Server thread/ERROR] [KubeJS Server/]: spicy_crinkle_cut_fries.js#3: Error in 'ServerEvents.recipes': dev.latvian.mods.rhino.EcmaError: TypeError: Cannot find default value for object.
[03Oct2026 23:14:03.237] [Server thread/INFO] [KubeJS Server/]: Posted recipe events in 7 ms
[03Oct2026 23:14:03.246] [Server thread/INFO] [KubeJS Server/]: KubeJS modifications to recipe manager finished in 9.089 ms
[03Oct2026 23:14:03.293] [Server thread/INFO] [net.minecraft.world.item.crafting.RecipeManager/]: Loaded 1914 recipes
[03Oct2026 23:14:03.294] [Server thread/INFO] [KubeJS Server/]: Added 12 recipes, removed 0 recipes, modified 0 recipes, with 0 failed recipes taking 136 ms in total
[03Oct2026 23:14:03.389] [Server thread/INFO] [net.minecraft.advancements.AdvancementTree/]: Loaded 1572 advancements
[03Oct2026 23:14:03.392] [Server thread/INFO] [com.github.ysbbbbbb.kaleidoscopecookery.KaleidoscopeCookery/]: Successfully loaded millstone bindable data
[03Oct2026 23:14:03.393] [Server thread/INFO] [KubeJS/]: Closed KubeJS Virtual Resource Pack [Before Mods, data]
[03Oct2026 23:14:03.393] [Server thread/INFO] [KubeJS/]: Closed KubeJS Virtual Resource Pack [Internal, data]
[03Oct2026 23:14:03.393] [Server thread/INFO] [KubeJS/]: Closed KubeJS Virtual Resource Pack [Registries, data]
[03Oct2026 23:14:03.394] [Server thread/INFO] [KubeJS/]: Closed KubeJS Virtual Resource Pack [After Mods, data]
[03Oct2026 23:14:03.394] [Server thread/INFO] [KubeJS/]: Closed KubeJS Virtual Resource Pack [Last, data]
[03Oct2026 23:14:04.039] [Server thread/INFO] [KubeJS Server/]: Capturing errors for server scripts disabled
[03Oct2026 23:14:04.040] [Server thread/INFO] [net.minecraft.server.MinecraftServer/]: ! KubeJS errors found [1]!
[03Oct2026 23:14:04.041] [Server thread/INFO] [KubeJS Server/]: Server resource reload complete!
[03Oct2026 23:14:04.113] [Render thread/INFO] [net.minecraft.advancements.AdvancementTree/]: Loaded 142 advancements
[03Oct2026 23:14:04.114] [Render thread/INFO] [net.minecraft.client.gui.components.ChatComponent/]: [System] [CHAT] ! KubeJS errors found [1]!
[03Oct2026 23:14:16.982] [Server thread/INFO] [net.minecraft.server.MinecraftServer/]: [Dev: 重新加载中！]
[03Oct2026 23:14:16.983] [Server thread/INFO] [KubeJS Server/]: Capturing errors for server scripts enabled
[03Oct2026 23:14:16.985] [Render thread/INFO] [net.minecraft.client.gui.components.ChatComponent/]: [System] [CHAT] 重新加载中！
[03Oct2026 23:14:16.998] [Server thread/INFO] [KubeJS Server/]: Loaded script server_scripts:cooked_sausage.js in 0.001 s
[03Oct2026 23:14:17.000] [Server thread/INFO] [KubeJS Server/]: Loaded script server_scripts:grilled_squid.js in 0.002 s
[03Oct2026 23:14:17.001] [Server thread/INFO] [KubeJS Server/]: Loaded script server_scripts:ground_meat.js in 0.001 s
[03Oct2026 23:14:17.001] [Server thread/INFO] [KubeJS Server/]: Loaded script server_scripts:kaleidoscope_cookery.js in 0.0 s
[03Oct2026 23:14:17.001] [Server thread/INFO] [KubeJS Server/]: server_scripts:main.js#2: Hello, World! (Loaded server example script)
[03Oct2026 23:14:17.001] [Server thread/INFO] [KubeJS Server/]: Loaded script server_scripts:main.js in 0.0 s
[03Oct2026 23:14:17.002] [Server thread/INFO] [KubeJS Server/]: Loaded script server_scripts:pancake.js in 0.0 s
[03Oct2026 23:14:17.003] [Server thread/INFO] [KubeJS Server/]: Loaded script server_scripts:potato_chunks.js in 0.0 s
[03Oct2026 23:14:17.004] [Server thread/INFO] [KubeJS Server/]: Loaded script server_scripts:potstickers.js in 0.001 s
[03Oct2026 23:14:17.004] [Server thread/INFO] [KubeJS Server/]: Loaded script server_scripts:sausage.js in 0.0 s
[03Oct2026 23:14:17.005] [Server thread/INFO] [KubeJS Server/]: Loaded script server_scripts:sausage_casing.js in 0.001 s
[03Oct2026 23:14:17.005] [Server thread/INFO] [KubeJS Server/]: Loaded script server_scripts:spicy_crinkle_cut_fries.js in 0.0 s
[03Oct2026 23:14:17.006] [Server thread/INFO] [KubeJS Server/]: Loaded 11/11 KubeJS server scripts in 0.024 s with 0 errors and 0 warnings
[03Oct2026 23:14:17.006] [Server thread/INFO] [KubeJS/]: Loaded 14 data packs: vanilla, KubeJS Virtual Resource Pack [Before Mods, data], mod_data, mod/rhino, mod/kaleidoscope_cookery, mod/architectury, mod/neoforge, mod/kubejs, KubeJS Virtual Resource Pack [Internal, data], KubeJS Virtual Resource Pack [Registries, data], KubeJS Virtual Resource Pack [After Mods, data], KubeJS File Resource Pack [data], mod/kaleidoscope_snack, KubeJS Virtual Resource Pack [Last, data]
[03Oct2026 23:14:17.021] [Server thread/INFO] [KubeJS Server/]: Loaded script server_scripts:cooked_sausage.js in 0.001 s
[03Oct2026 23:14:17.022] [Server thread/INFO] [KubeJS Server/]: Loaded script server_scripts:grilled_squid.js in 0.0 s
[03Oct2026 23:14:17.022] [Server thread/INFO] [KubeJS Server/]: Loaded script server_scripts:ground_meat.js in 0.0 s
[03Oct2026 23:14:17.023] [Server thread/INFO] [KubeJS Server/]: Loaded script server_scripts:kaleidoscope_cookery.js in 0.0 s
[03Oct2026 23:14:17.023] [Server thread/INFO] [KubeJS Server/]: server_scripts:main.js#2: Hello, World! (Loaded server example script)
[03Oct2026 23:14:17.023] [Server thread/INFO] [KubeJS Server/]: Loaded script server_scripts:main.js in 0.0 s
[03Oct2026 23:14:17.025] [Server thread/INFO] [KubeJS Server/]: Loaded script server_scripts:pancake.js in 0.0 s
[03Oct2026 23:14:17.026] [Server thread/INFO] [KubeJS Server/]: Loaded script server_scripts:potato_chunks.js in 0.001 s
[03Oct2026 23:14:17.026] [Server thread/INFO] [KubeJS Server/]: Loaded script server_scripts:potstickers.js in 0.0 s
[03Oct2026 23:14:17.026] [Server thread/INFO] [KubeJS Server/]: Loaded script server_scripts:sausage.js in 0.0 s
[03Oct2026 23:14:17.027] [Server thread/INFO] [KubeJS Server/]: Loaded script server_scripts:sausage_casing.js in 0.001 s
[03Oct2026 23:14:17.028] [Server thread/INFO] [KubeJS Server/]: Loaded script server_scripts:spicy_crinkle_cut_fries.js in 0.001 s
[03Oct2026 23:14:17.028] [Server thread/INFO] [KubeJS Server/]: Loaded 11/11 KubeJS server scripts in 0.02 s with 0 errors and 0 warnings
[03Oct2026 23:14:17.453] [Server thread/INFO] [KubeJS Server/]: Processing recipes...
[03Oct2026 23:14:17.453] [Server thread/INFO] [KubeJS Server/]: Initializing recipe event...
[03Oct2026 23:14:17.517] [Server thread/INFO] [KubeJS Server/]: Found 1,902 recipes (skipped 0) in 62.99 ms
[03Oct2026 23:14:17.525] [Server thread/ERROR] [KubeJS Server/]: spicy_crinkle_cut_fries.js#3: Error in 'ServerEvents.recipes': dev.latvian.mods.rhino.EcmaError: TypeError: Cannot find default value for object.
[03Oct2026 23:14:17.526] [Server thread/INFO] [KubeJS Server/]: Posted recipe events in 8 ms
[03Oct2026 23:14:17.533] [Server thread/INFO] [KubeJS Server/]: KubeJS modifications to recipe manager finished in 6.289 ms
[03Oct2026 23:14:17.576] [Server thread/INFO] [net.minecraft.world.item.crafting.RecipeManager/]: Loaded 1914 recipes
[03Oct2026 23:14:17.577] [Server thread/INFO] [KubeJS Server/]: Added 12 recipes, removed 0 recipes, modified 0 recipes, with 0 failed recipes taking 123 ms in total
[03Oct2026 23:14:17.662] [Server thread/INFO] [net.minecraft.advancements.AdvancementTree/]: Loaded 1572 advancements
[03Oct2026 23:14:17.665] [Server thread/INFO] [com.github.ysbbbbbb.kaleidoscopecookery.KaleidoscopeCookery/]: Successfully loaded millstone bindable data
[03Oct2026 23:14:17.665] [Server thread/INFO] [KubeJS/]: Closed KubeJS Virtual Resource Pack [Before Mods, data]
[03Oct2026 23:14:17.665] [Server thread/INFO] [KubeJS/]: Closed KubeJS Virtual Resource Pack [Internal, data]
[03Oct2026 23:14:17.665] [Server thread/INFO] [KubeJS/]: Closed KubeJS Virtual Resource Pack [Registries, data]
[03Oct2026 23:14:17.665] [Server thread/INFO] [KubeJS/]: Closed KubeJS Virtual Resource Pack [After Mods, data]
[03Oct2026 23:14:17.665] [Server thread/INFO] [KubeJS/]: Closed KubeJS Virtual Resource Pack [Last, data]
[03Oct2026 23:14:18.383] [Server thread/INFO] [KubeJS Server/]: Capturing errors for server scripts disabled
[03Oct2026 23:14:18.383] [Server thread/INFO] [net.minecraft.server.MinecraftServer/]: ! KubeJS errors found [1]!
[03Oct2026 23:14:18.384] [Server thread/INFO] [KubeJS Server/]: Server resource reload complete!
[03Oct2026 23:14:18.445] [Render thread/INFO] [net.minecraft.advancements.AdvancementTree/]: Loaded 142 advancements
[03Oct2026 23:14:18.446] [Render thread/INFO] [net.minecraft.client.gui.components.ChatComponent/]: [System] [CHAT] ! KubeJS errors found [1]!
[03Oct2026 23:15:29.709] [Server thread/INFO] [net.minecraft.server.MinecraftServer/]: [Dev: 重新加载中！]
[03Oct2026 23:15:29.711] [Server thread/INFO] [KubeJS Server/]: Capturing errors for server scripts enabled
[03Oct2026 23:15:29.715] [Render thread/INFO] [net.minecraft.client.gui.components.ChatComponent/]: [System] [CHAT] 重新加载中！
[03Oct2026 23:15:29.726] [Server thread/INFO] [KubeJS Server/]: Loaded script server_scripts:cooked_sausage.js in 0.001 s
[03Oct2026 23:15:29.728] [Server thread/INFO] [KubeJS Server/]: Loaded script server_scripts:grilled_squid.js in 0.002 s
[03Oct2026 23:15:29.729] [Server thread/INFO] [KubeJS Server/]: Loaded script server_scripts:ground_meat.js in 0.0 s
[03Oct2026 23:15:29.729] [Server thread/INFO] [KubeJS Server/]: Loaded script server_scripts:kaleidoscope_cookery.js in 0.0 s
[03Oct2026 23:15:29.729] [Server thread/INFO] [KubeJS Server/]: server_scripts:main.js#2: Hello, World! (Loaded server example script)
[03Oct2026 23:15:29.730] [Server thread/INFO] [KubeJS Server/]: Loaded script server_scripts:main.js in 0.0 s
[03Oct2026 23:15:29.730] [Server thread/INFO] [KubeJS Server/]: Loaded script server_scripts:pancake.js in 0.0 s
[03Oct2026 23:15:29.730] [Server thread/INFO] [KubeJS Server/]: Loaded script server_scripts:potato_chunks.js in 0.0 s
[03Oct2026 23:15:29.730] [Server thread/INFO] [KubeJS Server/]: Loaded script server_scripts:potstickers.js in 0.0 s
[03Oct2026 23:15:29.731] [Server thread/INFO] [KubeJS Server/]: Loaded script server_scripts:sausage.js in 0.001 s
[03Oct2026 23:15:29.732] [Server thread/INFO] [KubeJS Server/]: Loaded script server_scripts:sausage_casing.js in 0.001 s
[03Oct2026 23:15:29.732] [Server thread/INFO] [KubeJS Server/]: Loaded script server_scripts:spicy_crinkle_cut_fries.js in 0.0 s
[03Oct2026 23:15:29.732] [Server thread/INFO] [KubeJS Server/]: Loaded 11/11 KubeJS server scripts in 0.022 s with 0 errors and 0 warnings
[03Oct2026 23:15:29.733] [Server thread/INFO] [KubeJS/]: Loaded 14 data packs: vanilla, KubeJS Virtual Resource Pack [Before Mods, data], mod_data, mod/rhino, mod/kaleidoscope_cookery, mod/architectury, mod/neoforge, mod/kubejs, KubeJS Virtual Resource Pack [Internal, data], KubeJS Virtual Resource Pack [Registries, data], KubeJS Virtual Resource Pack [After Mods, data], KubeJS File Resource Pack [data], mod/kaleidoscope_snack, KubeJS Virtual Resource Pack [Last, data]
[03Oct2026 23:15:29.749] [Server thread/INFO] [KubeJS Server/]: Loaded script server_scripts:cooked_sausage.js in 0.001 s
[03Oct2026 23:15:29.750] [Server thread/INFO] [KubeJS Server/]: Loaded script server_scripts:grilled_squid.js in 0.0 s
[03Oct2026 23:15:29.752] [Server thread/INFO] [KubeJS Server/]: Loaded script server_scripts:ground_meat.js in 0.0 s
[03Oct2026 23:15:29.752] [Server thread/INFO] [KubeJS Server/]: Loaded script server_scripts:kaleidoscope_cookery.js in 0.0 s
[03Oct2026 23:15:29.752] [Server thread/INFO] [KubeJS Server/]: server_scripts:main.js#2: Hello, World! (Loaded server example script)
[03Oct2026 23:15:29.753] [Server thread/INFO] [KubeJS Server/]: Loaded script server_scripts:main.js in 0.0 s
[03Oct2026 23:15:29.753] [Server thread/INFO] [KubeJS Server/]: Loaded script server_scripts:pancake.js in 0.0 s
[03Oct2026 23:15:29.754] [Server thread/INFO] [KubeJS Server/]: Loaded script server_scripts:potato_chunks.js in 0.0 s
[03Oct2026 23:15:29.754] [Server thread/INFO] [KubeJS Server/]: Loaded script server_scripts:potstickers.js in 0.0 s
[03Oct2026 23:15:29.754] [Server thread/INFO] [KubeJS Server/]: Loaded script server_scripts:sausage.js in 0.0 s
[03Oct2026 23:15:29.756] [Server thread/INFO] [KubeJS Server/]: Loaded script server_scripts:sausage_casing.js in 0.0 s
[03Oct2026 23:15:29.758] [Server thread/INFO] [KubeJS Server/]: Loaded script server_scripts:spicy_crinkle_cut_fries.js in 0.001 s
[03Oct2026 23:15:29.758] [Server thread/INFO] [KubeJS Server/]: Loaded 11/11 KubeJS server scripts in 0.022 s with 0 errors and 0 warnings
[03Oct2026 23:15:30.162] [Server thread/INFO] [KubeJS Server/]: Processing recipes...
[03Oct2026 23:15:30.162] [Server thread/INFO] [KubeJS Server/]: Initializing recipe event...
[03Oct2026 23:15:30.214] [Server thread/INFO] [KubeJS Server/]: Found 1,902 recipes (skipped 0) in 50.11 ms
[03Oct2026 23:15:30.223] [Server thread/ERROR] [KubeJS Server/]: server_scripts:spicy_crinkle_cut_fries.js#3: Failed to create a 'kaleidoscope_cookery:pot' recipe from args [kaleidoscope_snack:spicy_potatoes, [kaleidoscope_snack:potato_chunks, kaleidoscope_snack:potato_chunks, kaleidoscope_snack:potato_chunks, kaleidoscope_cookery:red_chili, kaleidoscope_cookery:red_chili], 3.0, minecraft:bowl]: Unable to set 'result: item_stack' to 'kaleidoscope_snack:spicy_potatoes' as 'item_stack'! - Failed to read item stack from kaleidoscope_snack:spicy_potatoes: Item with ID kaleidoscope_snack:spicy_potatoes does not exist!
[03Oct2026 23:15:30.231] [Server thread/ERROR] [KubeJS Server/]: server_scripts:spicy_crinkle_cut_fries.js#17: Failed to create a 'kaleidoscope_cookery:pot' recipe from args [kaleidoscope_snack:spicy_potatoes, [kaleidoscope_snack:potato_chunks, kaleidoscope_snack:potato_chunks, kaleidoscope_snack:potato_chunks, kaleidoscope_cookery:green_chili, kaleidoscope_cookery:green_chili], 3.0, minecraft:bowl]: Unable to set 'result: item_stack' to 'kaleidoscope_snack:spicy_potatoes' as 'item_stack'! - Failed to read item stack from kaleidoscope_snack:spicy_potatoes: Item with ID kaleidoscope_snack:spicy_potatoes does not exist!
[03Oct2026 23:15:30.233] [Server thread/INFO] [KubeJS Server/]: Posted recipe events in 19 ms
[03Oct2026 23:15:30.239] [Server thread/INFO] [KubeJS Server/]: KubeJS modifications to recipe manager finished in 4.872 ms
[03Oct2026 23:15:30.283] [Server thread/INFO] [net.minecraft.world.item.crafting.RecipeManager/]: Loaded 1914 recipes
[03Oct2026 23:15:30.283] [Server thread/INFO] [KubeJS Server/]: Added 12 recipes, removed 0 recipes, modified 0 recipes, with 2 failed recipes taking 119 ms in total
[03Oct2026 23:15:30.358] [Server thread/INFO] [net.minecraft.advancements.AdvancementTree/]: Loaded 1572 advancements
[03Oct2026 23:15:30.362] [Server thread/INFO] [com.github.ysbbbbbb.kaleidoscopecookery.KaleidoscopeCookery/]: Successfully loaded millstone bindable data
[03Oct2026 23:15:30.362] [Server thread/INFO] [KubeJS/]: Closed KubeJS Virtual Resource Pack [Before Mods, data]
[03Oct2026 23:15:30.362] [Server thread/INFO] [KubeJS/]: Closed KubeJS Virtual Resource Pack [Internal, data]
[03Oct2026 23:15:30.362] [Server thread/INFO] [KubeJS/]: Closed KubeJS Virtual Resource Pack [Registries, data]
[03Oct2026 23:15:30.362] [Server thread/INFO] [KubeJS/]: Closed KubeJS Virtual Resource Pack [After Mods, data]
[03Oct2026 23:15:30.362] [Server thread/INFO] [KubeJS/]: Closed KubeJS Virtual Resource Pack [Last, data]
[03Oct2026 23:15:31.023] [Server thread/INFO] [KubeJS Server/]: Capturing errors for server scripts disabled
[03Oct2026 23:15:31.023] [Server thread/INFO] [net.minecraft.server.MinecraftServer/]: ! KubeJS errors found [2]!
[03Oct2026 23:15:31.024] [Server thread/INFO] [KubeJS Server/]: Server resource reload complete!
[03Oct2026 23:15:31.112] [Render thread/INFO] [net.minecraft.advancements.AdvancementTree/]: Loaded 142 advancements
[03Oct2026 23:15:31.115] [Render thread/INFO] [net.minecraft.client.gui.components.ChatComponent/]: [System] [CHAT] ! KubeJS errors found [2]!
[03Oct2026 23:15:33.235] [Server thread/INFO] [net.minecraft.client.server.IntegratedServer/]: Saving and pausing game...
[03Oct2026 23:15:33.263] [Server thread/INFO] [net.minecraft.server.MinecraftServer/]: Saving chunks for level 'ServerLevel[新的世界]'/minecraft:overworld
[03Oct2026 23:15:33.266] [Server thread/INFO] [net.minecraft.server.MinecraftServer/]: Saving chunks for level 'ServerLevel[新的世界]'/minecraft:the_nether
[03Oct2026 23:15:33.266] [Server thread/INFO] [net.minecraft.server.MinecraftServer/]: Saving chunks for level 'ServerLevel[新的世界]'/minecraft:the_end
[03Oct2026 23:15:33.268] [Server thread/DEBUG] [net.neoforged.neoforge.common.CommonHooks/WP]: Gathered mod list to write to world save 新的世界
[03Oct2026 23:15:52.269] [Server thread/INFO] [net.minecraft.server.MinecraftServer/]: [Dev: 重新加载中！]
[03Oct2026 23:15:52.272] [Server thread/INFO] [KubeJS Server/]: Capturing errors for server scripts enabled
[03Oct2026 23:15:52.275] [Render thread/INFO] [net.minecraft.client.gui.components.ChatComponent/]: [System] [CHAT] 重新加载中！
[03Oct2026 23:15:52.286] [Server thread/INFO] [KubeJS Server/]: Loaded script server_scripts:cooked_sausage.js in 0.002 s
[03Oct2026 23:15:52.287] [Server thread/INFO] [KubeJS Server/]: Loaded script server_scripts:grilled_squid.js in 0.001 s
[03Oct2026 23:15:52.287] [Server thread/INFO] [KubeJS Server/]: Loaded script server_scripts:ground_meat.js in 0.0 s
[03Oct2026 23:15:52.287] [Server thread/INFO] [KubeJS Server/]: Loaded script server_scripts:kaleidoscope_cookery.js in 0.0 s
[03Oct2026 23:15:52.288] [Server thread/INFO] [KubeJS Server/]: server_scripts:main.js#2: Hello, World! (Loaded server example script)
[03Oct2026 23:15:52.289] [Server thread/INFO] [KubeJS Server/]: Loaded script server_scripts:main.js in 0.0 s
[03Oct2026 23:15:52.289] [Server thread/INFO] [KubeJS Server/]: Loaded script server_scripts:pancake.js in 0.0 s
[03Oct2026 23:15:52.289] [Server thread/INFO] [KubeJS Server/]: Loaded script server_scripts:potato_chunks.js in 0.0 s
[03Oct2026 23:15:52.290] [Server thread/INFO] [KubeJS Server/]: Loaded script server_scripts:potstickers.js in 0.001 s
[03Oct2026 23:15:52.291] [Server thread/INFO] [KubeJS Server/]: Loaded script server_scripts:sausage.js in 0.0 s
[03Oct2026 23:15:52.291] [Server thread/INFO] [KubeJS Server/]: Loaded script server_scripts:sausage_casing.js in 0.0 s
[03Oct2026 23:15:52.291] [Server thread/INFO] [KubeJS Server/]: Loaded script server_scripts:spicy_crinkle_cut_fries.js in 0.0 s
[03Oct2026 23:15:52.293] [Server thread/INFO] [KubeJS Server/]: Loaded 11/11 KubeJS server scripts in 0.022 s with 0 errors and 0 warnings
[03Oct2026 23:15:52.293] [Server thread/INFO] [KubeJS/]: Loaded 14 data packs: vanilla, KubeJS Virtual Resource Pack [Before Mods, data], mod_data, mod/rhino, mod/kaleidoscope_cookery, mod/architectury, mod/neoforge, mod/kubejs, KubeJS Virtual Resource Pack [Internal, data], KubeJS Virtual Resource Pack [Registries, data], KubeJS Virtual Resource Pack [After Mods, data], KubeJS File Resource Pack [data], mod/kaleidoscope_snack, KubeJS Virtual Resource Pack [Last, data]
[03Oct2026 23:15:52.305] [Server thread/INFO] [KubeJS Server/]: Loaded script server_scripts:cooked_sausage.js in 0.0 s
[03Oct2026 23:15:52.306] [Server thread/INFO] [KubeJS Server/]: Loaded script server_scripts:grilled_squid.js in 0.0 s
[03Oct2026 23:15:52.307] [Server thread/INFO] [KubeJS Server/]: Loaded script server_scripts:ground_meat.js in 0.0 s
[03Oct2026 23:15:52.307] [Server thread/INFO] [KubeJS Server/]: Loaded script server_scripts:kaleidoscope_cookery.js in 0.0 s
[03Oct2026 23:15:52.307] [Server thread/INFO] [KubeJS Server/]: server_scripts:main.js#2: Hello, World! (Loaded server example script)
[03Oct2026 23:15:52.307] [Server thread/INFO] [KubeJS Server/]: Loaded script server_scripts:main.js in 0.0 s
[03Oct2026 23:15:52.308] [Server thread/INFO] [KubeJS Server/]: Loaded script server_scripts:pancake.js in 0.001 s
[03Oct2026 23:15:52.308] [Server thread/INFO] [KubeJS Server/]: Loaded script server_scripts:potato_chunks.js in 0.0 s
[03Oct2026 23:15:52.308] [Server thread/INFO] [KubeJS Server/]: Loaded script server_scripts:potstickers.js in 0.0 s
[03Oct2026 23:15:52.309] [Server thread/INFO] [KubeJS Server/]: Loaded script server_scripts:sausage.js in 0.001 s
[03Oct2026 23:15:52.309] [Server thread/INFO] [KubeJS Server/]: Loaded script server_scripts:sausage_casing.js in 0.0 s
[03Oct2026 23:15:52.309] [Server thread/INFO] [KubeJS Server/]: Loaded script server_scripts:spicy_crinkle_cut_fries.js in 0.0 s
[03Oct2026 23:15:52.309] [Server thread/INFO] [KubeJS Server/]: Loaded 11/11 KubeJS server scripts in 0.013 s with 0 errors and 0 warnings
[03Oct2026 23:15:52.705] [Server thread/INFO] [KubeJS Server/]: Processing recipes...
[03Oct2026 23:15:52.705] [Server thread/INFO] [KubeJS Server/]: Initializing recipe event...
[03Oct2026 23:15:52.758] [Server thread/INFO] [KubeJS Server/]: Found 1,902 recipes (skipped 0) in 50.96 ms
[03Oct2026 23:15:52.767] [Server thread/ERROR] [KubeJS Server/]: server_scripts:spicy_crinkle_cut_fries.js#3: Failed to create a 'kaleidoscope_cookery:pot' recipe from args [kaleidoscope_snack:spicy_crinkle_cut_fries, [kaleidoscope_snack:potato_chunks, kaleidoscope_snack:potato_chunks, kaleidoscope_snack:potato_chunks, kaleidoscope_cookery:red_chili, kaleidoscope_cookery:red_chili], 3.0, minecraft:bowl]: Unable to set 'carrier: optional_ingredient?' to '3.0' as 'optional_ingredient'! - Failed to read ingredient from 3.0: Could not parse input 3.0 for item stack
[03Oct2026 23:15:52.768] [Server thread/ERROR] [KubeJS Server/]: server_scripts:spicy_crinkle_cut_fries.js#17: Failed to create a 'kaleidoscope_cookery:pot' recipe from args [kaleidoscope_snack:spicy_crinkle_cut_fries, [kaleidoscope_snack:potato_chunks, kaleidoscope_snack:potato_chunks, kaleidoscope_snack:potato_chunks, kaleidoscope_cookery:green_chili, kaleidoscope_cookery:green_chili], 3.0, minecraft:bowl]: Unable to set 'carrier: optional_ingredient?' to '3.0' as 'optional_ingredient'! - Failed to read ingredient from 3.0: Could not parse input 3.0 for item stack
[03Oct2026 23:15:52.772] [Server thread/INFO] [KubeJS Server/]: Posted recipe events in 13 ms
[03Oct2026 23:15:52.776] [Server thread/INFO] [KubeJS Server/]: KubeJS modifications to recipe manager finished in 3.997 ms
[03Oct2026 23:15:52.816] [Server thread/INFO] [net.minecraft.world.item.crafting.RecipeManager/]: Loaded 1914 recipes
[03Oct2026 23:15:52.816] [Server thread/INFO] [KubeJS Server/]: Added 12 recipes, removed 0 recipes, modified 0 recipes, with 2 failed recipes taking 110 ms in total
[03Oct2026 23:15:52.882] [Server thread/INFO] [net.minecraft.advancements.AdvancementTree/]: Loaded 1572 advancements
[03Oct2026 23:15:52.885] [Server thread/INFO] [com.github.ysbbbbbb.kaleidoscopecookery.KaleidoscopeCookery/]: Successfully loaded millstone bindable data
[03Oct2026 23:15:52.885] [Server thread/INFO] [KubeJS/]: Closed KubeJS Virtual Resource Pack [Before Mods, data]
[03Oct2026 23:15:52.885] [Server thread/INFO] [KubeJS/]: Closed KubeJS Virtual Resource Pack [Internal, data]
[03Oct2026 23:15:52.885] [Server thread/INFO] [KubeJS/]: Closed KubeJS Virtual Resource Pack [Registries, data]
[03Oct2026 23:15:52.885] [Server thread/INFO] [KubeJS/]: Closed KubeJS Virtual Resource Pack [After Mods, data]
[03Oct2026 23:15:52.885] [Server thread/INFO] [KubeJS/]: Closed KubeJS Virtual Resource Pack [Last, data]
[03Oct2026 23:15:53.525] [Server thread/INFO] [KubeJS Server/]: Capturing errors for server scripts disabled
[03Oct2026 23:15:53.525] [Server thread/INFO] [net.minecraft.server.MinecraftServer/]: ! KubeJS errors found [2]!
[03Oct2026 23:15:53.526] [Server thread/INFO] [KubeJS Server/]: Server resource reload complete!
[03Oct2026 23:15:53.567] [Render thread/INFO] [net.minecraft.advancements.AdvancementTree/]: Loaded 142 advancements
[03Oct2026 23:15:53.568] [Render thread/INFO] [net.minecraft.client.gui.components.ChatComponent/]: [System] [CHAT] ! KubeJS errors found [2]!
[03Oct2026 23:15:54.886] [Server thread/INFO] [net.minecraft.client.server.IntegratedServer/]: Saving and pausing game...
[03Oct2026 23:15:54.909] [Server thread/INFO] [net.minecraft.server.MinecraftServer/]: Saving chunks for level 'ServerLevel[新的世界]'/minecraft:overworld
[03Oct2026 23:15:54.910] [Server thread/INFO] [net.minecraft.server.MinecraftServer/]: Saving chunks for level 'ServerLevel[新的世界]'/minecraft:the_nether
[03Oct2026 23:15:54.911] [Server thread/INFO] [net.minecraft.server.MinecraftServer/]: Saving chunks for level 'ServerLevel[新的世界]'/minecraft:the_end
[03Oct2026 23:15:54.912] [Server thread/DEBUG] [net.neoforged.neoforge.common.CommonHooks/WP]: Gathered mod list to write to world save 新的世界
[03Oct2026 23:16:43.298] [Server thread/INFO] [net.minecraft.server.MinecraftServer/]: [Dev: 重新加载中！]
[03Oct2026 23:16:43.300] [Render thread/INFO] [net.minecraft.client.gui.components.ChatComponent/]: [System] [CHAT] 重新加载中！
[03Oct2026 23:16:43.300] [Server thread/INFO] [KubeJS Server/]: Capturing errors for server scripts enabled
[03Oct2026 23:16:43.312] [Server thread/INFO] [KubeJS Server/]: Loaded script server_scripts:cooked_sausage.js in 0.002 s
[03Oct2026 23:16:43.312] [Server thread/INFO] [KubeJS Server/]: Loaded script server_scripts:grilled_squid.js in 0.0 s
[03Oct2026 23:16:43.313] [Server thread/INFO] [KubeJS Server/]: Loaded script server_scripts:ground_meat.js in 0.001 s
[03Oct2026 23:16:43.313] [Server thread/INFO] [KubeJS Server/]: Loaded script server_scripts:kaleidoscope_cookery.js in 0.0 s
[03Oct2026 23:16:43.314] [Server thread/INFO] [KubeJS Server/]: server_scripts:main.js#2: Hello, World! (Loaded server example script)
[03Oct2026 23:16:43.314] [Server thread/INFO] [KubeJS Server/]: Loaded script server_scripts:main.js in 0.001 s
[03Oct2026 23:16:43.314] [Server thread/INFO] [KubeJS Server/]: Loaded script server_scripts:pancake.js in 0.0 s
[03Oct2026 23:16:43.315] [Server thread/INFO] [KubeJS Server/]: Loaded script server_scripts:potato_chunks.js in 0.001 s
[03Oct2026 23:16:43.316] [Server thread/INFO] [KubeJS Server/]: Loaded script server_scripts:potstickers.js in 0.0 s
[03Oct2026 23:16:43.316] [Server thread/INFO] [KubeJS Server/]: Loaded script server_scripts:sausage.js in 0.0 s
[03Oct2026 23:16:43.317] [Server thread/INFO] [KubeJS Server/]: Loaded script server_scripts:sausage_casing.js in 0.001 s
[03Oct2026 23:16:43.317] [Server thread/INFO] [KubeJS Server/]: Loaded script server_scripts:spicy_crinkle_cut_fries.js in 0.0 s
[03Oct2026 23:16:43.318] [Server thread/INFO] [KubeJS Server/]: Loaded 11/11 KubeJS server scripts in 0.019 s with 0 errors and 0 warnings
[03Oct2026 23:16:43.318] [Server thread/INFO] [KubeJS/]: Loaded 14 data packs: vanilla, KubeJS Virtual Resource Pack [Before Mods, data], mod_data, mod/rhino, mod/kaleidoscope_cookery, mod/architectury, mod/neoforge, mod/kubejs, KubeJS Virtual Resource Pack [Internal, data], KubeJS Virtual Resource Pack [Registries, data], KubeJS Virtual Resource Pack [After Mods, data], KubeJS File Resource Pack [data], mod/kaleidoscope_snack, KubeJS Virtual Resource Pack [Last, data]
[03Oct2026 23:16:43.329] [Server thread/INFO] [KubeJS Server/]: Loaded script server_scripts:cooked_sausage.js in 0.0 s
[03Oct2026 23:16:43.329] [Server thread/INFO] [KubeJS Server/]: Loaded script server_scripts:grilled_squid.js in 0.0 s
[03Oct2026 23:16:43.330] [Server thread/INFO] [KubeJS Server/]: Loaded script server_scripts:ground_meat.js in 0.0 s
[03Oct2026 23:16:43.330] [Server thread/INFO] [KubeJS Server/]: Loaded script server_scripts:kaleidoscope_cookery.js in 0.0 s
[03Oct2026 23:16:43.330] [Server thread/INFO] [KubeJS Server/]: server_scripts:main.js#2: Hello, World! (Loaded server example script)
[03Oct2026 23:16:43.330] [Server thread/INFO] [KubeJS Server/]: Loaded script server_scripts:main.js in 0.0 s
[03Oct2026 23:16:43.330] [Server thread/INFO] [KubeJS Server/]: Loaded script server_scripts:pancake.js in 0.0 s
[03Oct2026 23:16:43.331] [Server thread/INFO] [KubeJS Server/]: Loaded script server_scripts:potato_chunks.js in 0.0 s
[03Oct2026 23:16:43.331] [Server thread/INFO] [KubeJS Server/]: Loaded script server_scripts:potstickers.js in 0.0 s
[03Oct2026 23:16:43.332] [Server thread/INFO] [KubeJS Server/]: Loaded script server_scripts:sausage.js in 0.0 s
[03Oct2026 23:16:43.332] [Server thread/INFO] [KubeJS Server/]: Loaded script server_scripts:sausage_casing.js in 0.0 s
[03Oct2026 23:16:43.333] [Server thread/INFO] [KubeJS Server/]: Loaded script server_scripts:spicy_crinkle_cut_fries.js in 0.0 s
[03Oct2026 23:16:43.334] [Server thread/INFO] [KubeJS Server/]: Loaded 11/11 KubeJS server scripts in 0.014 s with 0 errors and 0 warnings
[03Oct2026 23:16:43.721] [Server thread/INFO] [KubeJS Server/]: Processing recipes...
[03Oct2026 23:16:43.722] [Server thread/INFO] [KubeJS Server/]: Initializing recipe event...
[03Oct2026 23:16:43.781] [Server thread/INFO] [KubeJS Server/]: Found 1,902 recipes (skipped 0) in 58.06 ms
[03Oct2026 23:16:43.789] [Server thread/ERROR] [KubeJS Server/]: server_scripts:spicy_crinkle_cut_fries.js#3: Failed to create a 'kaleidoscope_cookery:pot' recipe from args [kaleidoscope_snack:spicy_crinkle_cut_fries, [kaleidoscope_snack:potato_chunks, kaleidoscope_snack:potato_chunks, kaleidoscope_snack:potato_chunks, kaleidoscope_cookery:red_chili, kaleidoscope_cookery:red_chili], 3.0, minecraft:bowl]: Unable to set 'carrier: optional_ingredient?' to '3.0' as 'optional_ingredient'! - Failed to read ingredient from 3.0: Could not parse input 3.0 for item stack
[03Oct2026 23:16:43.790] [Server thread/ERROR] [KubeJS Server/]: server_scripts:spicy_crinkle_cut_fries.js#17: Failed to create a 'kaleidoscope_cookery:pot' recipe from args [kaleidoscope_snack:spicy_crinkle_cut_fries, [kaleidoscope_snack:potato_chunks, kaleidoscope_snack:potato_chunks, kaleidoscope_snack:potato_chunks, kaleidoscope_cookery:green_chili, kaleidoscope_cookery:green_chili], 3.0, minecraft:bowl]: Unable to set 'carrier: optional_ingredient?' to '3.0' as 'optional_ingredient'! - Failed to read ingredient from 3.0: Could not parse input 3.0 for item stack
[03Oct2026 23:16:43.794] [Server thread/INFO] [KubeJS Server/]: Posted recipe events in 12 ms
[03Oct2026 23:16:43.799] [Server thread/INFO] [KubeJS Server/]: KubeJS modifications to recipe manager finished in 4.266 ms
[03Oct2026 23:16:43.845] [Server thread/INFO] [net.minecraft.world.item.crafting.RecipeManager/]: Loaded 1914 recipes
[03Oct2026 23:16:43.845] [Server thread/INFO] [KubeJS Server/]: Added 12 recipes, removed 0 recipes, modified 0 recipes, with 2 failed recipes taking 123 ms in total
[03Oct2026 23:16:43.937] [Server thread/INFO] [net.minecraft.advancements.AdvancementTree/]: Loaded 1572 advancements
[03Oct2026 23:16:43.942] [Server thread/INFO] [com.github.ysbbbbbb.kaleidoscopecookery.KaleidoscopeCookery/]: Successfully loaded millstone bindable data
[03Oct2026 23:16:43.943] [Server thread/INFO] [KubeJS/]: Closed KubeJS Virtual Resource Pack [Before Mods, data]
[03Oct2026 23:16:43.943] [Server thread/INFO] [KubeJS/]: Closed KubeJS Virtual Resource Pack [Internal, data]
[03Oct2026 23:16:43.943] [Server thread/INFO] [KubeJS/]: Closed KubeJS Virtual Resource Pack [Registries, data]
[03Oct2026 23:16:43.943] [Server thread/INFO] [KubeJS/]: Closed KubeJS Virtual Resource Pack [After Mods, data]
[03Oct2026 23:16:43.943] [Server thread/INFO] [KubeJS/]: Closed KubeJS Virtual Resource Pack [Last, data]
[03Oct2026 23:16:44.711] [Server thread/INFO] [KubeJS Server/]: Capturing errors for server scripts disabled
[03Oct2026 23:16:44.711] [Server thread/INFO] [net.minecraft.server.MinecraftServer/]: ! KubeJS errors found [2]!
[03Oct2026 23:16:44.712] [Server thread/INFO] [KubeJS Server/]: Server resource reload complete!
[03Oct2026 23:16:44.771] [Render thread/INFO] [net.minecraft.advancements.AdvancementTree/]: Loaded 142 advancements
[03Oct2026 23:16:44.773] [Render thread/INFO] [net.minecraft.client.gui.components.ChatComponent/]: [System] [CHAT] ! KubeJS errors found [2]!
[03Oct2026 23:16:46.486] [Server thread/INFO] [net.minecraft.client.server.IntegratedServer/]: Saving and pausing game...
[03Oct2026 23:16:46.513] [Server thread/INFO] [net.minecraft.server.MinecraftServer/]: Saving chunks for level 'ServerLevel[新的世界]'/minecraft:overworld
[03Oct2026 23:16:46.516] [Server thread/INFO] [net.minecraft.server.MinecraftServer/]: Saving chunks for level 'ServerLevel[新的世界]'/minecraft:the_nether
[03Oct2026 23:16:46.516] [Server thread/INFO] [net.minecraft.server.MinecraftServer/]: Saving chunks for level 'ServerLevel[新的世界]'/minecraft:the_end
[03Oct2026 23:16:46.516] [Server thread/DEBUG] [net.neoforged.neoforge.common.CommonHooks/WP]: Gathered mod list to write to world save 新的世界
[03Oct2026 23:16:52.936] [Server thread/INFO] [net.minecraft.client.server.IntegratedServer/]: Saving and pausing game...
[03Oct2026 23:16:52.960] [Server thread/INFO] [net.minecraft.server.MinecraftServer/]: Saving chunks for level 'ServerLevel[新的世界]'/minecraft:overworld
[03Oct2026 23:16:52.962] [Server thread/INFO] [net.minecraft.server.MinecraftServer/]: Saving chunks for level 'ServerLevel[新的世界]'/minecraft:the_nether
[03Oct2026 23:16:52.962] [Server thread/INFO] [net.minecraft.server.MinecraftServer/]: Saving chunks for level 'ServerLevel[新的世界]'/minecraft:the_end
[03Oct2026 23:16:52.963] [Server thread/DEBUG] [net.neoforged.neoforge.common.CommonHooks/WP]: Gathered mod list to write to world save 新的世界
[03Oct2026 23:17:44.577] [Server thread/INFO] [net.minecraft.server.MinecraftServer/]: [Dev: 重新加载中！]
[03Oct2026 23:17:44.579] [Server thread/INFO] [KubeJS Server/]: Capturing errors for server scripts enabled
[03Oct2026 23:17:44.581] [Render thread/INFO] [net.minecraft.client.gui.components.ChatComponent/]: [System] [CHAT] 重新加载中！
[03Oct2026 23:17:44.590] [Server thread/INFO] [KubeJS Server/]: Loaded script server_scripts:cooked_sausage.js in 0.001 s
[03Oct2026 23:17:44.591] [Server thread/INFO] [KubeJS Server/]: Loaded script server_scripts:grilled_squid.js in 0.0 s
[03Oct2026 23:17:44.591] [Server thread/INFO] [KubeJS Server/]: Loaded script server_scripts:ground_meat.js in 0.0 s
[03Oct2026 23:17:44.591] [Server thread/INFO] [KubeJS Server/]: Loaded script server_scripts:kaleidoscope_cookery.js in 0.0 s
[03Oct2026 23:17:44.593] [Server thread/INFO] [KubeJS Server/]: server_scripts:main.js#2: Hello, World! (Loaded server example script)
[03Oct2026 23:17:44.593] [Server thread/INFO] [KubeJS Server/]: Loaded script server_scripts:main.js in 0.002 s
[03Oct2026 23:17:44.593] [Server thread/INFO] [KubeJS Server/]: Loaded script server_scripts:pancake.js in 0.0 s
[03Oct2026 23:17:44.593] [Server thread/INFO] [KubeJS Server/]: Loaded script server_scripts:potato_chunks.js in 0.0 s
[03Oct2026 23:17:44.594] [Server thread/INFO] [KubeJS Server/]: Loaded script server_scripts:potstickers.js in 0.0 s
[03Oct2026 23:17:44.594] [Server thread/INFO] [KubeJS Server/]: Loaded script server_scripts:sausage.js in 0.0 s
[03Oct2026 23:17:44.595] [Server thread/INFO] [KubeJS Server/]: Loaded script server_scripts:sausage_casing.js in 0.001 s
[03Oct2026 23:17:44.595] [Server thread/INFO] [KubeJS Server/]: Loaded script server_scripts:spicy_crinkle_cut_fries.js in 0.0 s
[03Oct2026 23:17:44.596] [Server thread/INFO] [KubeJS Server/]: Loaded 11/11 KubeJS server scripts in 0.016 s with 0 errors and 0 warnings
[03Oct2026 23:17:44.596] [Server thread/INFO] [KubeJS/]: Loaded 14 data packs: vanilla, KubeJS Virtual Resource Pack [Before Mods, data], mod_data, mod/rhino, mod/kaleidoscope_cookery, mod/architectury, mod/neoforge, mod/kubejs, KubeJS Virtual Resource Pack [Internal, data], KubeJS Virtual Resource Pack [Registries, data], KubeJS Virtual Resource Pack [After Mods, data], KubeJS File Resource Pack [data], mod/kaleidoscope_snack, KubeJS Virtual Resource Pack [Last, data]
[03Oct2026 23:17:44.606] [Server thread/INFO] [KubeJS Server/]: Loaded script server_scripts:cooked_sausage.js in 0.0 s
[03Oct2026 23:17:44.607] [Server thread/INFO] [KubeJS Server/]: Loaded script server_scripts:grilled_squid.js in 0.0 s
[03Oct2026 23:17:44.607] [Server thread/INFO] [KubeJS Server/]: Loaded script server_scripts:ground_meat.js in 0.0 s
[03Oct2026 23:17:44.607] [Server thread/INFO] [KubeJS Server/]: Loaded script server_scripts:kaleidoscope_cookery.js in 0.0 s
[03Oct2026 23:17:44.607] [Server thread/INFO] [KubeJS Server/]: server_scripts:main.js#2: Hello, World! (Loaded server example script)
[03Oct2026 23:17:44.608] [Server thread/INFO] [KubeJS Server/]: Loaded script server_scripts:main.js in 0.001 s
[03Oct2026 23:17:44.608] [Server thread/INFO] [KubeJS Server/]: Loaded script server_scripts:pancake.js in 0.0 s
[03Oct2026 23:17:44.608] [Server thread/INFO] [KubeJS Server/]: Loaded script server_scripts:potato_chunks.js in 0.0 s
[03Oct2026 23:17:44.609] [Server thread/INFO] [KubeJS Server/]: Loaded script server_scripts:potstickers.js in 0.001 s
[03Oct2026 23:17:44.610] [Server thread/INFO] [KubeJS Server/]: Loaded script server_scripts:sausage.js in 0.0 s
[03Oct2026 23:17:44.610] [Server thread/INFO] [KubeJS Server/]: Loaded script server_scripts:sausage_casing.js in 0.0 s
[03Oct2026 23:17:44.610] [Server thread/INFO] [KubeJS Server/]: Loaded script server_scripts:spicy_crinkle_cut_fries.js in 0.0 s
[03Oct2026 23:17:44.611] [Server thread/INFO] [KubeJS Server/]: Loaded 11/11 KubeJS server scripts in 0.013 s with 0 errors and 0 warnings
[03Oct2026 23:17:44.967] [Server thread/INFO] [KubeJS Server/]: Processing recipes...
[03Oct2026 23:17:44.967] [Server thread/INFO] [KubeJS Server/]: Initializing recipe event...
[03Oct2026 23:17:45.019] [Server thread/INFO] [KubeJS Server/]: Found 1,902 recipes (skipped 0) in 49.85 ms
[03Oct2026 23:17:45.023] [Server thread/ERROR] [KubeJS Server/]: server_scripts:spicy_crinkle_cut_fries.js#2: Failed to create a 'kaleidoscope_cookery:pot' recipe from args [kaleidoscope_snack:spicy_crinkle_cut_fries, [kaleidoscope_snack:potato_chunks, kaleidoscope_snack:potato_chunks, kaleidoscope_snack:potato_chunks, kaleidoscope_cookery:red_chili, kaleidoscope_cookery:red_chili], 3.0]: Unable to set 'carrier: optional_ingredient?' to '3.0' as 'optional_ingredient'! - Failed to read ingredient from 3.0: Could not parse input 3.0 for item stack
[03Oct2026 23:17:45.025] [Server thread/ERROR] [KubeJS Server/]: server_scripts:spicy_crinkle_cut_fries.js#14: Failed to create a 'kaleidoscope_cookery:pot' recipe from args [kaleidoscope_snack:spicy_crinkle_cut_fries, [kaleidoscope_snack:potato_chunks, kaleidoscope_snack:potato_chunks, kaleidoscope_snack:potato_chunks, kaleidoscope_cookery:green_chili, kaleidoscope_cookery:green_chili], 3.0]: Unable to set 'carrier: optional_ingredient?' to '3.0' as 'optional_ingredient'! - Failed to read ingredient from 3.0: Could not parse input 3.0 for item stack
[03Oct2026 23:17:45.028] [Server thread/INFO] [KubeJS Server/]: Posted recipe events in 8 ms
[03Oct2026 23:17:45.031] [Server thread/INFO] [KubeJS Server/]: KubeJS modifications to recipe manager finished in 2.744 ms
[03Oct2026 23:17:45.068] [Server thread/INFO] [net.minecraft.world.item.crafting.RecipeManager/]: Loaded 1914 recipes
[03Oct2026 23:17:45.071] [Server thread/INFO] [KubeJS Server/]: Added 12 recipes, removed 0 recipes, modified 0 recipes, with 2 failed recipes taking 102 ms in total
[03Oct2026 23:17:45.144] [Server thread/INFO] [net.minecraft.advancements.AdvancementTree/]: Loaded 1572 advancements
[03Oct2026 23:17:45.148] [Server thread/INFO] [com.github.ysbbbbbb.kaleidoscopecookery.KaleidoscopeCookery/]: Successfully loaded millstone bindable data
[03Oct2026 23:17:45.149] [Server thread/INFO] [KubeJS/]: Closed KubeJS Virtual Resource Pack [Before Mods, data]
[03Oct2026 23:17:45.149] [Server thread/INFO] [KubeJS/]: Closed KubeJS Virtual Resource Pack [Internal, data]
[03Oct2026 23:17:45.149] [Server thread/INFO] [KubeJS/]: Closed KubeJS Virtual Resource Pack [Registries, data]
[03Oct2026 23:17:45.149] [Server thread/INFO] [KubeJS/]: Closed KubeJS Virtual Resource Pack [After Mods, data]
[03Oct2026 23:17:45.149] [Server thread/INFO] [KubeJS/]: Closed KubeJS Virtual Resource Pack [Last, data]
[03Oct2026 23:17:45.865] [Server thread/INFO] [KubeJS Server/]: Capturing errors for server scripts disabled
[03Oct2026 23:17:45.866] [Server thread/INFO] [net.minecraft.server.MinecraftServer/]: ! KubeJS errors found [2]!
[03Oct2026 23:17:45.866] [Server thread/INFO] [KubeJS Server/]: Server resource reload complete!
[03Oct2026 23:17:45.917] [Render thread/INFO] [net.minecraft.advancements.AdvancementTree/]: Loaded 142 advancements
[03Oct2026 23:17:45.920] [Render thread/INFO] [net.minecraft.client.gui.components.ChatComponent/]: [System] [CHAT] ! KubeJS errors found [2]!
[03Oct2026 23:17:48.236] [Server thread/INFO] [net.minecraft.client.server.IntegratedServer/]: Saving and pausing game...
[03Oct2026 23:17:48.258] [Server thread/INFO] [net.minecraft.server.MinecraftServer/]: Saving chunks for level 'ServerLevel[新的世界]'/minecraft:overworld
[03Oct2026 23:17:48.259] [Server thread/INFO] [net.minecraft.server.MinecraftServer/]: Saving chunks for level 'ServerLevel[新的世界]'/minecraft:the_nether
[03Oct2026 23:17:48.259] [Server thread/INFO] [net.minecraft.server.MinecraftServer/]: Saving chunks for level 'ServerLevel[新的世界]'/minecraft:the_end
[03Oct2026 23:17:48.260] [Server thread/DEBUG] [net.neoforged.neoforge.common.CommonHooks/WP]: Gathered mod list to write to world save 新的世界
[03Oct2026 23:17:57.386] [Server thread/INFO] [net.minecraft.server.MinecraftServer/]: [Dev: 重新加载中！]
[03Oct2026 23:17:57.387] [Server thread/INFO] [KubeJS Server/]: Capturing errors for server scripts enabled
[03Oct2026 23:17:57.391] [Render thread/INFO] [net.minecraft.client.gui.components.ChatComponent/]: [System] [CHAT] 重新加载中！
[03Oct2026 23:17:57.398] [Server thread/INFO] [KubeJS Server/]: Loaded script server_scripts:cooked_sausage.js in 0.001 s
[03Oct2026 23:17:57.399] [Server thread/INFO] [KubeJS Server/]: Loaded script server_scripts:grilled_squid.js in 0.0 s
[03Oct2026 23:17:57.399] [Server thread/INFO] [KubeJS Server/]: Loaded script server_scripts:ground_meat.js in 0.0 s
[03Oct2026 23:17:57.399] [Server thread/INFO] [KubeJS Server/]: Loaded script server_scripts:kaleidoscope_cookery.js in 0.0 s
[03Oct2026 23:17:57.399] [Server thread/INFO] [KubeJS Server/]: server_scripts:main.js#2: Hello, World! (Loaded server example script)
[03Oct2026 23:17:57.400] [Server thread/INFO] [KubeJS Server/]: Loaded script server_scripts:main.js in 0.001 s
[03Oct2026 23:17:57.400] [Server thread/INFO] [KubeJS Server/]: Loaded script server_scripts:pancake.js in 0.0 s
[03Oct2026 23:17:57.401] [Server thread/INFO] [KubeJS Server/]: Loaded script server_scripts:potato_chunks.js in 0.0 s
[03Oct2026 23:17:57.402] [Server thread/INFO] [KubeJS Server/]: Loaded script server_scripts:potstickers.js in 0.001 s
[03Oct2026 23:17:57.402] [Server thread/INFO] [KubeJS Server/]: Loaded script server_scripts:sausage.js in 0.0 s
[03Oct2026 23:17:57.403] [Server thread/INFO] [KubeJS Server/]: Loaded script server_scripts:sausage_casing.js in 0.0 s
[03Oct2026 23:17:57.403] [Server thread/INFO] [KubeJS Server/]: Loaded script server_scripts:spicy_crinkle_cut_fries.js in 0.0 s
[03Oct2026 23:17:57.404] [Server thread/INFO] [KubeJS Server/]: Loaded 11/11 KubeJS server scripts in 0.017 s with 0 errors and 0 warnings
[03Oct2026 23:17:57.405] [Server thread/INFO] [KubeJS/]: Loaded 14 data packs: vanilla, KubeJS Virtual Resource Pack [Before Mods, data], mod_data, mod/rhino, mod/kaleidoscope_cookery, mod/architectury, mod/neoforge, mod/kubejs, KubeJS Virtual Resource Pack [Internal, data], KubeJS Virtual Resource Pack [Registries, data], KubeJS Virtual Resource Pack [After Mods, data], KubeJS File Resource Pack [data], mod/kaleidoscope_snack, KubeJS Virtual Resource Pack [Last, data]
[03Oct2026 23:17:57.416] [Server thread/INFO] [KubeJS Server/]: Loaded script server_scripts:cooked_sausage.js in 0.0 s
[03Oct2026 23:17:57.416] [Server thread/INFO] [KubeJS Server/]: Loaded script server_scripts:grilled_squid.js in 0.0 s
[03Oct2026 23:17:57.416] [Server thread/INFO] [KubeJS Server/]: Loaded script server_scripts:ground_meat.js in 0.0 s
[03Oct2026 23:17:57.418] [Server thread/INFO] [KubeJS Server/]: Loaded script server_scripts:kaleidoscope_cookery.js in 0.0 s
[03Oct2026 23:17:57.418] [Server thread/INFO] [KubeJS Server/]: server_scripts:main.js#2: Hello, World! (Loaded server example script)
[03Oct2026 23:17:57.418] [Server thread/INFO] [KubeJS Server/]: Loaded script server_scripts:main.js in 0.0 s
[03Oct2026 23:17:57.419] [Server thread/INFO] [KubeJS Server/]: Loaded script server_scripts:pancake.js in 0.0 s
[03Oct2026 23:17:57.419] [Server thread/INFO] [KubeJS Server/]: Loaded script server_scripts:potato_chunks.js in 0.0 s
[03Oct2026 23:17:57.419] [Server thread/INFO] [KubeJS Server/]: Loaded script server_scripts:potstickers.js in 0.0 s
[03Oct2026 23:17:57.419] [Server thread/INFO] [KubeJS Server/]: Loaded script server_scripts:sausage.js in 0.0 s
[03Oct2026 23:17:57.420] [Server thread/INFO] [KubeJS Server/]: Loaded script server_scripts:sausage_casing.js in 0.001 s
[03Oct2026 23:17:57.421] [Server thread/INFO] [KubeJS Server/]: Loaded script server_scripts:spicy_crinkle_cut_fries.js in 0.0 s
[03Oct2026 23:17:57.422] [Server thread/INFO] [KubeJS Server/]: Loaded 11/11 KubeJS server scripts in 0.015 s with 0 errors and 0 warnings
[03Oct2026 23:17:57.799] [Server thread/INFO] [KubeJS Server/]: Processing recipes...
[03Oct2026 23:17:57.800] [Server thread/INFO] [KubeJS Server/]: Initializing recipe event...
[03Oct2026 23:17:57.867] [Server thread/INFO] [KubeJS Server/]: Found 1,902 recipes (skipped 0) in 65.93 ms
[03Oct2026 23:17:57.873] [Server thread/ERROR] [KubeJS Server/]: server_scripts:spicy_crinkle_cut_fries.js#2: Failed to create a 'kaleidoscope_cookery:pot' recipe from args [kaleidoscope_snack:spicy_crinkle_cut_fries, [kaleidoscope_snack:potato_chunks, kaleidoscope_snack:potato_chunks, kaleidoscope_snack:potato_chunks, kaleidoscope_cookery:red_chili, kaleidoscope_cookery:red_chili], 3.0]: Unable to set 'carrier: optional_ingredient?' to '3.0' as 'optional_ingredient'! - Failed to read ingredient from 3.0: Could not parse input 3.0 for item stack
[03Oct2026 23:17:57.875] [Server thread/ERROR] [KubeJS Server/]: server_scripts:spicy_crinkle_cut_fries.js#14: Failed to create a 'kaleidoscope_cookery:pot' recipe from args [kaleidoscope_snack:spicy_crinkle_cut_fries, [kaleidoscope_snack:potato_chunks, kaleidoscope_snack:potato_chunks, kaleidoscope_snack:potato_chunks, kaleidoscope_cookery:green_chili, kaleidoscope_cookery:green_chili], 3.0]: Unable to set 'carrier: optional_ingredient?' to '3.0' as 'optional_ingredient'! - Failed to read ingredient from 3.0: Could not parse input 3.0 for item stack
[03Oct2026 23:17:57.877] [Server thread/INFO] [KubeJS Server/]: Posted recipe events in 9 ms
[03Oct2026 23:17:57.879] [Server thread/INFO] [KubeJS Server/]: KubeJS modifications to recipe manager finished in 2.400 ms
[03Oct2026 23:17:57.920] [Server thread/INFO] [net.minecraft.world.item.crafting.RecipeManager/]: Loaded 1914 recipes
[03Oct2026 23:17:57.921] [Server thread/INFO] [KubeJS Server/]: Added 12 recipes, removed 0 recipes, modified 0 recipes, with 2 failed recipes taking 120 ms in total
[03Oct2026 23:17:57.994] [Server thread/INFO] [net.minecraft.advancements.AdvancementTree/]: Loaded 1572 advancements
[03Oct2026 23:17:57.997] [Server thread/INFO] [com.github.ysbbbbbb.kaleidoscopecookery.KaleidoscopeCookery/]: Successfully loaded millstone bindable data
[03Oct2026 23:17:57.998] [Server thread/INFO] [KubeJS/]: Closed KubeJS Virtual Resource Pack [Before Mods, data]
[03Oct2026 23:17:57.998] [Server thread/INFO] [KubeJS/]: Closed KubeJS Virtual Resource Pack [Internal, data]
[03Oct2026 23:17:57.998] [Server thread/INFO] [KubeJS/]: Closed KubeJS Virtual Resource Pack [Registries, data]
[03Oct2026 23:17:57.998] [Server thread/INFO] [KubeJS/]: Closed KubeJS Virtual Resource Pack [After Mods, data]
[03Oct2026 23:17:57.998] [Server thread/INFO] [KubeJS/]: Closed KubeJS Virtual Resource Pack [Last, data]
[03Oct2026 23:17:58.633] [Server thread/INFO] [KubeJS Server/]: Capturing errors for server scripts disabled
[03Oct2026 23:17:58.633] [Server thread/INFO] [net.minecraft.server.MinecraftServer/]: ! KubeJS errors found [2]!
[03Oct2026 23:17:58.634] [Server thread/INFO] [KubeJS Server/]: Server resource reload complete!
[03Oct2026 23:17:58.680] [Render thread/INFO] [net.minecraft.advancements.AdvancementTree/]: Loaded 142 advancements
[03Oct2026 23:17:58.682] [Render thread/INFO] [net.minecraft.client.gui.components.ChatComponent/]: [System] [CHAT] ! KubeJS errors found [2]!
[03Oct2026 23:18:00.237] [Server thread/INFO] [net.minecraft.client.server.IntegratedServer/]: Saving and pausing game...
[03Oct2026 23:18:00.263] [Server thread/INFO] [net.minecraft.server.MinecraftServer/]: Saving chunks for level 'ServerLevel[新的世界]'/minecraft:overworld
[03Oct2026 23:18:00.266] [Server thread/INFO] [net.minecraft.server.MinecraftServer/]: Saving chunks for level 'ServerLevel[新的世界]'/minecraft:the_nether
[03Oct2026 23:18:00.267] [Server thread/INFO] [net.minecraft.server.MinecraftServer/]: Saving chunks for level 'ServerLevel[新的世界]'/minecraft:the_end
[03Oct2026 23:18:00.267] [Server thread/DEBUG] [net.neoforged.neoforge.common.CommonHooks/WP]: Gathered mod list to write to world save 新的世界
[03Oct2026 23:20:54.199] [Server thread/INFO] [net.minecraft.server.MinecraftServer/]: [Dev: 重新加载中！]
[03Oct2026 23:20:54.203] [Server thread/INFO] [KubeJS Server/]: Capturing errors for server scripts enabled
[03Oct2026 23:20:54.209] [Render thread/INFO] [net.minecraft.client.gui.components.ChatComponent/]: [System] [CHAT] 重新加载中！
[03Oct2026 23:20:54.216] [Server thread/INFO] [KubeJS Server/]: Loaded script server_scripts:cooked_sausage.js in 0.001 s
[03Oct2026 23:20:54.219] [Server thread/INFO] [KubeJS Server/]: Loaded script server_scripts:grilled_squid.js in 0.001 s
[03Oct2026 23:20:54.220] [Server thread/INFO] [KubeJS Server/]: Loaded script server_scripts:ground_meat.js in 0.001 s
[03Oct2026 23:20:54.220] [Server thread/INFO] [KubeJS Server/]: Loaded script server_scripts:kaleidoscope_cookery.js in 0.0 s
[03Oct2026 23:20:54.220] [Server thread/INFO] [KubeJS Server/]: server_scripts:main.js#2: Hello, World! (Loaded server example script)
[03Oct2026 23:20:54.221] [Server thread/INFO] [KubeJS Server/]: Loaded script server_scripts:main.js in 0.0 s
[03Oct2026 23:20:54.222] [Server thread/INFO] [KubeJS Server/]: Loaded script server_scripts:pancake.js in 0.001 s
[03Oct2026 23:20:54.223] [Server thread/INFO] [KubeJS Server/]: Loaded script server_scripts:potato_chunks.js in 0.001 s
[03Oct2026 23:20:54.224] [Server thread/INFO] [KubeJS Server/]: Loaded script server_scripts:potstickers.js in 0.0 s
[03Oct2026 23:20:54.224] [Server thread/INFO] [KubeJS Server/]: Loaded script server_scripts:sausage.js in 0.0 s
[03Oct2026 23:20:54.224] [Server thread/INFO] [KubeJS Server/]: Loaded script server_scripts:sausage_casing.js in 0.0 s
[03Oct2026 23:20:54.225] [Server thread/INFO] [KubeJS Server/]: Loaded script server_scripts:spicy_crinkle_cut_fries.js in 0.001 s
[03Oct2026 23:20:54.226] [Server thread/INFO] [KubeJS Server/]: Loaded 11/11 KubeJS server scripts in 0.025 s with 0 errors and 0 warnings
[03Oct2026 23:20:54.226] [Server thread/INFO] [KubeJS/]: Loaded 14 data packs: vanilla, KubeJS Virtual Resource Pack [Before Mods, data], mod_data, mod/rhino, mod/kaleidoscope_cookery, mod/architectury, mod/neoforge, mod/kubejs, KubeJS Virtual Resource Pack [Internal, data], KubeJS Virtual Resource Pack [Registries, data], KubeJS Virtual Resource Pack [After Mods, data], KubeJS File Resource Pack [data], mod/kaleidoscope_snack, KubeJS Virtual Resource Pack [Last, data]
[03Oct2026 23:20:54.239] [Server thread/INFO] [KubeJS Server/]: Loaded script server_scripts:cooked_sausage.js in 0.0 s
[03Oct2026 23:20:54.240] [Server thread/INFO] [KubeJS Server/]: Loaded script server_scripts:grilled_squid.js in 0.0 s
[03Oct2026 23:20:54.240] [Server thread/INFO] [KubeJS Server/]: Loaded script server_scripts:ground_meat.js in 0.0 s
[03Oct2026 23:20:54.240] [Server thread/INFO] [KubeJS Server/]: Loaded script server_scripts:kaleidoscope_cookery.js in 0.0 s
[03Oct2026 23:20:54.240] [Server thread/INFO] [KubeJS Server/]: server_scripts:main.js#2: Hello, World! (Loaded server example script)
[03Oct2026 23:20:54.240] [Server thread/INFO] [KubeJS Server/]: Loaded script server_scripts:main.js in 0.0 s
[03Oct2026 23:20:54.242] [Server thread/INFO] [KubeJS Server/]: Loaded script server_scripts:pancake.js in 0.002 s
[03Oct2026 23:20:54.242] [Server thread/INFO] [KubeJS Server/]: Loaded script server_scripts:potato_chunks.js in 0.0 s
[03Oct2026 23:20:54.243] [Server thread/INFO] [KubeJS Server/]: Loaded script server_scripts:potstickers.js in 0.0 s
[03Oct2026 23:20:54.244] [Server thread/INFO] [KubeJS Server/]: Loaded script server_scripts:sausage.js in 0.001 s
[03Oct2026 23:20:54.244] [Server thread/INFO] [KubeJS Server/]: Loaded script server_scripts:sausage_casing.js in 0.0 s
[03Oct2026 23:20:54.245] [Server thread/INFO] [KubeJS Server/]: Loaded script server_scripts:spicy_crinkle_cut_fries.js in 0.001 s
[03Oct2026 23:20:54.245] [Server thread/INFO] [KubeJS Server/]: Loaded 11/11 KubeJS server scripts in 0.015 s with 0 errors and 0 warnings
[03Oct2026 23:20:54.659] [Server thread/INFO] [KubeJS Server/]: Processing recipes...
[03Oct2026 23:20:54.660] [Server thread/INFO] [KubeJS Server/]: Initializing recipe event...
[03Oct2026 23:20:54.715] [Server thread/INFO] [KubeJS Server/]: Found 1,902 recipes (skipped 0) in 53.71 ms
[03Oct2026 23:20:54.723] [Server thread/ERROR] [KubeJS Server/]: server_scripts:spicy_crinkle_cut_fries.js#2: Failed to create a 'kaleidoscope_cookery:pot' recipe from args [kaleidoscope_snack:spicy_crinkle_cut_fries, [kaleidoscope_snack:potato_chunks, kaleidoscope_snack:potato_chunks, kaleidoscope_snack:potato_chunks, #c:crops/chilipepper, #c:crops/chilipepper], 3.0]: Unable to set 'carrier: optional_ingredient?' to '3.0' as 'optional_ingredient'! - Failed to read ingredient from 3.0: Could not parse input 3.0 for item stack
[03Oct2026 23:20:54.725] [Server thread/INFO] [KubeJS Server/]: Posted recipe events in 9 ms
[03Oct2026 23:20:54.731] [Server thread/INFO] [KubeJS Server/]: KubeJS modifications to recipe manager finished in 4.100 ms
[03Oct2026 23:20:54.768] [Server thread/INFO] [net.minecraft.world.item.crafting.RecipeManager/]: Loaded 1914 recipes
[03Oct2026 23:20:54.769] [Server thread/INFO] [KubeJS Server/]: Added 12 recipes, removed 0 recipes, modified 0 recipes, with 1 failed recipes taking 108 ms in total
[03Oct2026 23:20:54.841] [Server thread/INFO] [net.minecraft.advancements.AdvancementTree/]: Loaded 1572 advancements
[03Oct2026 23:20:54.844] [Server thread/INFO] [com.github.ysbbbbbb.kaleidoscopecookery.KaleidoscopeCookery/]: Successfully loaded millstone bindable data
[03Oct2026 23:20:54.844] [Server thread/INFO] [KubeJS/]: Closed KubeJS Virtual Resource Pack [Before Mods, data]
[03Oct2026 23:20:54.844] [Server thread/INFO] [KubeJS/]: Closed KubeJS Virtual Resource Pack [Internal, data]
[03Oct2026 23:20:54.844] [Server thread/INFO] [KubeJS/]: Closed KubeJS Virtual Resource Pack [Registries, data]
[03Oct2026 23:20:54.845] [Server thread/INFO] [KubeJS/]: Closed KubeJS Virtual Resource Pack [After Mods, data]
[03Oct2026 23:20:54.845] [Server thread/INFO] [KubeJS/]: Closed KubeJS Virtual Resource Pack [Last, data]
[03Oct2026 23:20:55.464] [Server thread/INFO] [KubeJS Server/]: Capturing errors for server scripts disabled
[03Oct2026 23:20:55.465] [Server thread/INFO] [net.minecraft.server.MinecraftServer/]: ! KubeJS errors found [1]!
[03Oct2026 23:20:55.465] [Server thread/INFO] [KubeJS Server/]: Server resource reload complete!
[03Oct2026 23:20:55.513] [Render thread/INFO] [net.minecraft.advancements.AdvancementTree/]: Loaded 142 advancements
[03Oct2026 23:20:55.513] [Render thread/INFO] [net.minecraft.client.gui.components.ChatComponent/]: [System] [CHAT] ! KubeJS errors found [1]!
[03Oct2026 23:21:50.682] [Server thread/DEBUG] [net.neoforged.neoforge.common.CommonHooks/WP]: Gathered mod list to write to world save 新的世界
[03Oct2026 23:22:32.883] [Server thread/INFO] [net.minecraft.server.MinecraftServer/]: [Dev: 重新加载中！]
[03Oct2026 23:22:32.885] [Server thread/INFO] [KubeJS Server/]: Capturing errors for server scripts enabled
[03Oct2026 23:22:32.890] [Render thread/INFO] [net.minecraft.client.gui.components.ChatComponent/]: [System] [CHAT] 重新加载中！
[03Oct2026 23:22:32.896] [Server thread/INFO] [KubeJS Server/]: Loaded script server_scripts:cooked_sausage.js in 0.001 s
[03Oct2026 23:22:32.897] [Server thread/INFO] [KubeJS Server/]: Loaded script server_scripts:grilled_squid.js in 0.001 s
[03Oct2026 23:22:32.897] [Server thread/INFO] [KubeJS Server/]: Loaded script server_scripts:ground_meat.js in 0.0 s
[03Oct2026 23:22:32.897] [Server thread/INFO] [KubeJS Server/]: Loaded script server_scripts:kaleidoscope_cookery.js in 0.0 s
[03Oct2026 23:22:32.897] [Server thread/INFO] [KubeJS Server/]: server_scripts:main.js#2: Hello, World! (Loaded server example script)
[03Oct2026 23:22:32.898] [Server thread/INFO] [KubeJS Server/]: Loaded script server_scripts:main.js in 0.001 s
[03Oct2026 23:22:32.899] [Server thread/INFO] [KubeJS Server/]: Loaded script server_scripts:pancake.js in 0.0 s
[03Oct2026 23:22:32.899] [Server thread/INFO] [KubeJS Server/]: Loaded script server_scripts:potato_chunks.js in 0.0 s
[03Oct2026 23:22:32.899] [Server thread/INFO] [KubeJS Server/]: Loaded script server_scripts:potstickers.js in 0.0 s
[03Oct2026 23:22:32.899] [Server thread/INFO] [KubeJS Server/]: Loaded script server_scripts:sausage.js in 0.0 s
[03Oct2026 23:22:32.900] [Server thread/INFO] [KubeJS Server/]: Loaded script server_scripts:sausage_casing.js in 0.001 s
[03Oct2026 23:22:32.900] [Server thread/INFO] [KubeJS Server/]: Loaded script server_scripts:spicy_crinkle_cut_fries.js in 0.0 s
[03Oct2026 23:22:32.901] [Server thread/INFO] [KubeJS Server/]: Loaded 11/11 KubeJS server scripts in 0.017 s with 0 errors and 0 warnings
[03Oct2026 23:22:32.901] [Server thread/INFO] [KubeJS/]: Loaded 14 data packs: vanilla, KubeJS Virtual Resource Pack [Before Mods, data], mod_data, mod/rhino, mod/kaleidoscope_cookery, mod/architectury, mod/neoforge, mod/kubejs, KubeJS Virtual Resource Pack [Internal, data], KubeJS Virtual Resource Pack [Registries, data], KubeJS Virtual Resource Pack [After Mods, data], KubeJS File Resource Pack [data], mod/kaleidoscope_snack, KubeJS Virtual Resource Pack [Last, data]
[03Oct2026 23:22:32.910] [Server thread/INFO] [KubeJS Server/]: Loaded script server_scripts:cooked_sausage.js in 0.001 s
[03Oct2026 23:22:32.911] [Server thread/INFO] [KubeJS Server/]: Loaded script server_scripts:grilled_squid.js in 0.001 s
[03Oct2026 23:22:32.911] [Server thread/INFO] [KubeJS Server/]: Loaded script server_scripts:ground_meat.js in 0.0 s
[03Oct2026 23:22:32.911] [Server thread/INFO] [KubeJS Server/]: Loaded script server_scripts:kaleidoscope_cookery.js in 0.0 s
[03Oct2026 23:22:32.911] [Server thread/INFO] [KubeJS Server/]: server_scripts:main.js#2: Hello, World! (Loaded server example script)
[03Oct2026 23:22:32.911] [Server thread/INFO] [KubeJS Server/]: Loaded script server_scripts:main.js in 0.0 s
[03Oct2026 23:22:32.912] [Server thread/INFO] [KubeJS Server/]: Loaded script server_scripts:pancake.js in 0.001 s
[03Oct2026 23:22:32.912] [Server thread/INFO] [KubeJS Server/]: Loaded script server_scripts:potato_chunks.js in 0.0 s
[03Oct2026 23:22:32.912] [Server thread/INFO] [KubeJS Server/]: Loaded script server_scripts:potstickers.js in 0.0 s
[03Oct2026 23:22:32.913] [Server thread/INFO] [KubeJS Server/]: Loaded script server_scripts:sausage.js in 0.001 s
[03Oct2026 23:22:32.913] [Server thread/INFO] [KubeJS Server/]: Loaded script server_scripts:sausage_casing.js in 0.0 s
[03Oct2026 23:22:32.913] [Server thread/INFO] [KubeJS Server/]: Loaded script server_scripts:spicy_crinkle_cut_fries.js in 0.0 s
[03Oct2026 23:22:32.914] [Server thread/INFO] [KubeJS Server/]: Loaded 11/11 KubeJS server scripts in 0.011 s with 0 errors and 0 warnings
[03Oct2026 23:22:33.278] [Server thread/INFO] [KubeJS Server/]: Processing recipes...
[03Oct2026 23:22:33.279] [Server thread/INFO] [KubeJS Server/]: Initializing recipe event...
[03Oct2026 23:22:33.325] [Server thread/INFO] [KubeJS Server/]: Found 1,902 recipes (skipped 0) in 45.86 ms
[03Oct2026 23:22:33.330] [Server thread/ERROR] [KubeJS Server/]: server_scripts:spicy_crinkle_cut_fries.js#2: Failed to create a 'kaleidoscope_cookery:pot' recipe from args [kaleidoscope_snack:spicy_crinkle_cut_fries, [kaleidoscope_snack:potato_chunks, kaleidoscope_snack:potato_chunks, kaleidoscope_snack:potato_chunks, #c:crops/chilipepper, #c:crops/chilipepper], 3.0]: Unable to set 'carrier: optional_ingredient?' to '3.0' as 'optional_ingredient'! - Failed to read ingredient from 3.0: Could not parse input 3.0 for item stack
[03Oct2026 23:22:33.332] [Server thread/INFO] [KubeJS Server/]: Posted recipe events in 7 ms
[03Oct2026 23:22:33.335] [Server thread/INFO] [KubeJS Server/]: KubeJS modifications to recipe manager finished in 2.020 ms
[03Oct2026 23:22:33.367] [Server thread/INFO] [net.minecraft.world.item.crafting.RecipeManager/]: Loaded 1914 recipes
[03Oct2026 23:22:33.368] [Server thread/INFO] [KubeJS Server/]: Added 12 recipes, removed 0 recipes, modified 0 recipes, with 1 failed recipes taking 89 ms in total
[03Oct2026 23:22:33.426] [Server thread/INFO] [net.minecraft.advancements.AdvancementTree/]: Loaded 1572 advancements
[03Oct2026 23:22:33.428] [Server thread/INFO] [com.github.ysbbbbbb.kaleidoscopecookery.KaleidoscopeCookery/]: Successfully loaded millstone bindable data
[03Oct2026 23:22:33.428] [Server thread/INFO] [KubeJS/]: Closed KubeJS Virtual Resource Pack [Before Mods, data]
[03Oct2026 23:22:33.428] [Server thread/INFO] [KubeJS/]: Closed KubeJS Virtual Resource Pack [Internal, data]
[03Oct2026 23:22:33.428] [Server thread/INFO] [KubeJS/]: Closed KubeJS Virtual Resource Pack [Registries, data]
[03Oct2026 23:22:33.428] [Server thread/INFO] [KubeJS/]: Closed KubeJS Virtual Resource Pack [After Mods, data]
[03Oct2026 23:22:33.429] [Server thread/INFO] [KubeJS/]: Closed KubeJS Virtual Resource Pack [Last, data]
[03Oct2026 23:22:34.083] [Server thread/INFO] [KubeJS Server/]: Capturing errors for server scripts disabled
[03Oct2026 23:22:34.084] [Server thread/INFO] [net.minecraft.server.MinecraftServer/]: ! KubeJS errors found [1]!
[03Oct2026 23:22:34.085] [Server thread/INFO] [KubeJS Server/]: Server resource reload complete!
[03Oct2026 23:22:34.137] [Render thread/INFO] [net.minecraft.advancements.AdvancementTree/]: Loaded 142 advancements
[03Oct2026 23:22:34.138] [Render thread/INFO] [net.minecraft.client.gui.components.ChatComponent/]: [System] [CHAT] ! KubeJS errors found [1]!
[03Oct2026 23:22:59.969] [Server thread/INFO] [net.minecraft.server.MinecraftServer/]: [Dev: 重新加载中！]
[03Oct2026 23:22:59.971] [Server thread/INFO] [KubeJS Server/]: Capturing errors for server scripts enabled
[03Oct2026 23:22:59.974] [Render thread/INFO] [net.minecraft.client.gui.components.ChatComponent/]: [System] [CHAT] 重新加载中！
[03Oct2026 23:22:59.984] [Server thread/INFO] [KubeJS Server/]: Loaded script server_scripts:cooked_sausage.js in 0.001 s
[03Oct2026 23:22:59.985] [Server thread/INFO] [KubeJS Server/]: Loaded script server_scripts:grilled_squid.js in 0.001 s
[03Oct2026 23:22:59.986] [Server thread/INFO] [KubeJS Server/]: Loaded script server_scripts:ground_meat.js in 0.0 s
[03Oct2026 23:22:59.986] [Server thread/INFO] [KubeJS Server/]: Loaded script server_scripts:kaleidoscope_cookery.js in 0.0 s
[03Oct2026 23:22:59.986] [Server thread/INFO] [KubeJS Server/]: server_scripts:main.js#2: Hello, World! (Loaded server example script)
[03Oct2026 23:22:59.987] [Server thread/INFO] [KubeJS Server/]: Loaded script server_scripts:main.js in 0.001 s
[03Oct2026 23:22:59.987] [Server thread/INFO] [KubeJS Server/]: Loaded script server_scripts:pancake.js in 0.0 s
[03Oct2026 23:22:59.987] [Server thread/INFO] [KubeJS Server/]: Loaded script server_scripts:potato_chunks.js in 0.0 s
[03Oct2026 23:22:59.988] [Server thread/INFO] [KubeJS Server/]: Loaded script server_scripts:potstickers.js in 0.0 s
[03Oct2026 23:22:59.988] [Server thread/INFO] [KubeJS Server/]: Loaded script server_scripts:sausage.js in 0.0 s
[03Oct2026 23:22:59.988] [Server thread/INFO] [KubeJS Server/]: Loaded script server_scripts:sausage_casing.js in 0.0 s
[03Oct2026 23:22:59.988] [Server thread/INFO] [KubeJS Server/]: Loaded script server_scripts:spicy_crinkle_cut_fries.js in 0.0 s
[03Oct2026 23:22:59.990] [Server thread/INFO] [KubeJS Server/]: Loaded 11/11 KubeJS server scripts in 0.02 s with 0 errors and 0 warnings
[03Oct2026 23:22:59.990] [Server thread/INFO] [KubeJS/]: Loaded 14 data packs: vanilla, KubeJS Virtual Resource Pack [Before Mods, data], mod_data, mod/rhino, mod/kaleidoscope_cookery, mod/architectury, mod/neoforge, mod/kubejs, KubeJS Virtual Resource Pack [Internal, data], KubeJS Virtual Resource Pack [Registries, data], KubeJS Virtual Resource Pack [After Mods, data], KubeJS File Resource Pack [data], mod/kaleidoscope_snack, KubeJS Virtual Resource Pack [Last, data]
[03Oct2026 23:23:00.001] [Server thread/INFO] [KubeJS Server/]: Loaded script server_scripts:cooked_sausage.js in 0.0 s
[03Oct2026 23:23:00.001] [Server thread/INFO] [KubeJS Server/]: Loaded script server_scripts:grilled_squid.js in 0.0 s
[03Oct2026 23:23:00.001] [Server thread/INFO] [KubeJS Server/]: Loaded script server_scripts:ground_meat.js in 0.0 s
[03Oct2026 23:23:00.002] [Server thread/INFO] [KubeJS Server/]: Loaded script server_scripts:kaleidoscope_cookery.js in 0.0 s
[03Oct2026 23:23:00.002] [Server thread/INFO] [KubeJS Server/]: server_scripts:main.js#2: Hello, World! (Loaded server example script)
[03Oct2026 23:23:00.003] [Server thread/INFO] [KubeJS Server/]: Loaded script server_scripts:main.js in 0.0 s
[03Oct2026 23:23:00.003] [Server thread/INFO] [KubeJS Server/]: Loaded script server_scripts:pancake.js in 0.0 s
[03Oct2026 23:23:00.003] [Server thread/INFO] [KubeJS Server/]: Loaded script server_scripts:potato_chunks.js in 0.0 s
[03Oct2026 23:23:00.003] [Server thread/INFO] [KubeJS Server/]: Loaded script server_scripts:potstickers.js in 0.0 s
[03Oct2026 23:23:00.003] [Server thread/INFO] [KubeJS Server/]: Loaded script server_scripts:sausage.js in 0.0 s
[03Oct2026 23:23:00.003] [Server thread/INFO] [KubeJS Server/]: Loaded script server_scripts:sausage_casing.js in 0.0 s
[03Oct2026 23:23:00.004] [Server thread/INFO] [KubeJS Server/]: Loaded script server_scripts:spicy_crinkle_cut_fries.js in 0.0 s
[03Oct2026 23:23:00.004] [Server thread/INFO] [KubeJS Server/]: Loaded 11/11 KubeJS server scripts in 0.012 s with 0 errors and 0 warnings
[03Oct2026 23:23:00.395] [Server thread/INFO] [KubeJS Server/]: Processing recipes...
[03Oct2026 23:23:00.396] [Server thread/INFO] [KubeJS Server/]: Initializing recipe event...
[03Oct2026 23:23:00.459] [Server thread/INFO] [KubeJS Server/]: Found 1,902 recipes (skipped 0) in 62.54 ms
[03Oct2026 23:23:00.467] [Server thread/ERROR] [KubeJS Server/]: server_scripts:spicy_crinkle_cut_fries.js#2: Failed to create a 'kaleidoscope_cookery:pot' recipe from args [kaleidoscope_snack:spicy_crinkle_cut_fries, [kaleidoscope_snack:potato_chunks, kaleidoscope_snack:potato_chunks, kaleidoscope_snack:potato_chunks, #c:crops/chilipepper, #c:crops/chilipepper], 3.0]: Unable to set 'carrier: optional_ingredient?' to '3.0' as 'optional_ingredient'! - Failed to read ingredient from 3.0: Could not parse input 3.0 for item stack
[03Oct2026 23:23:00.471] [Server thread/INFO] [KubeJS Server/]: Posted recipe events in 9 ms
[03Oct2026 23:23:00.473] [Server thread/INFO] [KubeJS Server/]: KubeJS modifications to recipe manager finished in 2.614 ms
[03Oct2026 23:23:00.512] [Server thread/INFO] [net.minecraft.world.item.crafting.RecipeManager/]: Loaded 1915 recipes
[03Oct2026 23:23:00.512] [Server thread/INFO] [KubeJS Server/]: Added 13 recipes, removed 0 recipes, modified 0 recipes, with 1 failed recipes taking 116 ms in total
[03Oct2026 23:23:00.610] [Server thread/INFO] [net.minecraft.advancements.AdvancementTree/]: Loaded 1572 advancements
[03Oct2026 23:23:00.614] [Server thread/INFO] [com.github.ysbbbbbb.kaleidoscopecookery.KaleidoscopeCookery/]: Successfully loaded millstone bindable data
[03Oct2026 23:23:00.614] [Server thread/INFO] [KubeJS/]: Closed KubeJS Virtual Resource Pack [Before Mods, data]
[03Oct2026 23:23:00.614] [Server thread/INFO] [KubeJS/]: Closed KubeJS Virtual Resource Pack [Internal, data]
[03Oct2026 23:23:00.614] [Server thread/INFO] [KubeJS/]: Closed KubeJS Virtual Resource Pack [Registries, data]
[03Oct2026 23:23:00.614] [Server thread/INFO] [KubeJS/]: Closed KubeJS Virtual Resource Pack [After Mods, data]
[03Oct2026 23:23:00.614] [Server thread/INFO] [KubeJS/]: Closed KubeJS Virtual Resource Pack [Last, data]
[03Oct2026 23:23:01.235] [Server thread/INFO] [KubeJS Server/]: Capturing errors for server scripts disabled
[03Oct2026 23:23:01.236] [Server thread/INFO] [net.minecraft.server.MinecraftServer/]: ! KubeJS errors found [1]!
[03Oct2026 23:23:01.236] [Server thread/INFO] [KubeJS Server/]: Server resource reload complete!
[03Oct2026 23:23:01.287] [Render thread/INFO] [net.minecraft.advancements.AdvancementTree/]: Loaded 142 advancements
[03Oct2026 23:23:01.290] [Render thread/INFO] [net.minecraft.client.gui.components.ChatComponent/]: [System] [CHAT] ! KubeJS errors found [1]!
[03Oct2026 23:23:02.736] [Server thread/INFO] [net.minecraft.client.server.IntegratedServer/]: Saving and pausing game...
[03Oct2026 23:23:02.759] [Server thread/INFO] [net.minecraft.server.MinecraftServer/]: Saving chunks for level 'ServerLevel[新的世界]'/minecraft:overworld
[03Oct2026 23:23:02.760] [Server thread/INFO] [net.minecraft.server.MinecraftServer/]: Saving chunks for level 'ServerLevel[新的世界]'/minecraft:the_nether
[03Oct2026 23:23:02.760] [Server thread/INFO] [net.minecraft.server.MinecraftServer/]: Saving chunks for level 'ServerLevel[新的世界]'/minecraft:the_end
[03Oct2026 23:23:02.762] [Server thread/DEBUG] [net.neoforged.neoforge.common.CommonHooks/WP]: Gathered mod list to write to world save 新的世界
[03Oct2026 23:23:28.536] [Server thread/INFO] [net.minecraft.client.server.IntegratedServer/]: Saving and pausing game...
[03Oct2026 23:23:28.559] [Server thread/INFO] [net.minecraft.server.MinecraftServer/]: Saving chunks for level 'ServerLevel[新的世界]'/minecraft:overworld
[03Oct2026 23:23:28.561] [Server thread/INFO] [net.minecraft.server.MinecraftServer/]: Saving chunks for level 'ServerLevel[新的世界]'/minecraft:the_nether
[03Oct2026 23:23:28.561] [Server thread/INFO] [net.minecraft.server.MinecraftServer/]: Saving chunks for level 'ServerLevel[新的世界]'/minecraft:the_end
[03Oct2026 23:23:28.561] [Server thread/DEBUG] [net.neoforged.neoforge.common.CommonHooks/WP]: Gathered mod list to write to world save 新的世界
[03Oct2026 23:23:35.513] [Server thread/INFO] [net.minecraft.server.MinecraftServer/]: [Dev: 重新加载中！]
[03Oct2026 23:23:35.514] [Server thread/INFO] [KubeJS Server/]: Capturing errors for server scripts enabled
[03Oct2026 23:23:35.514] [Render thread/INFO] [net.minecraft.client.gui.components.ChatComponent/]: [System] [CHAT] 重新加载中！
[03Oct2026 23:23:35.525] [Server thread/INFO] [KubeJS Server/]: Loaded script server_scripts:cooked_sausage.js in 0.001 s
[03Oct2026 23:23:35.526] [Server thread/INFO] [KubeJS Server/]: Loaded script server_scripts:grilled_squid.js in 0.001 s
[03Oct2026 23:23:35.526] [Server thread/INFO] [KubeJS Server/]: Loaded script server_scripts:ground_meat.js in 0.0 s
[03Oct2026 23:23:35.526] [Server thread/INFO] [KubeJS Server/]: Loaded script server_scripts:kaleidoscope_cookery.js in 0.0 s
[03Oct2026 23:23:35.526] [Server thread/INFO] [KubeJS Server/]: server_scripts:main.js#2: Hello, World! (Loaded server example script)
[03Oct2026 23:23:35.527] [Server thread/INFO] [KubeJS Server/]: Loaded script server_scripts:main.js in 0.001 s
[03Oct2026 23:23:35.527] [Server thread/INFO] [KubeJS Server/]: Loaded script server_scripts:pancake.js in 0.0 s
[03Oct2026 23:23:35.528] [Server thread/INFO] [KubeJS Server/]: Loaded script server_scripts:potato_chunks.js in 0.0 s
[03Oct2026 23:23:35.528] [Server thread/INFO] [KubeJS Server/]: Loaded script server_scripts:potstickers.js in 0.0 s
[03Oct2026 23:23:35.528] [Server thread/INFO] [KubeJS Server/]: Loaded script server_scripts:sausage.js in 0.0 s
[03Oct2026 23:23:35.528] [Server thread/INFO] [KubeJS Server/]: Loaded script server_scripts:sausage_casing.js in 0.0 s
[03Oct2026 23:23:35.528] [Server thread/INFO] [KubeJS Server/]: Loaded script server_scripts:spicy_crinkle_cut_fries.js in 0.0 s
[03Oct2026 23:23:35.529] [Server thread/INFO] [KubeJS Server/]: Loaded 11/11 KubeJS server scripts in 0.016 s with 0 errors and 0 warnings
[03Oct2026 23:23:35.529] [Server thread/INFO] [KubeJS/]: Loaded 14 data packs: vanilla, KubeJS Virtual Resource Pack [Before Mods, data], mod_data, mod/rhino, mod/kaleidoscope_cookery, mod/architectury, mod/neoforge, mod/kubejs, KubeJS Virtual Resource Pack [Internal, data], KubeJS Virtual Resource Pack [Registries, data], KubeJS Virtual Resource Pack [After Mods, data], KubeJS File Resource Pack [data], mod/kaleidoscope_snack, KubeJS Virtual Resource Pack [Last, data]
[03Oct2026 23:23:35.539] [Server thread/INFO] [KubeJS Server/]: Loaded script server_scripts:cooked_sausage.js in 0.0 s
[03Oct2026 23:23:35.539] [Server thread/INFO] [KubeJS Server/]: Loaded script server_scripts:grilled_squid.js in 0.0 s
[03Oct2026 23:23:35.539] [Server thread/INFO] [KubeJS Server/]: Loaded script server_scripts:ground_meat.js in 0.0 s
[03Oct2026 23:23:35.540] [Server thread/INFO] [KubeJS Server/]: Loaded script server_scripts:kaleidoscope_cookery.js in 0.0 s
[03Oct2026 23:23:35.540] [Server thread/INFO] [KubeJS Server/]: server_scripts:main.js#2: Hello, World! (Loaded server example script)
[03Oct2026 23:23:35.540] [Server thread/INFO] [KubeJS Server/]: Loaded script server_scripts:main.js in 0.0 s
[03Oct2026 23:23:35.541] [Server thread/INFO] [KubeJS Server/]: Loaded script server_scripts:pancake.js in 0.001 s
[03Oct2026 23:23:35.541] [Server thread/INFO] [KubeJS Server/]: Loaded script server_scripts:potato_chunks.js in 0.0 s
[03Oct2026 23:23:35.541] [Server thread/INFO] [KubeJS Server/]: Loaded script server_scripts:potstickers.js in 0.0 s
[03Oct2026 23:23:35.542] [Server thread/INFO] [KubeJS Server/]: Loaded script server_scripts:sausage.js in 0.001 s
[03Oct2026 23:23:35.543] [Server thread/INFO] [KubeJS Server/]: Loaded script server_scripts:sausage_casing.js in 0.001 s
[03Oct2026 23:23:35.543] [Server thread/INFO] [KubeJS Server/]: Loaded script server_scripts:spicy_crinkle_cut_fries.js in 0.0 s
[03Oct2026 23:23:35.544] [Server thread/INFO] [KubeJS Server/]: Loaded 11/11 KubeJS server scripts in 0.012 s with 0 errors and 0 warnings
[03Oct2026 23:23:35.941] [Server thread/INFO] [KubeJS Server/]: Processing recipes...
[03Oct2026 23:23:35.942] [Server thread/INFO] [KubeJS Server/]: Initializing recipe event...
[03Oct2026 23:23:36.001] [Server thread/INFO] [KubeJS Server/]: Found 1,902 recipes (skipped 0) in 57.44 ms
[03Oct2026 23:23:36.007] [Server thread/ERROR] [KubeJS Server/]: server_scripts:spicy_crinkle_cut_fries.js#2: Failed to create a 'kaleidoscope_cookery:pot' recipe from args [kaleidoscope_snack:spicy_crinkle_cut_fries, [kaleidoscope_snack:potato_chunks, kaleidoscope_snack:potato_chunks, kaleidoscope_snack:potato_chunks, #c:crops/chilipepper, #c:crops/chilipepper], 3.0]: Unable to set 'carrier: optional_ingredient?' to '3.0' as 'optional_ingredient'! - Failed to read ingredient from 3.0: Could not parse input 3.0 for item stack
[03Oct2026 23:23:36.011] [Server thread/INFO] [KubeJS Server/]: Posted recipe events in 9 ms
[03Oct2026 23:23:36.014] [Server thread/INFO] [KubeJS Server/]: KubeJS modifications to recipe manager finished in 2.609 ms
[03Oct2026 23:23:36.045] [Server thread/INFO] [net.minecraft.world.item.crafting.RecipeManager/]: Loaded 1914 recipes
[03Oct2026 23:23:36.046] [Server thread/INFO] [KubeJS Server/]: Added 12 recipes, removed 0 recipes, modified 0 recipes, with 1 failed recipes taking 103 ms in total
[03Oct2026 23:23:36.128] [Server thread/INFO] [net.minecraft.advancements.AdvancementTree/]: Loaded 1572 advancements
[03Oct2026 23:23:36.130] [Server thread/INFO] [com.github.ysbbbbbb.kaleidoscopecookery.KaleidoscopeCookery/]: Successfully loaded millstone bindable data
[03Oct2026 23:23:36.130] [Server thread/INFO] [KubeJS/]: Closed KubeJS Virtual Resource Pack [Before Mods, data]
[03Oct2026 23:23:36.130] [Server thread/INFO] [KubeJS/]: Closed KubeJS Virtual Resource Pack [Internal, data]
[03Oct2026 23:23:36.130] [Server thread/INFO] [KubeJS/]: Closed KubeJS Virtual Resource Pack [Registries, data]
[03Oct2026 23:23:36.131] [Server thread/INFO] [KubeJS/]: Closed KubeJS Virtual Resource Pack [After Mods, data]
[03Oct2026 23:23:36.131] [Server thread/INFO] [KubeJS/]: Closed KubeJS Virtual Resource Pack [Last, data]
[03Oct2026 23:23:36.746] [Server thread/INFO] [KubeJS Server/]: Capturing errors for server scripts disabled
[03Oct2026 23:23:36.747] [Server thread/INFO] [net.minecraft.server.MinecraftServer/]: ! KubeJS errors found [1]!
[03Oct2026 23:23:36.747] [Server thread/INFO] [KubeJS Server/]: Server resource reload complete!
[03Oct2026 23:23:36.789] [Render thread/INFO] [net.minecraft.advancements.AdvancementTree/]: Loaded 142 advancements
[03Oct2026 23:23:36.790] [Render thread/INFO] [net.minecraft.client.gui.components.ChatComponent/]: [System] [CHAT] ! KubeJS errors found [1]!
[03Oct2026 23:23:38.386] [Server thread/INFO] [net.minecraft.client.server.IntegratedServer/]: Saving and pausing game...
[03Oct2026 23:23:38.410] [Server thread/INFO] [net.minecraft.server.MinecraftServer/]: Saving chunks for level 'ServerLevel[新的世界]'/minecraft:overworld
[03Oct2026 23:23:38.412] [Server thread/INFO] [net.minecraft.server.MinecraftServer/]: Saving chunks for level 'ServerLevel[新的世界]'/minecraft:the_nether
[03Oct2026 23:23:38.412] [Server thread/INFO] [net.minecraft.server.MinecraftServer/]: Saving chunks for level 'ServerLevel[新的世界]'/minecraft:the_end
[03Oct2026 23:23:38.413] [Server thread/DEBUG] [net.neoforged.neoforge.common.CommonHooks/WP]: Gathered mod list to write to world save 新的世界
[03Oct2026 23:24:47.437] [Server thread/INFO] [net.minecraft.client.server.IntegratedServer/]: Saving and pausing game...
[03Oct2026 23:24:47.487] [Server thread/INFO] [net.minecraft.server.MinecraftServer/]: Saving chunks for level 'ServerLevel[新的世界]'/minecraft:overworld
[03Oct2026 23:24:47.491] [Server thread/INFO] [net.minecraft.server.MinecraftServer/]: Saving chunks for level 'ServerLevel[新的世界]'/minecraft:the_nether
[03Oct2026 23:24:47.491] [Server thread/INFO] [net.minecraft.server.MinecraftServer/]: Saving chunks for level 'ServerLevel[新的世界]'/minecraft:the_end
[03Oct2026 23:24:47.492] [Server thread/DEBUG] [net.neoforged.neoforge.common.CommonHooks/WP]: Gathered mod list to write to world save 新的世界
[03Oct2026 23:24:58.340] [Server thread/INFO] [net.minecraft.server.MinecraftServer/]: [Dev: 重新加载中！]
[03Oct2026 23:24:58.342] [Server thread/INFO] [KubeJS Server/]: Capturing errors for server scripts enabled
[03Oct2026 23:24:58.347] [Render thread/INFO] [net.minecraft.client.gui.components.ChatComponent/]: [System] [CHAT] 重新加载中！
[03Oct2026 23:24:58.353] [Server thread/INFO] [KubeJS Server/]: Loaded script server_scripts:cooked_sausage.js in 0.0 s
[03Oct2026 23:24:58.353] [Server thread/INFO] [KubeJS Server/]: Loaded script server_scripts:grilled_squid.js in 0.0 s
[03Oct2026 23:24:58.355] [Server thread/INFO] [KubeJS Server/]: Loaded script server_scripts:ground_meat.js in 0.001 s
[03Oct2026 23:24:58.355] [Server thread/INFO] [KubeJS Server/]: Loaded script server_scripts:kaleidoscope_cookery.js in 0.0 s
[03Oct2026 23:24:58.355] [Server thread/INFO] [KubeJS Server/]: server_scripts:main.js#2: Hello, World! (Loaded server example script)
[03Oct2026 23:24:58.355] [Server thread/INFO] [KubeJS Server/]: Loaded script server_scripts:main.js in 0.0 s
[03Oct2026 23:24:58.356] [Server thread/INFO] [KubeJS Server/]: Loaded script server_scripts:pancake.js in 0.001 s
[03Oct2026 23:24:58.356] [Server thread/INFO] [KubeJS Server/]: Loaded script server_scripts:potato_chunks.js in 0.0 s
[03Oct2026 23:24:58.357] [Server thread/INFO] [KubeJS Server/]: Loaded script server_scripts:potstickers.js in 0.001 s
[03Oct2026 23:24:58.357] [Server thread/INFO] [KubeJS Server/]: Loaded script server_scripts:sausage.js in 0.0 s
[03Oct2026 23:24:58.357] [Server thread/INFO] [KubeJS Server/]: Loaded script server_scripts:sausage_casing.js in 0.0 s
[03Oct2026 23:24:58.357] [Server thread/INFO] [KubeJS Server/]: Loaded script server_scripts:spicy_crinkle_cut_fries.js in 0.0 s
[03Oct2026 23:24:58.358] [Server thread/INFO] [KubeJS Server/]: Loaded 11/11 KubeJS server scripts in 0.017 s with 0 errors and 0 warnings
[03Oct2026 23:24:58.358] [Server thread/INFO] [KubeJS/]: Loaded 14 data packs: vanilla, KubeJS Virtual Resource Pack [Before Mods, data], mod_data, mod/rhino, mod/kaleidoscope_cookery, mod/architectury, mod/neoforge, mod/kubejs, KubeJS Virtual Resource Pack [Internal, data], KubeJS Virtual Resource Pack [Registries, data], KubeJS Virtual Resource Pack [After Mods, data], KubeJS File Resource Pack [data], mod/kaleidoscope_snack, KubeJS Virtual Resource Pack [Last, data]
[03Oct2026 23:24:58.369] [Server thread/INFO] [KubeJS Server/]: Loaded script server_scripts:cooked_sausage.js in 0.0 s
[03Oct2026 23:24:58.369] [Server thread/INFO] [KubeJS Server/]: Loaded script server_scripts:grilled_squid.js in 0.0 s
[03Oct2026 23:24:58.370] [Server thread/INFO] [KubeJS Server/]: Loaded script server_scripts:ground_meat.js in 0.0 s
[03Oct2026 23:24:58.370] [Server thread/INFO] [KubeJS Server/]: Loaded script server_scripts:kaleidoscope_cookery.js in 0.0 s
[03Oct2026 23:24:58.370] [Server thread/INFO] [KubeJS Server/]: server_scripts:main.js#2: Hello, World! (Loaded server example script)
[03Oct2026 23:24:58.370] [Server thread/INFO] [KubeJS Server/]: Loaded script server_scripts:main.js in 0.0 s
[03Oct2026 23:24:58.371] [Server thread/INFO] [KubeJS Server/]: Loaded script server_scripts:pancake.js in 0.001 s
[03Oct2026 23:24:58.371] [Server thread/INFO] [KubeJS Server/]: Loaded script server_scripts:potato_chunks.js in 0.0 s
[03Oct2026 23:24:58.371] [Server thread/INFO] [KubeJS Server/]: Loaded script server_scripts:potstickers.js in 0.0 s
[03Oct2026 23:24:58.371] [Server thread/INFO] [KubeJS Server/]: Loaded script server_scripts:sausage.js in 0.0 s
[03Oct2026 23:24:58.371] [Server thread/INFO] [KubeJS Server/]: Loaded script server_scripts:sausage_casing.js in 0.0 s
[03Oct2026 23:24:58.372] [Server thread/INFO] [KubeJS Server/]: Loaded script server_scripts:spicy_crinkle_cut_fries.js in 0.001 s
[03Oct2026 23:24:58.373] [Server thread/INFO] [KubeJS Server/]: Loaded 11/11 KubeJS server scripts in 0.012 s with 0 errors and 0 warnings
[03Oct2026 23:24:58.730] [Server thread/INFO] [KubeJS Server/]: Processing recipes...
[03Oct2026 23:24:58.731] [Server thread/INFO] [KubeJS Server/]: Initializing recipe event...
[03Oct2026 23:24:58.781] [Server thread/INFO] [KubeJS Server/]: Found 1,902 recipes (skipped 0) in 49.99 ms
[03Oct2026 23:24:58.785] [Server thread/ERROR] [KubeJS Server/]: server_scripts:spicy_crinkle_cut_fries.js#2: Failed to create a 'kaleidoscope_cookery:pot' recipe from args [kaleidoscope_snack:spicy_crinkle_cut_fries, [kaleidoscope_snack:potato_chunks, kaleidoscope_snack:potato_chunks, kaleidoscope_snack:potato_chunks, #c:crops/chilipepper, #c:crops/chilipepper], 3.0]: Unable to set 'carrier: optional_ingredient?' to '3.0' as 'optional_ingredient'! - Failed to read ingredient from 3.0: Could not parse input 3.0 for item stack
[03Oct2026 23:24:58.789] [Server thread/INFO] [KubeJS Server/]: Posted recipe events in 6 ms
[03Oct2026 23:24:58.792] [Server thread/INFO] [KubeJS Server/]: KubeJS modifications to recipe manager finished in 2.950 ms
[03Oct2026 23:24:58.829] [Server thread/INFO] [net.minecraft.world.item.crafting.RecipeManager/]: Loaded 1914 recipes
[03Oct2026 23:24:58.829] [Server thread/INFO] [KubeJS Server/]: Added 12 recipes, removed 0 recipes, modified 0 recipes, with 1 failed recipes taking 98 ms in total
[03Oct2026 23:24:58.889] [Server thread/INFO] [net.minecraft.advancements.AdvancementTree/]: Loaded 1572 advancements
[03Oct2026 23:24:58.892] [Server thread/INFO] [com.github.ysbbbbbb.kaleidoscopecookery.KaleidoscopeCookery/]: Successfully loaded millstone bindable data
[03Oct2026 23:24:58.892] [Server thread/INFO] [KubeJS/]: Closed KubeJS Virtual Resource Pack [Before Mods, data]
[03Oct2026 23:24:58.892] [Server thread/INFO] [KubeJS/]: Closed KubeJS Virtual Resource Pack [Internal, data]
[03Oct2026 23:24:58.892] [Server thread/INFO] [KubeJS/]: Closed KubeJS Virtual Resource Pack [Registries, data]
[03Oct2026 23:24:58.892] [Server thread/INFO] [KubeJS/]: Closed KubeJS Virtual Resource Pack [After Mods, data]
[03Oct2026 23:24:58.892] [Server thread/INFO] [KubeJS/]: Closed KubeJS Virtual Resource Pack [Last, data]
[03Oct2026 23:24:59.499] [Server thread/INFO] [KubeJS Server/]: Capturing errors for server scripts disabled
[03Oct2026 23:24:59.500] [Server thread/INFO] [net.minecraft.server.MinecraftServer/]: ! KubeJS errors found [1]!
[03Oct2026 23:24:59.500] [Server thread/INFO] [KubeJS Server/]: Server resource reload complete!
[03Oct2026 23:24:59.544] [Render thread/INFO] [net.minecraft.advancements.AdvancementTree/]: Loaded 142 advancements
[03Oct2026 23:24:59.545] [Render thread/INFO] [net.minecraft.client.gui.components.ChatComponent/]: [System] [CHAT] ! KubeJS errors found [1]!
[03Oct2026 23:26:12.286] [Server thread/INFO] [net.minecraft.client.server.IntegratedServer/]: Saving and pausing game...
[03Oct2026 23:26:12.312] [Server thread/INFO] [net.minecraft.server.MinecraftServer/]: Saving chunks for level 'ServerLevel[新的世界]'/minecraft:overworld
[03Oct2026 23:26:12.314] [Server thread/INFO] [net.minecraft.server.MinecraftServer/]: Saving chunks for level 'ServerLevel[新的世界]'/minecraft:the_nether
[03Oct2026 23:26:12.315] [Server thread/INFO] [net.minecraft.server.MinecraftServer/]: Saving chunks for level 'ServerLevel[新的世界]'/minecraft:the_end
[03Oct2026 23:26:12.316] [Server thread/DEBUG] [net.neoforged.neoforge.common.CommonHooks/WP]: Gathered mod list to write to world save 新的世界
[03Oct2026 23:26:40.191] [Server thread/INFO] [net.minecraft.server.MinecraftServer/]: [Dev: 已将1个[红辣椒]给予Dev]
[03Oct2026 23:26:40.200] [Render thread/INFO] [net.minecraft.client.gui.components.ChatComponent/]: [System] [CHAT] 已将1个[红辣椒]给予Dev
[03Oct2026 23:26:42.185] [Server thread/INFO] [net.minecraft.client.server.IntegratedServer/]: Saving and pausing game...
[03Oct2026 23:26:42.208] [Server thread/INFO] [net.minecraft.server.MinecraftServer/]: Saving chunks for level 'ServerLevel[新的世界]'/minecraft:overworld
[03Oct2026 23:26:42.210] [Server thread/INFO] [net.minecraft.server.MinecraftServer/]: Saving chunks for level 'ServerLevel[新的世界]'/minecraft:the_nether
[03Oct2026 23:26:42.210] [Server thread/INFO] [net.minecraft.server.MinecraftServer/]: Saving chunks for level 'ServerLevel[新的世界]'/minecraft:the_end
[03Oct2026 23:26:42.211] [Server thread/DEBUG] [net.neoforged.neoforge.common.CommonHooks/WP]: Gathered mod list to write to world save 新的世界
[03Oct2026 23:27:42.485] [Server thread/INFO] [net.minecraft.server.MinecraftServer/]: [Dev: 重新加载中！]
[03Oct2026 23:27:42.487] [Server thread/INFO] [KubeJS Server/]: Capturing errors for server scripts enabled
[03Oct2026 23:27:42.489] [Render thread/INFO] [net.minecraft.client.gui.components.ChatComponent/]: [System] [CHAT] 重新加载中！
[03Oct2026 23:27:42.500] [Server thread/INFO] [KubeJS Server/]: Loaded script server_scripts:cooked_sausage.js in 0.001 s
[03Oct2026 23:27:42.501] [Server thread/INFO] [KubeJS Server/]: Loaded script server_scripts:grilled_squid.js in 0.001 s
[03Oct2026 23:27:42.501] [Server thread/INFO] [KubeJS Server/]: Loaded script server_scripts:ground_meat.js in 0.0 s
[03Oct2026 23:27:42.501] [Server thread/INFO] [KubeJS Server/]: Loaded script server_scripts:kaleidoscope_cookery.js in 0.0 s
[03Oct2026 23:27:42.502] [Server thread/INFO] [KubeJS Server/]: server_scripts:main.js#2: Hello, World! (Loaded server example script)
[03Oct2026 23:27:42.502] [Server thread/INFO] [KubeJS Server/]: Loaded script server_scripts:main.js in 0.001 s
[03Oct2026 23:27:42.504] [Server thread/INFO] [KubeJS Server/]: Loaded script server_scripts:pancake.js in 0.002 s
[03Oct2026 23:27:42.505] [Server thread/INFO] [KubeJS Server/]: Loaded script server_scripts:potato_chunks.js in 0.001 s
[03Oct2026 23:27:42.506] [Server thread/INFO] [KubeJS Server/]: Loaded script server_scripts:potstickers.js in 0.001 s
[03Oct2026 23:27:42.506] [Server thread/INFO] [KubeJS Server/]: Loaded script server_scripts:sausage.js in 0.0 s
[03Oct2026 23:27:42.508] [Server thread/INFO] [KubeJS Server/]: Loaded script server_scripts:sausage_casing.js in 0.0 s
[03Oct2026 23:27:42.508] [Server thread/INFO] [KubeJS Server/]: Loaded script server_scripts:spicy_crinkle_cut_fries.js in 0.0 s
[03Oct2026 23:27:42.509] [Server thread/INFO] [KubeJS Server/]: Loaded 11/11 KubeJS server scripts in 0.023 s with 0 errors and 0 warnings
[03Oct2026 23:27:42.509] [Server thread/INFO] [KubeJS/]: Loaded 14 data packs: vanilla, KubeJS Virtual Resource Pack [Before Mods, data], mod_data, mod/rhino, mod/kaleidoscope_cookery, mod/architectury, mod/neoforge, mod/kubejs, KubeJS Virtual Resource Pack [Internal, data], KubeJS Virtual Resource Pack [Registries, data], KubeJS Virtual Resource Pack [After Mods, data], KubeJS File Resource Pack [data], mod/kaleidoscope_snack, KubeJS Virtual Resource Pack [Last, data]
[03Oct2026 23:27:42.519] [Server thread/INFO] [KubeJS Server/]: Loaded script server_scripts:cooked_sausage.js in 0.0 s
[03Oct2026 23:27:42.520] [Server thread/INFO] [KubeJS Server/]: Loaded script server_scripts:grilled_squid.js in 0.001 s
[03Oct2026 23:27:42.520] [Server thread/INFO] [KubeJS Server/]: Loaded script server_scripts:ground_meat.js in 0.0 s
[03Oct2026 23:27:42.521] [Server thread/INFO] [KubeJS Server/]: Loaded script server_scripts:kaleidoscope_cookery.js in 0.0 s
[03Oct2026 23:27:42.522] [Server thread/INFO] [KubeJS Server/]: server_scripts:main.js#2: Hello, World! (Loaded server example script)
[03Oct2026 23:27:42.522] [Server thread/INFO] [KubeJS Server/]: Loaded script server_scripts:main.js in 0.0 s
[03Oct2026 23:27:42.523] [Server thread/INFO] [KubeJS Server/]: Loaded script server_scripts:pancake.js in 0.001 s
[03Oct2026 23:27:42.523] [Server thread/INFO] [KubeJS Server/]: Loaded script server_scripts:potato_chunks.js in 0.0 s
[03Oct2026 23:27:42.524] [Server thread/INFO] [KubeJS Server/]: Loaded script server_scripts:potstickers.js in 0.001 s
[03Oct2026 23:27:42.524] [Server thread/INFO] [KubeJS Server/]: Loaded script server_scripts:sausage.js in 0.0 s
[03Oct2026 23:27:42.524] [Server thread/INFO] [KubeJS Server/]: Loaded script server_scripts:sausage_casing.js in 0.0 s
[03Oct2026 23:27:42.524] [Server thread/INFO] [KubeJS Server/]: Loaded script server_scripts:spicy_crinkle_cut_fries.js in 0.0 s
[03Oct2026 23:27:42.525] [Server thread/INFO] [KubeJS Server/]: Loaded 11/11 KubeJS server scripts in 0.013 s with 0 errors and 0 warnings
[03Oct2026 23:27:42.930] [Server thread/INFO] [KubeJS Server/]: Processing recipes...
[03Oct2026 23:27:42.931] [Server thread/INFO] [KubeJS Server/]: Initializing recipe event...
[03Oct2026 23:27:42.981] [Server thread/INFO] [KubeJS Server/]: Found 1,902 recipes (skipped 0) in 49.12 ms
[03Oct2026 23:27:42.986] [Server thread/ERROR] [KubeJS Server/]: server_scripts:pancake.js#2: Failed to create a 'kaleidoscope_cookery:pot' recipe from args [kaleidoscope_snack:spicy_crinkle_cut_fries, [kaleidoscope_snack:potato_chunks, kaleidoscope_snack:potato_chunks, kaleidoscope_snack:potato_chunks, kaleidoscope_cookery:red_chili, kaleidoscope_cookery:red_chili], 5.0, minecraft:bowl, 300.0, 0.5]: Constructor for kaleidoscope_cookery:pot with 6 arguments not found!
[03Oct2026 23:27:42.989] [Server thread/ERROR] [KubeJS Server/]: server_scripts:spicy_crinkle_cut_fries.js#2: Failed to create a 'kaleidoscope_cookery:pot' recipe from args [kaleidoscope_snack:spicy_crinkle_cut_fries, [kaleidoscope_snack:potato_chunks, kaleidoscope_snack:potato_chunks, kaleidoscope_snack:potato_chunks, #c:crops/chilipepper, #c:crops/chilipepper], 3.0]: Unable to set 'carrier: optional_ingredient?' to '3.0' as 'optional_ingredient'! - Failed to read ingredient from 3.0: Could not parse input 3.0 for item stack
[03Oct2026 23:27:42.992] [Server thread/INFO] [KubeJS Server/]: Posted recipe events in 9 ms
[03Oct2026 23:27:42.995] [Server thread/INFO] [KubeJS Server/]: KubeJS modifications to recipe manager finished in 3.372 ms
[03Oct2026 23:27:43.044] [Server thread/INFO] [net.minecraft.world.item.crafting.RecipeManager/]: Loaded 1913 recipes
[03Oct2026 23:27:43.044] [Server thread/INFO] [KubeJS Server/]: Added 11 recipes, removed 0 recipes, modified 0 recipes, with 2 failed recipes taking 113 ms in total
[03Oct2026 23:27:43.101] [Server thread/INFO] [net.minecraft.advancements.AdvancementTree/]: Loaded 1572 advancements
[03Oct2026 23:27:43.102] [Server thread/INFO] [com.github.ysbbbbbb.kaleidoscopecookery.KaleidoscopeCookery/]: Successfully loaded millstone bindable data
[03Oct2026 23:27:43.103] [Server thread/INFO] [KubeJS/]: Closed KubeJS Virtual Resource Pack [Before Mods, data]
[03Oct2026 23:27:43.103] [Server thread/INFO] [KubeJS/]: Closed KubeJS Virtual Resource Pack [Internal, data]
[03Oct2026 23:27:43.103] [Server thread/INFO] [KubeJS/]: Closed KubeJS Virtual Resource Pack [Registries, data]
[03Oct2026 23:27:43.103] [Server thread/INFO] [KubeJS/]: Closed KubeJS Virtual Resource Pack [After Mods, data]
[03Oct2026 23:27:43.103] [Server thread/INFO] [KubeJS/]: Closed KubeJS Virtual Resource Pack [Last, data]
[03Oct2026 23:27:43.744] [Server thread/INFO] [KubeJS Server/]: Capturing errors for server scripts disabled
[03Oct2026 23:27:43.744] [Server thread/INFO] [net.minecraft.server.MinecraftServer/]: ! KubeJS errors found [2]!
[03Oct2026 23:27:43.746] [Server thread/INFO] [KubeJS Server/]: Server resource reload complete!
[03Oct2026 23:27:43.811] [Render thread/INFO] [net.minecraft.advancements.AdvancementTree/]: Loaded 142 advancements
[03Oct2026 23:27:43.812] [Render thread/INFO] [net.minecraft.client.gui.components.ChatComponent/]: [System] [CHAT] ! KubeJS errors found [2]!
[03Oct2026 23:27:45.686] [Server thread/INFO] [net.minecraft.client.server.IntegratedServer/]: Saving and pausing game...
[03Oct2026 23:27:45.712] [Server thread/INFO] [net.minecraft.server.MinecraftServer/]: Saving chunks for level 'ServerLevel[新的世界]'/minecraft:overworld
[03Oct2026 23:27:45.714] [Server thread/INFO] [net.minecraft.server.MinecraftServer/]: Saving chunks for level 'ServerLevel[新的世界]'/minecraft:the_nether
[03Oct2026 23:27:45.714] [Server thread/INFO] [net.minecraft.server.MinecraftServer/]: Saving chunks for level 'ServerLevel[新的世界]'/minecraft:the_end
[03Oct2026 23:27:45.716] [Server thread/DEBUG] [net.neoforged.neoforge.common.CommonHooks/WP]: Gathered mod list to write to world save 新的世界
[03Oct2026 23:28:06.579] [Server thread/INFO] [net.minecraft.server.MinecraftServer/]: [Dev: 重新加载中！]
[03Oct2026 23:28:06.581] [Server thread/INFO] [KubeJS Server/]: Capturing errors for server scripts enabled
[03Oct2026 23:28:06.584] [Render thread/INFO] [net.minecraft.client.gui.components.ChatComponent/]: [System] [CHAT] 重新加载中！
[03Oct2026 23:28:06.593] [Server thread/INFO] [KubeJS Server/]: Loaded script server_scripts:cooked_sausage.js in 0.002 s
[03Oct2026 23:28:06.593] [Server thread/INFO] [KubeJS Server/]: Loaded script server_scripts:grilled_squid.js in 0.0 s
[03Oct2026 23:28:06.593] [Server thread/INFO] [KubeJS Server/]: Loaded script server_scripts:ground_meat.js in 0.0 s
[03Oct2026 23:28:06.593] [Server thread/INFO] [KubeJS Server/]: Loaded script server_scripts:kaleidoscope_cookery.js in 0.0 s
[03Oct2026 23:28:06.594] [Server thread/INFO] [KubeJS Server/]: server_scripts:main.js#2: Hello, World! (Loaded server example script)
[03Oct2026 23:28:06.594] [Server thread/INFO] [KubeJS Server/]: Loaded script server_scripts:main.js in 0.001 s
[03Oct2026 23:28:06.595] [Server thread/INFO] [KubeJS Server/]: Loaded script server_scripts:pancake.js in 0.001 s
[03Oct2026 23:28:06.595] [Server thread/INFO] [KubeJS Server/]: Loaded script server_scripts:potato_chunks.js in 0.0 s
[03Oct2026 23:28:06.595] [Server thread/INFO] [KubeJS Server/]: Loaded script server_scripts:potstickers.js in 0.0 s
[03Oct2026 23:28:06.595] [Server thread/INFO] [KubeJS Server/]: Loaded script server_scripts:sausage.js in 0.0 s
[03Oct2026 23:28:06.596] [Server thread/INFO] [KubeJS Server/]: Loaded script server_scripts:sausage_casing.js in 0.0 s
[03Oct2026 23:28:06.596] [Server thread/INFO] [KubeJS Server/]: Loaded script server_scripts:spicy_crinkle_cut_fries.js in 0.0 s
[03Oct2026 23:28:06.597] [Server thread/INFO] [KubeJS Server/]: Loaded 11/11 KubeJS server scripts in 0.016 s with 0 errors and 0 warnings
[03Oct2026 23:28:06.597] [Server thread/INFO] [KubeJS/]: Loaded 14 data packs: vanilla, KubeJS Virtual Resource Pack [Before Mods, data], mod_data, mod/rhino, mod/kaleidoscope_cookery, mod/architectury, mod/neoforge, mod/kubejs, KubeJS Virtual Resource Pack [Internal, data], KubeJS Virtual Resource Pack [Registries, data], KubeJS Virtual Resource Pack [After Mods, data], KubeJS File Resource Pack [data], mod/kaleidoscope_snack, KubeJS Virtual Resource Pack [Last, data]
[03Oct2026 23:28:06.608] [Server thread/INFO] [KubeJS Server/]: Loaded script server_scripts:cooked_sausage.js in 0.001 s
[03Oct2026 23:28:06.608] [Server thread/INFO] [KubeJS Server/]: Loaded script server_scripts:grilled_squid.js in 0.0 s
[03Oct2026 23:28:06.609] [Server thread/INFO] [KubeJS Server/]: Loaded script server_scripts:ground_meat.js in 0.0 s
[03Oct2026 23:28:06.609] [Server thread/INFO] [KubeJS Server/]: Loaded script server_scripts:kaleidoscope_cookery.js in 0.0 s
[03Oct2026 23:28:06.609] [Server thread/INFO] [KubeJS Server/]: server_scripts:main.js#2: Hello, World! (Loaded server example script)
[03Oct2026 23:28:06.609] [Server thread/INFO] [KubeJS Server/]: Loaded script server_scripts:main.js in 0.0 s
[03Oct2026 23:28:06.609] [Server thread/INFO] [KubeJS Server/]: Loaded script server_scripts:pancake.js in 0.0 s
[03Oct2026 23:28:06.610] [Server thread/INFO] [KubeJS Server/]: Loaded script server_scripts:potato_chunks.js in 0.0 s
[03Oct2026 23:28:06.610] [Server thread/INFO] [KubeJS Server/]: Loaded script server_scripts:potstickers.js in 0.0 s
[03Oct2026 23:28:06.610] [Server thread/INFO] [KubeJS Server/]: Loaded script server_scripts:sausage.js in 0.0 s
[03Oct2026 23:28:06.610] [Server thread/INFO] [KubeJS Server/]: Loaded script server_scripts:sausage_casing.js in 0.0 s
[03Oct2026 23:28:06.610] [Server thread/INFO] [KubeJS Server/]: Loaded script server_scripts:spicy_crinkle_cut_fries.js in 0.0 s
[03Oct2026 23:28:06.610] [Server thread/INFO] [KubeJS Server/]: Loaded 11/11 KubeJS server scripts in 0.01 s with 0 errors and 0 warnings
[03Oct2026 23:28:06.980] [Server thread/INFO] [KubeJS Server/]: Processing recipes...
[03Oct2026 23:28:06.980] [Server thread/INFO] [KubeJS Server/]: Initializing recipe event...
[03Oct2026 23:28:07.027] [Server thread/INFO] [KubeJS Server/]: Found 1,902 recipes (skipped 0) in 45.66 ms
[03Oct2026 23:28:07.028] [Server thread/ERROR] [KubeJS Server/]: server_scripts:pancake.js#2: Failed to create a 'kaleidoscope_cookery:pot' recipe from args [kaleidoscope_snack:spicy_crinkle_cut_fries, [kaleidoscope_snack:potato_chunks, kaleidoscope_snack:potato_chunks, kaleidoscope_snack:potato_chunks, kaleidoscope_cookery:red_chili, kaleidoscope_cookery:red_chili], 5.0, 300.0]: Unable to set 'carrier: optional_ingredient?' to '5.0' as 'optional_ingredient'! - Failed to read ingredient from 5.0: Could not parse input 5.0 for item stack
[03Oct2026 23:28:07.031] [Server thread/ERROR] [KubeJS Server/]: server_scripts:spicy_crinkle_cut_fries.js#2: Failed to create a 'kaleidoscope_cookery:pot' recipe from args [kaleidoscope_snack:spicy_crinkle_cut_fries, [kaleidoscope_snack:potato_chunks, kaleidoscope_snack:potato_chunks, kaleidoscope_snack:potato_chunks, #c:crops/chilipepper, #c:crops/chilipepper], 3.0]: Unable to set 'carrier: optional_ingredient?' to '3.0' as 'optional_ingredient'! - Failed to read ingredient from 3.0: Could not parse input 3.0 for item stack
[03Oct2026 23:28:07.034] [Server thread/INFO] [KubeJS Server/]: Posted recipe events in 6 ms
[03Oct2026 23:28:07.036] [Server thread/INFO] [KubeJS Server/]: KubeJS modifications to recipe manager finished in 2.263 ms
[03Oct2026 23:28:07.067] [Server thread/INFO] [net.minecraft.world.item.crafting.RecipeManager/]: Loaded 1913 recipes
[03Oct2026 23:28:07.068] [Server thread/INFO] [KubeJS Server/]: Added 11 recipes, removed 0 recipes, modified 0 recipes, with 2 failed recipes taking 88 ms in total
[03Oct2026 23:28:07.120] [Server thread/INFO] [net.minecraft.advancements.AdvancementTree/]: Loaded 1572 advancements
[03Oct2026 23:28:07.122] [Server thread/INFO] [com.github.ysbbbbbb.kaleidoscopecookery.KaleidoscopeCookery/]: Successfully loaded millstone bindable data
[03Oct2026 23:28:07.122] [Server thread/INFO] [KubeJS/]: Closed KubeJS Virtual Resource Pack [Before Mods, data]
[03Oct2026 23:28:07.122] [Server thread/INFO] [KubeJS/]: Closed KubeJS Virtual Resource Pack [Internal, data]
[03Oct2026 23:28:07.122] [Server thread/INFO] [KubeJS/]: Closed KubeJS Virtual Resource Pack [Registries, data]
[03Oct2026 23:28:07.122] [Server thread/INFO] [KubeJS/]: Closed KubeJS Virtual Resource Pack [After Mods, data]
[03Oct2026 23:28:07.122] [Server thread/INFO] [KubeJS/]: Closed KubeJS Virtual Resource Pack [Last, data]
[03Oct2026 23:28:07.739] [Server thread/INFO] [KubeJS Server/]: Capturing errors for server scripts disabled
[03Oct2026 23:28:07.739] [Server thread/INFO] [net.minecraft.server.MinecraftServer/]: ! KubeJS errors found [2]!
[03Oct2026 23:28:07.739] [Server thread/INFO] [KubeJS Server/]: Server resource reload complete!
[03Oct2026 23:28:07.783] [Render thread/INFO] [net.minecraft.advancements.AdvancementTree/]: Loaded 142 advancements
[03Oct2026 23:28:07.785] [Render thread/INFO] [net.minecraft.client.gui.components.ChatComponent/]: [System] [CHAT] ! KubeJS errors found [2]!
[03Oct2026 23:29:23.268] [Server thread/DEBUG] [net.neoforged.neoforge.common.CommonHooks/WP]: Gathered mod list to write to world save 新的世界
[03Oct2026 23:30:07.251] [Server thread/INFO] [net.minecraft.server.MinecraftServer/]: [Dev: 重新加载中！]
[03Oct2026 23:30:07.254] [Server thread/INFO] [KubeJS Server/]: Capturing errors for server scripts enabled
[03Oct2026 23:30:07.256] [Render thread/INFO] [net.minecraft.client.gui.components.ChatComponent/]: [System] [CHAT] 重新加载中！
[03Oct2026 23:30:07.266] [Server thread/INFO] [KubeJS Server/]: Loaded script server_scripts:cooked_sausage.js in 0.001 s
[03Oct2026 23:30:07.266] [Server thread/INFO] [KubeJS Server/]: Loaded script server_scripts:grilled_squid.js in 0.0 s
[03Oct2026 23:30:07.267] [Server thread/INFO] [KubeJS Server/]: Loaded script server_scripts:ground_meat.js in 0.0 s
[03Oct2026 23:30:07.267] [Server thread/INFO] [KubeJS Server/]: Loaded script server_scripts:kaleidoscope_cookery.js in 0.0 s
[03Oct2026 23:30:07.267] [Server thread/INFO] [KubeJS Server/]: server_scripts:main.js#2: Hello, World! (Loaded server example script)
[03Oct2026 23:30:07.267] [Server thread/INFO] [KubeJS Server/]: Loaded script server_scripts:main.js in 0.0 s
[03Oct2026 23:30:07.267] [Server thread/INFO] [KubeJS Server/]: Loaded script server_scripts:pancake.js in 0.0 s
[03Oct2026 23:30:07.268] [Server thread/INFO] [KubeJS Server/]: Loaded script server_scripts:potato_chunks.js in 0.0 s
[03Oct2026 23:30:07.268] [Server thread/INFO] [KubeJS Server/]: Loaded script server_scripts:potstickers.js in 0.0 s
[03Oct2026 23:30:07.268] [Server thread/INFO] [KubeJS Server/]: Loaded script server_scripts:sausage.js in 0.0 s
[03Oct2026 23:30:07.269] [Server thread/INFO] [KubeJS Server/]: Loaded script server_scripts:sausage_casing.js in 0.0 s
[03Oct2026 23:30:07.269] [Server thread/INFO] [KubeJS Server/]: Loaded script server_scripts:spicy_crinkle_cut_fries.js in 0.0 s
[03Oct2026 23:30:07.269] [Server thread/INFO] [KubeJS Server/]: Loaded 11/11 KubeJS server scripts in 0.016 s with 0 errors and 0 warnings
[03Oct2026 23:30:07.269] [Server thread/INFO] [KubeJS/]: Loaded 14 data packs: vanilla, KubeJS Virtual Resource Pack [Before Mods, data], mod_data, mod/rhino, mod/kaleidoscope_cookery, mod/architectury, mod/neoforge, mod/kubejs, KubeJS Virtual Resource Pack [Internal, data], KubeJS Virtual Resource Pack [Registries, data], KubeJS Virtual Resource Pack [After Mods, data], KubeJS File Resource Pack [data], mod/kaleidoscope_snack, KubeJS Virtual Resource Pack [Last, data]
[03Oct2026 23:30:07.280] [Server thread/INFO] [KubeJS Server/]: Loaded script server_scripts:cooked_sausage.js in 0.0 s
[03Oct2026 23:30:07.281] [Server thread/INFO] [KubeJS Server/]: Loaded script server_scripts:grilled_squid.js in 0.0 s
[03Oct2026 23:30:07.281] [Server thread/INFO] [KubeJS Server/]: Loaded script server_scripts:ground_meat.js in 0.0 s
[03Oct2026 23:30:07.281] [Server thread/INFO] [KubeJS Server/]: Loaded script server_scripts:kaleidoscope_cookery.js in 0.0 s
[03Oct2026 23:30:07.282] [Server thread/INFO] [KubeJS Server/]: server_scripts:main.js#2: Hello, World! (Loaded server example script)
[03Oct2026 23:30:07.282] [Server thread/INFO] [KubeJS Server/]: Loaded script server_scripts:main.js in 0.001 s
[03Oct2026 23:30:07.282] [Server thread/INFO] [KubeJS Server/]: Loaded script server_scripts:pancake.js in 0.0 s
[03Oct2026 23:30:07.282] [Server thread/INFO] [KubeJS Server/]: Loaded script server_scripts:potato_chunks.js in 0.0 s
[03Oct2026 23:30:07.282] [Server thread/INFO] [KubeJS Server/]: Loaded script server_scripts:potstickers.js in 0.0 s
[03Oct2026 23:30:07.283] [Server thread/INFO] [KubeJS Server/]: Loaded script server_scripts:sausage.js in 0.001 s
[03Oct2026 23:30:07.283] [Server thread/INFO] [KubeJS Server/]: Loaded script server_scripts:sausage_casing.js in 0.0 s
[03Oct2026 23:30:07.284] [Server thread/INFO] [KubeJS Server/]: Loaded script server_scripts:spicy_crinkle_cut_fries.js in 0.0 s
[03Oct2026 23:30:07.284] [Server thread/INFO] [KubeJS Server/]: Loaded 11/11 KubeJS server scripts in 0.012 s with 0 errors and 0 warnings
[03Oct2026 23:30:07.704] [Server thread/INFO] [KubeJS Server/]: Processing recipes...
[03Oct2026 23:30:07.704] [Server thread/INFO] [KubeJS Server/]: Initializing recipe event...
[03Oct2026 23:30:07.758] [Server thread/INFO] [KubeJS Server/]: Found 1,902 recipes (skipped 0) in 51.76 ms
[03Oct2026 23:30:07.763] [Server thread/ERROR] [KubeJS Server/]: server_scripts:spicy_crinkle_cut_fries.js#2: Failed to create a 'kaleidoscope_cookery:pot' recipe from args [kaleidoscope_snack:spicy_crinkle_cut_fries, [kaleidoscope_snack:potato_chunks, kaleidoscope_snack:potato_chunks, kaleidoscope_snack:potato_chunks, #c:crops/chilipepper, #c:crops/chilipepper], 3.0]: Unable to set 'carrier: optional_ingredient?' to '3.0' as 'optional_ingredient'! - Failed to read ingredient from 3.0: Could not parse input 3.0 for item stack
[03Oct2026 23:30:07.766] [Server thread/INFO] [KubeJS Server/]: Posted recipe events in 7 ms
[03Oct2026 23:30:07.769] [Server thread/INFO] [KubeJS Server/]: KubeJS modifications to recipe manager finished in 3.428 ms
[03Oct2026 23:30:07.804] [Server thread/INFO] [net.minecraft.world.item.crafting.RecipeManager/]: Loaded 1914 recipes
[03Oct2026 23:30:07.804] [Server thread/INFO] [KubeJS Server/]: Added 12 recipes, removed 0 recipes, modified 0 recipes, with 1 failed recipes taking 99 ms in total
[03Oct2026 23:30:07.882] [Server thread/INFO] [net.minecraft.advancements.AdvancementTree/]: Loaded 1572 advancements
[03Oct2026 23:30:07.884] [Server thread/INFO] [com.github.ysbbbbbb.kaleidoscopecookery.KaleidoscopeCookery/]: Successfully loaded millstone bindable data
[03Oct2026 23:30:07.884] [Server thread/INFO] [KubeJS/]: Closed KubeJS Virtual Resource Pack [Before Mods, data]
[03Oct2026 23:30:07.885] [Server thread/INFO] [KubeJS/]: Closed KubeJS Virtual Resource Pack [Internal, data]
[03Oct2026 23:30:07.885] [Server thread/INFO] [KubeJS/]: Closed KubeJS Virtual Resource Pack [Registries, data]
[03Oct2026 23:30:07.885] [Server thread/INFO] [KubeJS/]: Closed KubeJS Virtual Resource Pack [After Mods, data]
[03Oct2026 23:30:07.885] [Server thread/INFO] [KubeJS/]: Closed KubeJS Virtual Resource Pack [Last, data]
[03Oct2026 23:30:08.495] [Server thread/INFO] [KubeJS Server/]: Capturing errors for server scripts disabled
[03Oct2026 23:30:08.496] [Server thread/INFO] [net.minecraft.server.MinecraftServer/]: ! KubeJS errors found [1]!
[03Oct2026 23:30:08.496] [Server thread/INFO] [KubeJS Server/]: Server resource reload complete!
[03Oct2026 23:30:08.553] [Render thread/INFO] [net.minecraft.advancements.AdvancementTree/]: Loaded 142 advancements
[03Oct2026 23:30:08.556] [Render thread/INFO] [net.minecraft.client.gui.components.ChatComponent/]: [System] [CHAT] ! KubeJS errors found [1]!
[03Oct2026 23:30:15.436] [Server thread/INFO] [net.minecraft.client.server.IntegratedServer/]: Saving and pausing game...
[03Oct2026 23:30:15.459] [Server thread/INFO] [net.minecraft.server.MinecraftServer/]: Saving chunks for level 'ServerLevel[新的世界]'/minecraft:overworld
[03Oct2026 23:30:15.462] [Server thread/INFO] [net.minecraft.server.MinecraftServer/]: Saving chunks for level 'ServerLevel[新的世界]'/minecraft:the_nether
[03Oct2026 23:30:15.462] [Server thread/INFO] [net.minecraft.server.MinecraftServer/]: Saving chunks for level 'ServerLevel[新的世界]'/minecraft:the_end
[03Oct2026 23:30:15.464] [Server thread/DEBUG] [net.neoforged.neoforge.common.CommonHooks/WP]: Gathered mod list to write to world save 新的世界
[03Oct2026 23:30:43.819] [Server thread/INFO] [net.minecraft.server.MinecraftServer/]: [Dev: 重新加载中！]
[03Oct2026 23:30:43.821] [Server thread/INFO] [KubeJS Server/]: Capturing errors for server scripts enabled
[03Oct2026 23:30:43.825] [Render thread/INFO] [net.minecraft.client.gui.components.ChatComponent/]: [System] [CHAT] 重新加载中！
[03Oct2026 23:30:43.834] [Server thread/INFO] [KubeJS Server/]: Loaded script server_scripts:cooked_sausage.js in 0.001 s
[03Oct2026 23:30:43.836] [Server thread/INFO] [KubeJS Server/]: Loaded script server_scripts:grilled_squid.js in 0.001 s
[03Oct2026 23:30:43.836] [Server thread/INFO] [KubeJS Server/]: Loaded script server_scripts:ground_meat.js in 0.0 s
[03Oct2026 23:30:43.836] [Server thread/INFO] [KubeJS Server/]: Loaded script server_scripts:kaleidoscope_cookery.js in 0.0 s
[03Oct2026 23:30:43.836] [Server thread/INFO] [KubeJS Server/]: server_scripts:main.js#2: Hello, World! (Loaded server example script)
[03Oct2026 23:30:43.836] [Server thread/INFO] [KubeJS Server/]: Loaded script server_scripts:main.js in 0.0 s
[03Oct2026 23:30:43.837] [Server thread/INFO] [KubeJS Server/]: Loaded script server_scripts:pancake.js in 0.001 s
[03Oct2026 23:30:43.837] [Server thread/INFO] [KubeJS Server/]: Loaded script server_scripts:potato_chunks.js in 0.0 s
[03Oct2026 23:30:43.837] [Server thread/INFO] [KubeJS Server/]: Loaded script server_scripts:potstickers.js in 0.0 s
[03Oct2026 23:30:43.838] [Server thread/INFO] [KubeJS Server/]: Loaded script server_scripts:sausage.js in 0.0 s
[03Oct2026 23:30:43.838] [Server thread/INFO] [KubeJS Server/]: Loaded script server_scripts:sausage_casing.js in 0.0 s
[03Oct2026 23:30:43.838] [Server thread/INFO] [KubeJS Server/]: Loaded script server_scripts:spicy_crinkle_cut_fries.js in 0.0 s
[03Oct2026 23:30:43.839] [Server thread/INFO] [KubeJS Server/]: Loaded 11/11 KubeJS server scripts in 0.018 s with 0 errors and 0 warnings
[03Oct2026 23:30:43.839] [Server thread/INFO] [KubeJS/]: Loaded 14 data packs: vanilla, KubeJS Virtual Resource Pack [Before Mods, data], mod_data, mod/rhino, mod/kaleidoscope_cookery, mod/architectury, mod/neoforge, mod/kubejs, KubeJS Virtual Resource Pack [Internal, data], KubeJS Virtual Resource Pack [Registries, data], KubeJS Virtual Resource Pack [After Mods, data], KubeJS File Resource Pack [data], mod/kaleidoscope_snack, KubeJS Virtual Resource Pack [Last, data]
[03Oct2026 23:30:43.850] [Server thread/INFO] [KubeJS Server/]: Loaded script server_scripts:cooked_sausage.js in 0.0 s
[03Oct2026 23:30:43.851] [Server thread/INFO] [KubeJS Server/]: Loaded script server_scripts:grilled_squid.js in 0.0 s
[03Oct2026 23:30:43.851] [Server thread/INFO] [KubeJS Server/]: Loaded script server_scripts:ground_meat.js in 0.0 s
[03Oct2026 23:30:43.851] [Server thread/INFO] [KubeJS Server/]: Loaded script server_scripts:kaleidoscope_cookery.js in 0.0 s
[03Oct2026 23:30:43.851] [Server thread/INFO] [KubeJS Server/]: server_scripts:main.js#2: Hello, World! (Loaded server example script)
[03Oct2026 23:30:43.851] [Server thread/INFO] [KubeJS Server/]: Loaded script server_scripts:main.js in 0.0 s
[03Oct2026 23:30:43.851] [Server thread/INFO] [KubeJS Server/]: Loaded script server_scripts:pancake.js in 0.0 s
[03Oct2026 23:30:43.851] [Server thread/INFO] [KubeJS Server/]: Loaded script server_scripts:potato_chunks.js in 0.0 s
[03Oct2026 23:30:43.852] [Server thread/INFO] [KubeJS Server/]: Loaded script server_scripts:potstickers.js in 0.0 s
[03Oct2026 23:30:43.852] [Server thread/INFO] [KubeJS Server/]: Loaded script server_scripts:sausage.js in 0.0 s
[03Oct2026 23:30:43.852] [Server thread/INFO] [KubeJS Server/]: Loaded script server_scripts:sausage_casing.js in 0.0 s
[03Oct2026 23:30:43.852] [Server thread/INFO] [KubeJS Server/]: Loaded script server_scripts:spicy_crinkle_cut_fries.js in 0.0 s
[03Oct2026 23:30:43.853] [Server thread/INFO] [KubeJS Server/]: Loaded 11/11 KubeJS server scripts in 0.012 s with 0 errors and 0 warnings
[03Oct2026 23:30:44.228] [Server thread/INFO] [KubeJS Server/]: Processing recipes...
[03Oct2026 23:30:44.229] [Server thread/INFO] [KubeJS Server/]: Initializing recipe event...
[03Oct2026 23:30:44.270] [Server thread/INFO] [KubeJS Server/]: Found 1,902 recipes (skipped 0) in 40.04 ms
[03Oct2026 23:30:44.276] [Server thread/INFO] [KubeJS Server/]: Posted recipe events in 6 ms
[03Oct2026 23:30:44.281] [Server thread/INFO] [KubeJS Server/]: KubeJS modifications to recipe manager finished in 3.992 ms
[03Oct2026 23:30:44.311] [Server thread/INFO] [net.minecraft.world.item.crafting.RecipeManager/]: Loaded 1915 recipes
[03Oct2026 23:30:44.311] [Server thread/INFO] [KubeJS Server/]: Added 13 recipes, removed 0 recipes, modified 0 recipes, with 0 failed recipes taking 82 ms in total
[03Oct2026 23:30:44.370] [Server thread/INFO] [net.minecraft.advancements.AdvancementTree/]: Loaded 1572 advancements
[03Oct2026 23:30:44.373] [Server thread/INFO] [com.github.ysbbbbbb.kaleidoscopecookery.KaleidoscopeCookery/]: Successfully loaded millstone bindable data
[03Oct2026 23:30:44.374] [Server thread/INFO] [KubeJS/]: Closed KubeJS Virtual Resource Pack [Before Mods, data]
[03Oct2026 23:30:44.374] [Server thread/INFO] [KubeJS/]: Closed KubeJS Virtual Resource Pack [Internal, data]
[03Oct2026 23:30:44.374] [Server thread/INFO] [KubeJS/]: Closed KubeJS Virtual Resource Pack [Registries, data]
[03Oct2026 23:30:44.374] [Server thread/INFO] [KubeJS/]: Closed KubeJS Virtual Resource Pack [After Mods, data]
[03Oct2026 23:30:44.374] [Server thread/INFO] [KubeJS/]: Closed KubeJS Virtual Resource Pack [Last, data]
[03Oct2026 23:30:44.979] [Server thread/INFO] [KubeJS Server/]: Capturing errors for server scripts disabled
[03Oct2026 23:30:44.979] [Server thread/INFO] [net.minecraft.server.MinecraftServer/]: Reloaded with no KubeJS errors!
[03Oct2026 23:30:44.979] [Server thread/INFO] [KubeJS Server/]: Server resource reload complete!
[03Oct2026 23:30:45.021] [Render thread/INFO] [net.minecraft.advancements.AdvancementTree/]: Loaded 142 advancements
[03Oct2026 23:30:45.022] [Render thread/INFO] [net.minecraft.client.gui.components.ChatComponent/]: [System] [CHAT] Reloaded with no KubeJS errors!
[03Oct2026 23:30:47.986] [Server thread/INFO] [net.minecraft.client.server.IntegratedServer/]: Saving and pausing game...
[03Oct2026 23:30:48.007] [Server thread/INFO] [net.minecraft.server.MinecraftServer/]: Saving chunks for level 'ServerLevel[新的世界]'/minecraft:overworld
[03Oct2026 23:30:48.009] [Server thread/INFO] [net.minecraft.server.MinecraftServer/]: Saving chunks for level 'ServerLevel[新的世界]'/minecraft:the_nether
[03Oct2026 23:30:48.009] [Server thread/INFO] [net.minecraft.server.MinecraftServer/]: Saving chunks for level 'ServerLevel[新的世界]'/minecraft:the_end
[03Oct2026 23:30:48.010] [Server thread/DEBUG] [net.neoforged.neoforge.common.CommonHooks/WP]: Gathered mod list to write to world save 新的世界
[03Oct2026 23:31:29.436] [Server thread/INFO] [net.minecraft.client.server.IntegratedServer/]: Saving and pausing game...
[03Oct2026 23:31:29.459] [Server thread/INFO] [net.minecraft.server.MinecraftServer/]: Saving chunks for level 'ServerLevel[新的世界]'/minecraft:overworld
[03Oct2026 23:31:29.462] [Server thread/INFO] [net.minecraft.server.MinecraftServer/]: Saving chunks for level 'ServerLevel[新的世界]'/minecraft:the_nether
[03Oct2026 23:31:29.462] [Server thread/INFO] [net.minecraft.server.MinecraftServer/]: Saving chunks for level 'ServerLevel[新的世界]'/minecraft:the_end
[03Oct2026 23:31:29.464] [Server thread/DEBUG] [net.neoforged.neoforge.common.CommonHooks/WP]: Gathered mod list to write to world save 新的世界
[03Oct2026 23:31:39.498] [Server thread/INFO] [net.minecraft.server.MinecraftServer/]: [Dev: 重新加载中！]
[03Oct2026 23:31:39.499] [Server thread/INFO] [KubeJS Server/]: Capturing errors for server scripts enabled
[03Oct2026 23:31:39.503] [Render thread/INFO] [net.minecraft.client.gui.components.ChatComponent/]: [System] [CHAT] 重新加载中！
[03Oct2026 23:31:39.516] [Server thread/INFO] [KubeJS Server/]: Loaded script server_scripts:cooked_sausage.js in 0.002 s
[03Oct2026 23:31:39.516] [Server thread/INFO] [KubeJS Server/]: Loaded script server_scripts:grilled_squid.js in 0.0 s
[03Oct2026 23:31:39.517] [Server thread/INFO] [KubeJS Server/]: Loaded script server_scripts:ground_meat.js in 0.001 s
[03Oct2026 23:31:39.517] [Server thread/INFO] [KubeJS Server/]: Loaded script server_scripts:kaleidoscope_cookery.js in 0.0 s
[03Oct2026 23:31:39.518] [Server thread/INFO] [KubeJS Server/]: server_scripts:main.js#2: Hello, World! (Loaded server example script)
[03Oct2026 23:31:39.518] [Server thread/INFO] [KubeJS Server/]: Loaded script server_scripts:main.js in 0.001 s
[03Oct2026 23:31:39.518] [Server thread/INFO] [KubeJS Server/]: Loaded script server_scripts:pancake.js in 0.0 s
[03Oct2026 23:31:39.518] [Server thread/INFO] [KubeJS Server/]: Loaded script server_scripts:potato_chunks.js in 0.0 s
[03Oct2026 23:31:39.518] [Server thread/INFO] [KubeJS Server/]: Loaded script server_scripts:potstickers.js in 0.0 s
[03Oct2026 23:31:39.518] [Server thread/INFO] [KubeJS Server/]: Loaded script server_scripts:sausage.js in 0.0 s
[03Oct2026 23:31:39.518] [Server thread/INFO] [KubeJS Server/]: Loaded script server_scripts:sausage_casing.js in 0.0 s
[03Oct2026 23:31:39.518] [Server thread/INFO] [KubeJS Server/]: Loaded script server_scripts:spicy_crinkle_cut_fries.js in 0.0 s
[03Oct2026 23:31:39.519] [Server thread/INFO] [KubeJS Server/]: Loaded 11/11 KubeJS server scripts in 0.02 s with 0 errors and 0 warnings
[03Oct2026 23:31:39.519] [Server thread/INFO] [KubeJS/]: Loaded 14 data packs: vanilla, KubeJS Virtual Resource Pack [Before Mods, data], mod_data, mod/rhino, mod/kaleidoscope_cookery, mod/architectury, mod/neoforge, mod/kubejs, KubeJS Virtual Resource Pack [Internal, data], KubeJS Virtual Resource Pack [Registries, data], KubeJS Virtual Resource Pack [After Mods, data], KubeJS File Resource Pack [data], mod/kaleidoscope_snack, KubeJS Virtual Resource Pack [Last, data]
[03Oct2026 23:31:39.531] [Server thread/INFO] [KubeJS Server/]: Loaded script server_scripts:cooked_sausage.js in 0.0 s
[03Oct2026 23:31:39.531] [Server thread/INFO] [KubeJS Server/]: Loaded script server_scripts:grilled_squid.js in 0.0 s
[03Oct2026 23:31:39.531] [Server thread/INFO] [KubeJS Server/]: Loaded script server_scripts:ground_meat.js in 0.0 s
[03Oct2026 23:31:39.531] [Server thread/INFO] [KubeJS Server/]: Loaded script server_scripts:kaleidoscope_cookery.js in 0.0 s
[03Oct2026 23:31:39.532] [Server thread/INFO] [KubeJS Server/]: server_scripts:main.js#2: Hello, World! (Loaded server example script)
[03Oct2026 23:31:39.532] [Server thread/INFO] [KubeJS Server/]: Loaded script server_scripts:main.js in 0.0 s
[03Oct2026 23:31:39.532] [Server thread/INFO] [KubeJS Server/]: Loaded script server_scripts:pancake.js in 0.0 s
[03Oct2026 23:31:39.533] [Server thread/INFO] [KubeJS Server/]: Loaded script server_scripts:potato_chunks.js in 0.001 s
[03Oct2026 23:31:39.533] [Server thread/INFO] [KubeJS Server/]: Loaded script server_scripts:potstickers.js in 0.0 s
[03Oct2026 23:31:39.533] [Server thread/INFO] [KubeJS Server/]: Loaded script server_scripts:sausage.js in 0.0 s
[03Oct2026 23:31:39.533] [Server thread/INFO] [KubeJS Server/]: Loaded script server_scripts:sausage_casing.js in 0.0 s
[03Oct2026 23:31:39.534] [Server thread/INFO] [KubeJS Server/]: Loaded script server_scripts:spicy_crinkle_cut_fries.js in 0.0 s
[03Oct2026 23:31:39.534] [Server thread/INFO] [KubeJS Server/]: Loaded 11/11 KubeJS server scripts in 0.012 s with 0 errors and 0 warnings
[03Oct2026 23:31:39.868] [Server thread/INFO] [KubeJS Server/]: Processing recipes...
[03Oct2026 23:31:39.868] [Server thread/INFO] [KubeJS Server/]: Initializing recipe event...
[03Oct2026 23:31:39.916] [Server thread/INFO] [KubeJS Server/]: Found 1,902 recipes (skipped 0) in 47.02 ms
[03Oct2026 23:31:39.920] [Server thread/ERROR] [KubeJS Server/]: server_scripts:spicy_crinkle_cut_fries.js#3: Failed to create a 'kaleidoscope_cookery:pot' recipe from args [kaleidoscope_snack:spicy_crinkle_cut_fries, [kaleidoscope_snack:potato_chunks, kaleidoscope_snack:potato_chunks, kaleidoscope_snack:potato_chunks, #c:crops/chilipepper, #c:crops/chilipepper], 3.0, minecraft:bowl]: Unable to set 'carrier: optional_ingredient?' to '3.0' as 'optional_ingredient'! - Failed to read ingredient from 3.0: Could not parse input 3.0 for item stack
[03Oct2026 23:31:39.923] [Server thread/INFO] [KubeJS Server/]: Posted recipe events in 6 ms
[03Oct2026 23:31:39.927] [Server thread/INFO] [KubeJS Server/]: KubeJS modifications to recipe manager finished in 3.461 ms
[03Oct2026 23:31:39.988] [Server thread/INFO] [net.minecraft.world.item.crafting.RecipeManager/]: Loaded 1914 recipes
[03Oct2026 23:31:39.988] [Server thread/INFO] [KubeJS Server/]: Added 12 recipes, removed 0 recipes, modified 0 recipes, with 1 failed recipes taking 119 ms in total
[03Oct2026 23:31:40.054] [Server thread/INFO] [net.minecraft.advancements.AdvancementTree/]: Loaded 1572 advancements
[03Oct2026 23:31:40.056] [Server thread/INFO] [com.github.ysbbbbbb.kaleidoscopecookery.KaleidoscopeCookery/]: Successfully loaded millstone bindable data
[03Oct2026 23:31:40.057] [Server thread/INFO] [KubeJS/]: Closed KubeJS Virtual Resource Pack [Before Mods, data]
[03Oct2026 23:31:40.057] [Server thread/INFO] [KubeJS/]: Closed KubeJS Virtual Resource Pack [Internal, data]
[03Oct2026 23:31:40.057] [Server thread/INFO] [KubeJS/]: Closed KubeJS Virtual Resource Pack [Registries, data]
[03Oct2026 23:31:40.057] [Server thread/INFO] [KubeJS/]: Closed KubeJS Virtual Resource Pack [After Mods, data]
[03Oct2026 23:31:40.057] [Server thread/INFO] [KubeJS/]: Closed KubeJS Virtual Resource Pack [Last, data]
[03Oct2026 23:31:40.686] [Server thread/INFO] [KubeJS Server/]: Capturing errors for server scripts disabled
[03Oct2026 23:31:40.687] [Server thread/INFO] [net.minecraft.server.MinecraftServer/]: ! KubeJS errors found [1]!
[03Oct2026 23:31:40.687] [Server thread/INFO] [KubeJS Server/]: Server resource reload complete!
[03Oct2026 23:31:40.751] [Render thread/INFO] [net.minecraft.advancements.AdvancementTree/]: Loaded 142 advancements
[03Oct2026 23:31:40.752] [Render thread/INFO] [net.minecraft.client.gui.components.ChatComponent/]: [System] [CHAT] ! KubeJS errors found [1]!
[03Oct2026 23:33:22.687] [Server thread/INFO] [net.minecraft.server.MinecraftServer/]: [Dev: 已将1个[红辣椒]给予Dev]
[03Oct2026 23:33:22.693] [Render thread/INFO] [net.minecraft.client.gui.components.ChatComponent/]: [System] [CHAT] 已将1个[红辣椒]给予Dev
[03Oct2026 23:33:25.213] [Server thread/INFO] [net.minecraft.server.MinecraftServer/]: [Dev: 重新加载中！]
[03Oct2026 23:33:25.215] [Render thread/INFO] [net.minecraft.client.gui.components.ChatComponent/]: [System] [CHAT] 重新加载中！
[03Oct2026 23:33:25.217] [Server thread/INFO] [KubeJS Server/]: Capturing errors for server scripts enabled
[03Oct2026 23:33:25.228] [Server thread/INFO] [KubeJS Server/]: Loaded script server_scripts:cooked_sausage.js in 0.001 s
[03Oct2026 23:33:25.228] [Server thread/INFO] [KubeJS Server/]: Loaded script server_scripts:grilled_squid.js in 0.0 s
[03Oct2026 23:33:25.228] [Server thread/INFO] [KubeJS Server/]: Loaded script server_scripts:ground_meat.js in 0.0 s
[03Oct2026 23:33:25.229] [Server thread/INFO] [KubeJS Server/]: Loaded script server_scripts:kaleidoscope_cookery.js in 0.0 s
[03Oct2026 23:33:25.229] [Server thread/INFO] [KubeJS Server/]: server_scripts:main.js#2: Hello, World! (Loaded server example script)
[03Oct2026 23:33:25.229] [Server thread/INFO] [KubeJS Server/]: Loaded script server_scripts:main.js in 0.0 s
[03Oct2026 23:33:25.229] [Server thread/INFO] [KubeJS Server/]: Loaded script server_scripts:pancake.js in 0.0 s
[03Oct2026 23:33:25.230] [Server thread/INFO] [KubeJS Server/]: Loaded script server_scripts:potato_chunks.js in 0.0 s
[03Oct2026 23:33:25.230] [Server thread/INFO] [KubeJS Server/]: Loaded script server_scripts:potstickers.js in 0.0 s
[03Oct2026 23:33:25.230] [Server thread/INFO] [KubeJS Server/]: Loaded script server_scripts:sausage.js in 0.0 s
[03Oct2026 23:33:25.230] [Server thread/INFO] [KubeJS Server/]: Loaded script server_scripts:sausage_casing.js in 0.0 s
[03Oct2026 23:33:25.231] [Server thread/INFO] [KubeJS Server/]: Loaded script server_scripts:spicy_crinkle_cut_fries.js in 0.001 s
[03Oct2026 23:33:25.231] [Server thread/INFO] [KubeJS Server/]: Loaded 11/11 KubeJS server scripts in 0.015 s with 0 errors and 0 warnings
[03Oct2026 23:33:25.231] [Server thread/INFO] [KubeJS/]: Loaded 14 data packs: vanilla, KubeJS Virtual Resource Pack [Before Mods, data], mod_data, mod/rhino, mod/kaleidoscope_cookery, mod/architectury, mod/neoforge, mod/kubejs, KubeJS Virtual Resource Pack [Internal, data], KubeJS Virtual Resource Pack [Registries, data], KubeJS Virtual Resource Pack [After Mods, data], KubeJS File Resource Pack [data], mod/kaleidoscope_snack, KubeJS Virtual Resource Pack [Last, data]
[03Oct2026 23:33:25.242] [Server thread/INFO] [KubeJS Server/]: Loaded script server_scripts:cooked_sausage.js in 0.0 s
[03Oct2026 23:33:25.242] [Server thread/INFO] [KubeJS Server/]: Loaded script server_scripts:grilled_squid.js in 0.0 s
[03Oct2026 23:33:25.242] [Server thread/INFO] [KubeJS Server/]: Loaded script server_scripts:ground_meat.js in 0.0 s
[03Oct2026 23:33:25.242] [Server thread/INFO] [KubeJS Server/]: Loaded script server_scripts:kaleidoscope_cookery.js in 0.0 s
[03Oct2026 23:33:25.242] [Server thread/INFO] [KubeJS Server/]: server_scripts:main.js#2: Hello, World! (Loaded server example script)
[03Oct2026 23:33:25.242] [Server thread/INFO] [KubeJS Server/]: Loaded script server_scripts:main.js in 0.0 s
[03Oct2026 23:33:25.242] [Server thread/INFO] [KubeJS Server/]: Loaded script server_scripts:pancake.js in 0.0 s
[03Oct2026 23:33:25.243] [Server thread/INFO] [KubeJS Server/]: Loaded script server_scripts:potato_chunks.js in 0.0 s
[03Oct2026 23:33:25.243] [Server thread/INFO] [KubeJS Server/]: Loaded script server_scripts:potstickers.js in 0.0 s
[03Oct2026 23:33:25.243] [Server thread/INFO] [KubeJS Server/]: Loaded script server_scripts:sausage.js in 0.0 s
[03Oct2026 23:33:25.243] [Server thread/INFO] [KubeJS Server/]: Loaded script server_scripts:sausage_casing.js in 0.0 s
[03Oct2026 23:33:25.243] [Server thread/INFO] [KubeJS Server/]: Loaded script server_scripts:spicy_crinkle_cut_fries.js in 0.0 s
[03Oct2026 23:33:25.244] [Server thread/INFO] [KubeJS Server/]: Loaded 11/11 KubeJS server scripts in 0.01 s with 0 errors and 0 warnings
[03Oct2026 23:33:25.578] [Server thread/INFO] [KubeJS Server/]: Processing recipes...
[03Oct2026 23:33:25.578] [Server thread/INFO] [KubeJS Server/]: Initializing recipe event...
[03Oct2026 23:33:25.623] [Server thread/INFO] [KubeJS Server/]: Found 1,902 recipes (skipped 0) in 43.29 ms
[03Oct2026 23:33:25.626] [Server thread/ERROR] [KubeJS Server/]: server_scripts:spicy_crinkle_cut_fries.js#4: Failed to create a 'kaleidoscope_cookery:pot' recipe from args [kaleidoscope_snack:spicy_crinkle_cut_fries, [kaleidoscope_snack:potato_chunks, kaleidoscope_snack:potato_chunks, kaleidoscope_snack:potato_chunks, kaleidoscope_cookery:red_chili, kaleidoscope_cookery:red_chili], 3.0, minecraft:bowl]: Unable to set 'carrier: optional_ingredient?' to '3.0' as 'optional_ingredient'! - Failed to read ingredient from 3.0: Could not parse input 3.0 for item stack
[03Oct2026 23:33:25.628] [Server thread/ERROR] [KubeJS Server/]: server_scripts:spicy_crinkle_cut_fries.js#18: Failed to create a 'kaleidoscope_cookery:pot' recipe from args [kaleidoscope_snack:spicy_crinkle_cut_fries, [kaleidoscope_snack:potato_chunks, kaleidoscope_snack:potato_chunks, kaleidoscope_snack:potato_chunks, kaleidoscope_cookery:red_chili, kaleidoscope_cookery:green_chili], 3.0, minecraft:bowl]: Unable to set 'carrier: optional_ingredient?' to '3.0' as 'optional_ingredient'! - Failed to read ingredient from 3.0: Could not parse input 3.0 for item stack
[03Oct2026 23:33:25.628] [Server thread/ERROR] [KubeJS Server/]: server_scripts:spicy_crinkle_cut_fries.js#32: Failed to create a 'kaleidoscope_cookery:pot' recipe from args [kaleidoscope_snack:spicy_crinkle_cut_fries, [kaleidoscope_snack:potato_chunks, kaleidoscope_snack:potato_chunks, kaleidoscope_snack:potato_chunks, kaleidoscope_cookery:green_chili, kaleidoscope_cookery:red_chili], 3.0, minecraft:bowl]: Unable to set 'carrier: optional_ingredient?' to '3.0' as 'optional_ingredient'! - Failed to read ingredient from 3.0: Could not parse input 3.0 for item stack
[03Oct2026 23:33:25.629] [Server thread/ERROR] [KubeJS Server/]: server_scripts:spicy_crinkle_cut_fries.js#46: Failed to create a 'kaleidoscope_cookery:pot' recipe from args [kaleidoscope_snack:spicy_crinkle_cut_fries, [kaleidoscope_snack:potato_chunks, kaleidoscope_snack:potato_chunks, kaleidoscope_snack:potato_chunks, kaleidoscope_cookery:green_chili, kaleidoscope_cookery:green_chili], 3.0, minecraft:bowl]: Unable to set 'carrier: optional_ingredient?' to '3.0' as 'optional_ingredient'! - Failed to read ingredient from 3.0: Could not parse input 3.0 for item stack
[03Oct2026 23:33:25.632] [Server thread/INFO] [KubeJS Server/]: Posted recipe events in 8 ms
[03Oct2026 23:33:25.635] [Server thread/INFO] [KubeJS Server/]: KubeJS modifications to recipe manager finished in 2.860 ms
[03Oct2026 23:33:25.665] [Server thread/INFO] [net.minecraft.world.item.crafting.RecipeManager/]: Loaded 1914 recipes
[03Oct2026 23:33:25.666] [Server thread/INFO] [KubeJS Server/]: Added 12 recipes, removed 0 recipes, modified 0 recipes, with 4 failed recipes taking 87 ms in total
[03Oct2026 23:33:25.724] [Server thread/INFO] [net.minecraft.advancements.AdvancementTree/]: Loaded 1572 advancements
[03Oct2026 23:33:25.726] [Server thread/INFO] [com.github.ysbbbbbb.kaleidoscopecookery.KaleidoscopeCookery/]: Successfully loaded millstone bindable data
[03Oct2026 23:33:25.727] [Server thread/INFO] [KubeJS/]: Closed KubeJS Virtual Resource Pack [Before Mods, data]
[03Oct2026 23:33:25.727] [Server thread/INFO] [KubeJS/]: Closed KubeJS Virtual Resource Pack [Internal, data]
[03Oct2026 23:33:25.727] [Server thread/INFO] [KubeJS/]: Closed KubeJS Virtual Resource Pack [Registries, data]
[03Oct2026 23:33:25.727] [Server thread/INFO] [KubeJS/]: Closed KubeJS Virtual Resource Pack [After Mods, data]
[03Oct2026 23:33:25.727] [Server thread/INFO] [KubeJS/]: Closed KubeJS Virtual Resource Pack [Last, data]
[03Oct2026 23:33:26.400] [Server thread/INFO] [KubeJS Server/]: Capturing errors for server scripts disabled
[03Oct2026 23:33:26.401] [Server thread/INFO] [net.minecraft.server.MinecraftServer/]: ! KubeJS errors found [4]!
[03Oct2026 23:33:26.402] [Server thread/INFO] [KubeJS Server/]: Server resource reload complete!
[03Oct2026 23:33:26.447] [Render thread/INFO] [net.minecraft.advancements.AdvancementTree/]: Loaded 142 advancements
[03Oct2026 23:33:26.448] [Render thread/INFO] [net.minecraft.client.gui.components.ChatComponent/]: [System] [CHAT] ! KubeJS errors found [4]!
[03Oct2026 23:34:37.744] [Server thread/INFO] [net.minecraft.server.MinecraftServer/]: [Dev: 重新加载中！]
[03Oct2026 23:34:37.747] [Server thread/INFO] [KubeJS Server/]: Capturing errors for server scripts enabled
[03Oct2026 23:34:37.747] [Render thread/INFO] [net.minecraft.client.gui.components.ChatComponent/]: [System] [CHAT] 重新加载中！
[03Oct2026 23:34:37.760] [Server thread/INFO] [KubeJS Server/]: Loaded script server_scripts:cooked_sausage.js in 0.002 s
[03Oct2026 23:34:37.760] [Server thread/INFO] [KubeJS Server/]: Loaded script server_scripts:grilled_squid.js in 0.0 s
[03Oct2026 23:34:37.760] [Server thread/INFO] [KubeJS Server/]: Loaded script server_scripts:ground_meat.js in 0.0 s
[03Oct2026 23:34:37.761] [Server thread/INFO] [KubeJS Server/]: Loaded script server_scripts:kaleidoscope_cookery.js in 0.0 s
[03Oct2026 23:34:37.761] [Server thread/INFO] [KubeJS Server/]: server_scripts:main.js#2: Hello, World! (Loaded server example script)
[03Oct2026 23:34:37.761] [Server thread/INFO] [KubeJS Server/]: Loaded script server_scripts:main.js in 0.0 s
[03Oct2026 23:34:37.761] [Server thread/INFO] [KubeJS Server/]: Loaded script server_scripts:pancake.js in 0.0 s
[03Oct2026 23:34:37.761] [Server thread/INFO] [KubeJS Server/]: Loaded script server_scripts:potato_chunks.js in 0.0 s
[03Oct2026 23:34:37.761] [Server thread/INFO] [KubeJS Server/]: Loaded script server_scripts:potstickers.js in 0.0 s
[03Oct2026 23:34:37.762] [Server thread/INFO] [KubeJS Server/]: Loaded script server_scripts:sausage.js in 0.0 s
[03Oct2026 23:34:37.763] [Server thread/INFO] [KubeJS Server/]: Loaded script server_scripts:sausage_casing.js in 0.0 s
[03Oct2026 23:34:37.763] [Server thread/INFO] [KubeJS Server/]: Loaded script server_scripts:spicy_crinkle_cut_fries.js in 0.0 s
[03Oct2026 23:34:37.763] [Server thread/INFO] [KubeJS Server/]: Loaded 11/11 KubeJS server scripts in 0.017 s with 0 errors and 0 warnings
[03Oct2026 23:34:37.763] [Server thread/INFO] [KubeJS/]: Loaded 14 data packs: vanilla, KubeJS Virtual Resource Pack [Before Mods, data], mod_data, mod/rhino, mod/kaleidoscope_cookery, mod/architectury, mod/neoforge, mod/kubejs, KubeJS Virtual Resource Pack [Internal, data], KubeJS Virtual Resource Pack [Registries, data], KubeJS Virtual Resource Pack [After Mods, data], KubeJS File Resource Pack [data], mod/kaleidoscope_snack, KubeJS Virtual Resource Pack [Last, data]
[03Oct2026 23:34:37.774] [Server thread/INFO] [KubeJS Server/]: Loaded script server_scripts:cooked_sausage.js in 0.0 s
[03Oct2026 23:34:37.774] [Server thread/INFO] [KubeJS Server/]: Loaded script server_scripts:grilled_squid.js in 0.0 s
[03Oct2026 23:34:37.775] [Server thread/INFO] [KubeJS Server/]: Loaded script server_scripts:ground_meat.js in 0.0 s
[03Oct2026 23:34:37.775] [Server thread/INFO] [KubeJS Server/]: Loaded script server_scripts:kaleidoscope_cookery.js in 0.0 s
[03Oct2026 23:34:37.775] [Server thread/INFO] [KubeJS Server/]: server_scripts:main.js#2: Hello, World! (Loaded server example script)
[03Oct2026 23:34:37.775] [Server thread/INFO] [KubeJS Server/]: Loaded script server_scripts:main.js in 0.0 s
[03Oct2026 23:34:37.775] [Server thread/INFO] [KubeJS Server/]: Loaded script server_scripts:pancake.js in 0.0 s
[03Oct2026 23:34:37.776] [Server thread/INFO] [KubeJS Server/]: Loaded script server_scripts:potato_chunks.js in 0.0 s
[03Oct2026 23:34:37.777] [Server thread/INFO] [KubeJS Server/]: Loaded script server_scripts:potstickers.js in 0.0 s
[03Oct2026 23:34:37.777] [Server thread/INFO] [KubeJS Server/]: Loaded script server_scripts:sausage.js in 0.0 s
[03Oct2026 23:34:37.778] [Server thread/INFO] [KubeJS Server/]: Loaded script server_scripts:sausage_casing.js in 0.001 s
[03Oct2026 23:34:37.778] [Server thread/INFO] [KubeJS Server/]: Loaded script server_scripts:spicy_crinkle_cut_fries.js in 0.0 s
[03Oct2026 23:34:37.778] [Server thread/INFO] [KubeJS Server/]: Loaded 11/11 KubeJS server scripts in 0.012 s with 0 errors and 0 warnings
[03Oct2026 23:34:38.113] [Server thread/INFO] [KubeJS Server/]: Processing recipes...
[03Oct2026 23:34:38.113] [Server thread/INFO] [KubeJS Server/]: Initializing recipe event...
[03Oct2026 23:34:38.158] [Server thread/INFO] [KubeJS Server/]: Found 1,902 recipes (skipped 0) in 44.05 ms
[03Oct2026 23:34:38.163] [Server thread/INFO] [KubeJS Server/]: Posted recipe events in 4 ms
[03Oct2026 23:34:38.166] [Server thread/INFO] [KubeJS Server/]: KubeJS modifications to recipe manager finished in 3.399 ms
[03Oct2026 23:34:38.197] [Server thread/INFO] [net.minecraft.world.item.crafting.RecipeManager/]: Loaded 1915 recipes
[03Oct2026 23:34:38.198] [Server thread/INFO] [KubeJS Server/]: Added 13 recipes, removed 0 recipes, modified 0 recipes, with 0 failed recipes taking 84 ms in total
[03Oct2026 23:34:38.253] [Server thread/INFO] [net.minecraft.advancements.AdvancementTree/]: Loaded 1572 advancements
[03Oct2026 23:34:38.255] [Server thread/INFO] [com.github.ysbbbbbb.kaleidoscopecookery.KaleidoscopeCookery/]: Successfully loaded millstone bindable data
[03Oct2026 23:34:38.256] [Server thread/INFO] [KubeJS/]: Closed KubeJS Virtual Resource Pack [Before Mods, data]
[03Oct2026 23:34:38.256] [Server thread/INFO] [KubeJS/]: Closed KubeJS Virtual Resource Pack [Internal, data]
[03Oct2026 23:34:38.257] [Server thread/INFO] [KubeJS/]: Closed KubeJS Virtual Resource Pack [Registries, data]
[03Oct2026 23:34:38.257] [Server thread/INFO] [KubeJS/]: Closed KubeJS Virtual Resource Pack [After Mods, data]
[03Oct2026 23:34:38.257] [Server thread/INFO] [KubeJS/]: Closed KubeJS Virtual Resource Pack [Last, data]
[03Oct2026 23:34:38.891] [Server thread/INFO] [KubeJS Server/]: Capturing errors for server scripts disabled
[03Oct2026 23:34:38.892] [Server thread/INFO] [net.minecraft.server.MinecraftServer/]: Reloaded with no KubeJS errors!
[03Oct2026 23:34:38.892] [Server thread/INFO] [KubeJS Server/]: Server resource reload complete!
[03Oct2026 23:34:38.957] [Render thread/INFO] [net.minecraft.advancements.AdvancementTree/]: Loaded 142 advancements
[03Oct2026 23:34:38.958] [Render thread/INFO] [net.minecraft.client.gui.components.ChatComponent/]: [System] [CHAT] Reloaded with no KubeJS errors!
[03Oct2026 23:35:00.909] [Server thread/INFO] [net.minecraft.server.MinecraftServer/]: Dev取得了进度[绝代双椒]
[03Oct2026 23:35:00.912] [Render thread/INFO] [net.minecraft.client.gui.components.ChatComponent/]: [System] [CHAT] Dev取得了进度[绝代双椒]
[03Oct2026 23:35:00.954] [Render thread/INFO] [net.minecraft.advancements.AdvancementTree/]: Loaded 144 advancements
[03Oct2026 23:35:25.944] [Server thread/INFO] [net.minecraft.server.MinecraftServer/]: [Dev: 已将自己的游戏模式设置为生存模式]
[03Oct2026 23:35:25.946] [Render thread/INFO] [net.minecraft.client.gui.components.ChatComponent/]: [System] [CHAT] 已将自己的游戏模式设置为生存模式
[03Oct2026 23:35:26.986] [Server thread/INFO] [net.minecraft.client.server.IntegratedServer/]: Saving and pausing game...
[03Oct2026 23:35:27.012] [Server thread/INFO] [net.minecraft.server.MinecraftServer/]: Saving chunks for level 'ServerLevel[新的世界]'/minecraft:overworld
[03Oct2026 23:35:27.013] [Server thread/INFO] [net.minecraft.server.MinecraftServer/]: Saving chunks for level 'ServerLevel[新的世界]'/minecraft:the_nether
[03Oct2026 23:35:27.013] [Server thread/INFO] [net.minecraft.server.MinecraftServer/]: Saving chunks for level 'ServerLevel[新的世界]'/minecraft:the_end
[03Oct2026 23:35:27.015] [Server thread/DEBUG] [net.neoforged.neoforge.common.CommonHooks/WP]: Gathered mod list to write to world save 新的世界
[03Oct2026 23:35:35.094] [Server thread/INFO] [net.minecraft.server.MinecraftServer/]: [Dev: 已将自己的游戏模式设置为创造模式]
[03Oct2026 23:35:35.099] [Render thread/INFO] [net.minecraft.client.gui.components.ChatComponent/]: [System] [CHAT] 已将自己的游戏模式设置为创造模式
[03Oct2026 23:35:40.623] [Server thread/DEBUG] [net.neoforged.neoforge.common.CommonHooks/WP]: Gathered mod list to write to world save 新的世界
[03Oct2026 23:35:58.936] [Server thread/INFO] [net.minecraft.client.server.IntegratedServer/]: Saving and pausing game...
[03Oct2026 23:35:58.962] [Server thread/INFO] [net.minecraft.server.MinecraftServer/]: Saving chunks for level 'ServerLevel[新的世界]'/minecraft:overworld
[03Oct2026 23:35:58.964] [Server thread/INFO] [net.minecraft.server.MinecraftServer/]: Saving chunks for level 'ServerLevel[新的世界]'/minecraft:the_nether
[03Oct2026 23:35:58.964] [Server thread/INFO] [net.minecraft.server.MinecraftServer/]: Saving chunks for level 'ServerLevel[新的世界]'/minecraft:the_end
[03Oct2026 23:35:58.966] [Server thread/DEBUG] [net.neoforged.neoforge.common.CommonHooks/WP]: Gathered mod list to write to world save 新的世界
[03Oct2026 23:44:59.751] [Server thread/DEBUG] [net.neoforged.neoforge.common.CommonHooks/WP]: Gathered mod list to write to world save 新的世界
